-- phpMyAdmin SQL Dump
-- version 5.1.1
-- https://www.phpmyadmin.net/
--
-- Host: localhost
-- Generation Time: Feb 23, 2022 at 09:52 AM
-- Server version: 10.4.21-MariaDB
-- PHP Version: 8.1.0

SET SQL_MODE = "NO_AUTO_VALUE_ON_ZERO";
START TRANSACTION;
SET time_zone = "+00:00";


/*!40101 SET @OLD_CHARACTER_SET_CLIENT=@@CHARACTER_SET_CLIENT */;
/*!40101 SET @OLD_CHARACTER_SET_RESULTS=@@CHARACTER_SET_RESULTS */;
/*!40101 SET @OLD_COLLATION_CONNECTION=@@COLLATION_CONNECTION */;
/*!40101 SET NAMES utf8mb4 */;

--
-- Database: `flamboyant`
--
CREATE DATABASE IF NOT EXISTS `flamboyant` DEFAULT CHARACTER SET utf8mb4 COLLATE utf8mb4_general_ci;
USE `flamboyant`;

-- --------------------------------------------------------

--
-- Table structure for table `cart`
--

DROP TABLE IF EXISTS `cart`;
CREATE TABLE `cart` (
  `id` int(11) NOT NULL,
  `created_at` datetime NOT NULL,
  `product_id` int(11) UNSIGNED DEFAULT NULL,
  `user_id` int(11) UNSIGNED DEFAULT NULL
) ENGINE=InnoDB DEFAULT CHARSET=utf8mb4;

-- --------------------------------------------------------

--
-- Table structure for table `discount`
--

DROP TABLE IF EXISTS `discount`;
CREATE TABLE `discount` (
  `id` int(11) NOT NULL,
  `name` varchar(30) NOT NULL,
  `descp` varchar(50) NOT NULL,
  `price` int(11) NOT NULL,
  `valid` int(11) NOT NULL
) ENGINE=InnoDB DEFAULT CHARSET=utf8mb4;

-- --------------------------------------------------------

--
-- Table structure for table `discount_ticket`
--

DROP TABLE IF EXISTS `discount_ticket`;
CREATE TABLE `discount_ticket` (
  `id` int(11) NOT NULL,
  `created_at` datetime NOT NULL,
  `expired_at` datetime NOT NULL,
  `discount_id` int(11) NOT NULL,
  `user_id` int(11) NOT NULL
) ENGINE=InnoDB DEFAULT CHARSET=utf8mb4;

-- --------------------------------------------------------

--
-- Table structure for table `download`
--

DROP TABLE IF EXISTS `download`;
CREATE TABLE `download` (
  `id` int(11) NOT NULL,
  `status` int(11) NOT NULL,
  `created_at` datetime NOT NULL,
  `user_id` int(11) NOT NULL
) ENGINE=InnoDB DEFAULT CHARSET=utf8mb4;

-- --------------------------------------------------------

--
-- Table structure for table `orders`
--

DROP TABLE IF EXISTS `orders`;
CREATE TABLE `orders` (
  `id` int(11) NOT NULL,
  `number` varchar(50) DEFAULT NULL,
  `product_name` varchar(50) DEFAULT NULL,
  `product_img` varchar(50) DEFAULT NULL,
  `products_total` int(11) DEFAULT NULL,
  `price_origin` int(11) DEFAULT NULL,
  `price_discount` int(11) DEFAULT NULL,
  `price_total` int(11) DEFAULT NULL,
  `payment_method` varchar(11) DEFAULT NULL,
  `user_name` varchar(50) DEFAULT NULL,
  `user_email` varchar(50) DEFAULT NULL,
  `created_at` date DEFAULT NULL,
  `order_status_id` int(11) DEFAULT NULL,
  `product_id` int(11) DEFAULT NULL,
  `user_id` int(11) DEFAULT NULL
) ENGINE=InnoDB DEFAULT CHARSET=utf8mb4;

--
-- Dumping data for table `orders`
--

INSERT INTO `orders` (`id`, `number`, `product_name`, `product_img`, `products_total`, `price_origin`, `price_discount`, `price_total`, `payment_method`, `user_name`, `user_email`, `created_at`, `order_status_id`, `product_id`, `user_id`) VALUES
(1, '4406695249', 'Juice - Apple, 1.36l', 'http://dummyimage.com/127x100.png/dddddd/000000', 4, 175, 5, 75, 'Credit Card', 'bpatley0', 'drive0@meetup.com', '2022-01-29', 2, 181, 92),
(2, '8094080655', 'Pork - Backs - Boneless', 'http://dummyimage.com/246x100.png/dddddd/000000', 2, 174, 3, 99, 'Apple Pay', 'kdewick1', 'bcathenod1@tmall.com', '2021-09-17', 6, 148, 237),
(3, '1089386478', 'Soup - Knorr, Classic Can. Chili', 'http://dummyimage.com/226x100.png/ff4444/ffffff', 6, 63, 3, 140, 'Credit Card', 'drudyard2', 'sfealty2@elpais.com', '2021-05-13', 5, 163, 44),
(4, '7309570634', 'V8 Pet', 'http://dummyimage.com/180x100.png/cc0000/ffffff', 9, 46, 12, 71, '7-11 代碼繳費', 'tworland3', 'bmartugin3@paginegialle.it', '2021-10-26', 1, 138, 204),
(5, '0625535839', 'Garam Marsala', 'http://dummyimage.com/123x100.png/cc0000/ffffff', 5, 104, 16, 44, '', 'noldford4', 'mdeantoni4@tmall.com', '2021-08-22', 6, 180, 99),
(6, '5655314096', 'Pork - Back Ribs', 'http://dummyimage.com/168x100.png/ff4444/ffffff', 7, 45, 4, 140, '7-11 代碼繳費', 'llaughlin5', 'adraycott5@people.com.cn', '2021-10-29', 2, 247, 192),
(7, '5378118581', 'Cheese - Parmigiano Reggiano', 'http://dummyimage.com/148x100.png/cc0000/ffffff', 3, 65, 10, 57, '', 'thalcro6', 'jdunkerley6@businessinsider.com', '2021-07-16', 3, 125, 212),
(8, '0256867763', 'Gatorade - Fruit Punch', 'http://dummyimage.com/121x100.png/cc0000/ffffff', 5, 160, 12, 9, 'Credit Card', 'fbirtley7', 'tfrusher7@linkedin.com', '2021-10-31', 4, 35, 176),
(9, '7231580602', 'Beets - Golden', 'http://dummyimage.com/202x100.png/dddddd/000000', 9, 40, 12, 145, 'Google Pay', 'jmcamish8', 'dstobo8@github.com', '2021-03-08', 2, 208, 39),
(10, '9523154052', 'Pop - Club Soda Can', 'http://dummyimage.com/209x100.png/5fa2dd/ffffff', 6, 112, 16, 92, 'Credit Card', 'rpigne9', 'obrittian9@list-manage.com', '2021-08-25', 4, 24, 46),
(11, '2832572111', 'Longos - Assorted Sandwich', 'http://dummyimage.com/170x100.png/cc0000/ffffff', 8, 124, 13, 28, 'Credit Card', 'eciania', 'psarvara@histats.com', '2021-10-20', 4, 138, 148),
(12, '2868933734', 'Apple - Delicious, Red', 'http://dummyimage.com/179x100.png/cc0000/ffffff', 8, 109, 5, 157, 'Google Pay', 'dtownsb', 'rbrimmb@yellowpages.com', '2021-09-19', 6, 106, 87),
(13, '8656138197', 'Yogurt - Plain', 'http://dummyimage.com/232x100.png/dddddd/000000', 7, 67, 18, 65, '', 'rstallenc', 'gwennamc@mozilla.com', '2021-08-20', 6, 56, 193),
(14, '2210677025', 'Muffin Hinge 117n', 'http://dummyimage.com/163x100.png/ff4444/ffffff', 1, 167, 11, 25, '7-11 代碼繳費', 'bpignyd', 'lronaldd@yandex.ru', '2021-12-08', 3, 223, 43),
(15, '7736103798', 'Lid - Translucent, 3.5 And 6 Oz', 'http://dummyimage.com/191x100.png/ff4444/ffffff', 1, 193, 16, 140, 'Apple Pay', 'elightewoode', 'mrignalle@qq.com', '2021-03-20', 1, 60, 246),
(16, '5729139012', 'Duck - Legs', 'http://dummyimage.com/169x100.png/ff4444/ffffff', 4, 137, 7, 32, 'Credit Card', 'anewberyf', 'iodeveyf@npr.org', '2021-12-27', 2, 102, 14),
(17, '2277906336', 'Wine - Rhine Riesling Wolf Blass', 'http://dummyimage.com/162x100.png/ff4444/ffffff', 4, 172, 15, 40, 'Credit Card', 'tiacopinig', 'fchatwoodg@mayoclinic.com', '2021-03-12', 6, 146, 21),
(18, '6014401199', 'Salt - Sea', 'http://dummyimage.com/125x100.png/cc0000/ffffff', 8, 52, 17, 161, '', 'sspellissyh', 'rbelvardh@exblog.jp', '2021-07-23', 2, 238, 110),
(19, '1921937181', 'Lobster - Canned Premium', 'http://dummyimage.com/233x100.png/ff4444/ffffff', 7, 138, 12, 157, 'Google Pay', 'dtruitti', 'hrevilli@aboutads.info', '2021-12-02', 6, 246, 133),
(20, '4882524805', 'Tequila Rose Cream Liquor', 'http://dummyimage.com/179x100.png/cc0000/ffffff', 4, 16, 8, 12, 'Google Pay', 'mstokoej', 'sjurczikj@time.com', '2022-01-03', 1, 225, 51),
(21, '6018028867', 'Beef - Top Sirloin - Aaa', 'http://dummyimage.com/243x100.png/5fa2dd/ffffff', 9, 107, 9, 34, '', 'abarckek', 'asteningk@slashdot.org', '2021-06-20', 3, 40, 54),
(22, '4421483206', 'Steampan - Half Size Shallow', 'http://dummyimage.com/248x100.png/ff4444/ffffff', 7, 42, 19, 13, 'Google Pay', 'rsievel', 'jfarmarl@barnesandnoble.com', '2021-12-27', 2, 56, 41),
(23, '1401968937', 'Chicken - Leg / Back Attach', 'http://dummyimage.com/240x100.png/5fa2dd/ffffff', 4, 169, 16, 150, 'Apple Pay', 'blarretm', 'smaddysonm@unesco.org', '2022-01-30', 6, 34, 163),
(24, '2235025196', 'English Muffin', 'http://dummyimage.com/213x100.png/ff4444/ffffff', 1, 197, 19, 39, '', 'cmonellin', 'hbeern@tumblr.com', '2021-08-14', 2, 186, 55),
(25, '8840173218', 'Wine - Niagara,vqa Reisling', 'http://dummyimage.com/170x100.png/cc0000/ffffff', 7, 19, 13, 52, '7-11 代碼繳費', 'spatricko', 'abedsono@howstuffworks.com', '2021-05-31', 3, 113, 198),
(26, '7883150871', 'Butcher Twine 4r', 'http://dummyimage.com/227x100.png/5fa2dd/ffffff', 1, 99, 3, 105, '7-11 代碼繳費', 'jwickersonp', 'ckidgellp@java.com', '2021-09-07', 2, 60, 129),
(27, '5168795382', 'Cake - Pancake', 'http://dummyimage.com/146x100.png/dddddd/000000', 3, 24, 17, 170, '', 'mdeyenhardtq', 'dwalderq@engadget.com', '2021-05-20', 5, 226, 222),
(28, '4394019362', 'Coffee - Ristretto Coffee Capsule', 'http://dummyimage.com/182x100.png/ff4444/ffffff', 5, 123, 7, 101, 'Credit Card', 'alandersr', 'cbursnollr@macromedia.com', '2021-04-29', 4, 113, 203),
(29, '0660563770', 'Tomatoes - Diced, Canned', 'http://dummyimage.com/219x100.png/ff4444/ffffff', 5, 88, 15, 102, '7-11 代碼繳費', 'fcarletts', 'heyerss@webs.com', '2022-01-06', 5, 131, 248),
(30, '8097292262', 'Tea - Herbal - 6 Asst', 'http://dummyimage.com/173x100.png/5fa2dd/ffffff', 7, 164, 15, 139, '', 'mspatarit', 'alaugat@google.es', '2021-09-12', 2, 17, 151),
(31, '8612443458', 'Compound - Passion Fruit', 'http://dummyimage.com/144x100.png/cc0000/ffffff', 9, 71, 16, 38, 'Credit Card', 'zfedderu', 'thaighu@bandcamp.com', '2021-09-11', 2, 77, 174),
(32, '9010619362', 'Pork - Chop, Frenched', 'http://dummyimage.com/107x100.png/5fa2dd/ffffff', 2, 41, 10, 137, 'Credit Card', 'camossv', 'hadawayv@phpbb.com', '2021-12-29', 1, 88, 123),
(33, '5194452861', 'Kohlrabi', 'http://dummyimage.com/242x100.png/dddddd/000000', 5, 87, 6, 102, 'Credit Card', 'eblinckow', 'imcfarlanw@github.com', '2021-07-06', 2, 6, 145),
(34, '6812845965', 'Anisette - Mcguiness', 'http://dummyimage.com/136x100.png/cc0000/ffffff', 8, 185, 3, 45, 'Google Pay', 'sclemersonx', 'gdunkx@4shared.com', '2021-06-28', 5, 245, 101),
(35, '1818835010', 'Mangostein', 'http://dummyimage.com/200x100.png/dddddd/000000', 1, 108, 5, 145, 'Google Pay', 'fcussinsy', 'avanarsdally@about.me', '2021-04-22', 1, 123, 26),
(36, '2254924249', 'Puree - Passion Fruit', 'http://dummyimage.com/144x100.png/dddddd/000000', 9, 146, 9, 113, 'Apple Pay', 'ldealeyz', 'esaltwellz@thetimes.co.uk', '2021-08-07', 1, 30, 36),
(37, '2822007934', 'Bread - Onion Focaccia', 'http://dummyimage.com/183x100.png/5fa2dd/ffffff', 8, 40, 11, 122, '7-11 代碼繳費', 'ceich10', 'roxborrow10@marriott.com', '2021-11-13', 5, 117, 92),
(38, '9505474318', 'Cactus Pads', 'http://dummyimage.com/111x100.png/dddddd/000000', 4, 63, 18, 89, 'Apple Pay', 'mlesieur11', 'zsibbit11@t-online.de', '2021-06-01', 5, 16, 102),
(39, '8049898768', 'Bread - Rosemary Focaccia', 'http://dummyimage.com/187x100.png/cc0000/ffffff', 4, 49, 14, 104, '7-11 代碼繳費', 'eexell12', 'awellings12@arstechnica.com', '2021-06-14', 2, 4, 137),
(40, '5231682993', 'Skewers - Bamboo', 'http://dummyimage.com/153x100.png/cc0000/ffffff', 5, 27, 12, 104, 'Credit Card', 'bstailey13', 'gende13@indiatimes.com', '2021-08-06', 2, 148, 7),
(41, '7537630933', 'Eggplant - Regular', 'http://dummyimage.com/126x100.png/ff4444/ffffff', 7, 196, 6, 178, '7-11 代碼繳費', 'mheymann14', 'cpizer14@shinystat.com', '2022-02-01', 2, 58, 18),
(42, '2343659249', 'Beef - Salted', 'http://dummyimage.com/177x100.png/ff4444/ffffff', 7, 47, 6, 155, 'Apple Pay', 'bmapstone15', 'cvellden15@wufoo.com', '2021-05-02', 4, 173, 178),
(43, '2322492760', 'Vinegar - Tarragon', 'http://dummyimage.com/171x100.png/dddddd/000000', 8, 124, 4, 150, '', 'fhaughin16', 'dbrownstein16@army.mil', '2021-03-04', 6, 169, 39),
(44, '4910862420', 'Sprouts - Bean', 'http://dummyimage.com/115x100.png/5fa2dd/ffffff', 4, 58, 11, 93, '7-11 代碼繳費', 'gpelz17', 'nharmant17@nature.com', '2021-08-31', 4, 34, 200),
(45, '4167245140', 'Bread - Rolls, Rye', 'http://dummyimage.com/227x100.png/ff4444/ffffff', 9, 88, 3, 21, 'Credit Card', 'cnutting18', 'wandreichik18@whitehouse.gov', '2022-01-27', 6, 11, 10),
(46, '8555334500', 'Dragon Fruit', 'http://dummyimage.com/179x100.png/5fa2dd/ffffff', 9, 149, 7, 157, 'Credit Card', 'agoing19', 'cchansonnau19@plala.or.jp', '2021-09-19', 3, 131, 3),
(47, '6880418562', 'Spoon - Soup, Plastic', 'http://dummyimage.com/213x100.png/5fa2dd/ffffff', 2, 105, 5, 168, 'Google Pay', 'srawsthorn1a', 'olamperti1a@yellowpages.com', '2022-02-11', 2, 249, 74),
(48, '5154409132', 'Tomato - Green', 'http://dummyimage.com/196x100.png/dddddd/000000', 7, 183, 10, 79, 'Credit Card', 'rgurton1b', 'tvandevlies1b@goodreads.com', '2022-01-26', 2, 183, 60),
(49, '3048484191', 'Chocolate - Dark Callets', 'http://dummyimage.com/204x100.png/ff4444/ffffff', 2, 91, 5, 42, '', 'mpudding1c', 'emcilharga1c@weibo.com', '2022-01-18', 4, 169, 152),
(50, '5430508136', 'Sugar - Fine', 'http://dummyimage.com/197x100.png/5fa2dd/ffffff', 9, 156, 3, 150, '', 'kgriffoen1d', 'wcarrell1d@deviantart.com', '2021-07-17', 5, 230, 103),
(51, '8013556085', 'Soup Campbells - Tomato Bisque', 'http://dummyimage.com/114x100.png/5fa2dd/ffffff', 6, 11, 7, 13, '', 'ibiddles1e', 'atythe1e@sina.com.cn', '2021-09-06', 4, 226, 52),
(52, '1734790385', 'Bread - French Stick', 'http://dummyimage.com/196x100.png/ff4444/ffffff', 3, 131, 6, 52, '7-11 代碼繳費', 'wmanifield1f', 'aebenezer1f@hibu.com', '2021-09-23', 6, 186, 225),
(53, '2732747033', 'Asparagus - Frozen', 'http://dummyimage.com/216x100.png/dddddd/000000', 4, 159, 18, 102, 'Google Pay', 'zlongshaw1g', 'rbassett1g@smugmug.com', '2021-02-25', 1, 133, 214),
(54, '1616037970', 'Ham - Black Forest', 'http://dummyimage.com/218x100.png/cc0000/ffffff', 3, 11, 13, 62, '7-11 代碼繳費', 'ngethin1h', 'mguswell1h@dot.gov', '2021-06-19', 1, 6, 117),
(55, '9374618745', 'Split Peas - Green, Dry', 'http://dummyimage.com/114x100.png/ff4444/ffffff', 5, 96, 14, 123, '', 'kconn1i', 'cbudden1i@surveymonkey.com', '2021-05-26', 5, 96, 106),
(56, '5782362529', 'Wine - Sherry Dry Sack, William', 'http://dummyimage.com/124x100.png/ff4444/ffffff', 6, 188, 6, 92, 'Credit Card', 'kpedroni1j', 'nduffit1j@irs.gov', '2021-03-18', 5, 74, 114),
(57, '2447759169', 'Amaretto', 'http://dummyimage.com/129x100.png/dddddd/000000', 1, 173, 8, 158, 'Google Pay', 'gbettam1k', 'mpatey1k@php.net', '2021-07-06', 3, 225, 215),
(58, '9569520833', 'Dragon Fruit', 'http://dummyimage.com/184x100.png/5fa2dd/ffffff', 9, 34, 9, 54, 'Google Pay', 'tmcdool1l', 'rgidden1l@google.ru', '2021-02-21', 3, 228, 151),
(59, '1895328004', 'Table Cloth 81x81 White', 'http://dummyimage.com/144x100.png/5fa2dd/ffffff', 6, 11, 18, 89, 'Google Pay', 'gnelm1m', 'sclibbery1m@desdev.cn', '2021-04-18', 6, 21, 54),
(60, '1974834107', 'Sprouts - Pea', 'http://dummyimage.com/116x100.png/ff4444/ffffff', 6, 172, 7, 161, '7-11 代碼繳費', 'hcourtenay1n', 'mjirak1n@seattletimes.com', '2022-02-11', 4, 31, 42),
(61, '6495376626', 'Snapple - Iced Tea Peach', 'http://dummyimage.com/246x100.png/5fa2dd/ffffff', 4, 172, 15, 32, 'Google Pay', 'dknok1o', 'ipllu1o@symantec.com', '2021-05-17', 4, 179, 16),
(62, '3110130092', 'Flour Pastry Super Fine', 'http://dummyimage.com/160x100.png/cc0000/ffffff', 4, 173, 5, 155, 'Google Pay', 'tborgnet1p', 'ccreed1p@forbes.com', '2021-12-03', 1, 81, 216),
(63, '7359255686', 'Bread - Bagels, Plain', 'http://dummyimage.com/108x100.png/ff4444/ffffff', 6, 160, 5, 107, 'Apple Pay', 'kworkman1q', 'bscholfield1q@reddit.com', '2021-05-01', 3, 204, 101),
(64, '9225279329', 'Bread - Rye', 'http://dummyimage.com/186x100.png/ff4444/ffffff', 5, 103, 10, 141, 'Apple Pay', 'lbernini1r', 'ocrigin1r@cam.ac.uk', '2021-04-16', 4, 52, 132),
(65, '5372607831', 'Bread Base - Goodhearth', 'http://dummyimage.com/233x100.png/cc0000/ffffff', 9, 166, 17, 89, 'Apple Pay', 'cswait1s', 'sklimsch1s@si.edu', '2021-07-18', 4, 208, 77),
(66, '9312667882', 'Pepper - White, Whole', 'http://dummyimage.com/161x100.png/5fa2dd/ffffff', 4, 167, 15, 58, 'Credit Card', 'gwoller1t', 'eheckner1t@xrea.com', '2021-04-07', 2, 13, 56),
(67, '2010272471', 'Sprouts - Peppercress', 'http://dummyimage.com/115x100.png/5fa2dd/ffffff', 7, 155, 3, 167, 'Apple Pay', 'asheers1u', 'sdirocca1u@yellowbook.com', '2021-03-18', 3, 118, 103),
(68, '7571598087', 'Bag - Regular Kraft 20 Lb', 'http://dummyimage.com/159x100.png/5fa2dd/ffffff', 5, 108, 7, 129, '7-11 代碼繳費', 'glouder1v', 'lbinks1v@vk.com', '2021-06-10', 3, 145, 231),
(69, '5927344577', 'Lemonade - Pineapple Passion', 'http://dummyimage.com/129x100.png/cc0000/ffffff', 1, 58, 17, 167, 'Credit Card', 'lyandle1w', 'bshalliker1w@w3.org', '2022-02-02', 3, 135, 212),
(70, '0247086495', 'Beer - Fruli', 'http://dummyimage.com/170x100.png/ff4444/ffffff', 6, 45, 8, 38, 'Apple Pay', 'acrossfield1x', 'ecampany1x@about.me', '2021-11-20', 3, 100, 189),
(71, '2983846997', 'Brandy Apricot', 'http://dummyimage.com/124x100.png/ff4444/ffffff', 4, 179, 9, 32, '7-11 代碼繳費', 'cslaughter1y', 'sgager1y@tinypic.com', '2021-10-12', 1, 212, 43),
(72, '8799258595', 'Cheese - Colby', 'http://dummyimage.com/196x100.png/dddddd/000000', 2, 167, 13, 148, 'Apple Pay', 'rgaye1z', 'vshasnan1z@narod.ru', '2022-01-22', 4, 37, 30),
(73, '8738106035', 'Quail Eggs - Canned', 'http://dummyimage.com/208x100.png/ff4444/ffffff', 8, 64, 3, 113, 'Google Pay', 'hmalyon20', 'vcuffe20@oaic.gov.au', '2022-01-07', 2, 246, 232),
(74, '5004482969', 'Cookie Trail Mix', 'http://dummyimage.com/207x100.png/5fa2dd/ffffff', 5, 172, 13, 65, '', 'bmccurtain21', 'bbernardi21@amazon.co.uk', '2021-12-15', 5, 88, 197),
(75, '9377541182', 'Doilies - 10, Paper', 'http://dummyimage.com/163x100.png/cc0000/ffffff', 5, 168, 13, 15, 'Credit Card', 'gwimpey22', 'sgiddins22@wix.com', '2021-08-29', 5, 144, 63),
(76, '9831462335', 'Sobe - Liz Blizz', 'http://dummyimage.com/218x100.png/dddddd/000000', 9, 34, 8, 88, '', 'mkelby23', 'durian23@auda.org.au', '2021-08-04', 5, 160, 238),
(77, '8315777610', 'Milkettes - 2%', 'http://dummyimage.com/141x100.png/5fa2dd/ffffff', 5, 24, 12, 142, '', 'bfranzewitch24', 'eglowinski24@npr.org', '2022-02-12', 2, 220, 154),
(78, '7188581789', 'Mussels - Cultivated', 'http://dummyimage.com/121x100.png/dddddd/000000', 9, 11, 12, 44, 'Credit Card', 'oderrington25', 'nkernan25@dailymail.co.uk', '2021-08-13', 4, 102, 114),
(79, '1311263101', 'Broom Handle', 'http://dummyimage.com/236x100.png/5fa2dd/ffffff', 2, 81, 11, 69, '', 'dlemmertz26', 'cpiel26@bloglines.com', '2021-03-12', 4, 127, 230),
(80, '1832385647', 'Veal - Leg, Provimi - 50 Lb Max', 'http://dummyimage.com/184x100.png/5fa2dd/ffffff', 8, 152, 9, 22, 'Google Pay', 'graddon27', 'nsparshett27@comsenz.com', '2021-08-27', 1, 39, 86),
(81, '9239672583', 'Danishes - Mini Raspberry', 'http://dummyimage.com/180x100.png/cc0000/ffffff', 6, 18, 12, 47, 'Apple Pay', 'cduffil28', 'ntschirschky28@sohu.com', '2021-06-13', 3, 90, 66),
(82, '0215832574', 'Oregano - Dry, Rubbed', 'http://dummyimage.com/122x100.png/5fa2dd/ffffff', 5, 73, 6, 59, 'Credit Card', 'fhegges29', 'gcoundley29@utexas.edu', '2022-02-13', 3, 39, 215),
(83, '4665146802', 'Bread Fig And Almond', 'http://dummyimage.com/116x100.png/5fa2dd/ffffff', 5, 184, 11, 15, 'Credit Card', 'amosconi2a', 'kgrisewood2a@booking.com', '2021-04-03', 4, 230, 86),
(84, '1865667722', 'Peas - Frozen', 'http://dummyimage.com/109x100.png/ff4444/ffffff', 7, 153, 9, 81, 'Credit Card', 'klowndsbrough2b', 'fpanchin2b@stanford.edu', '2022-02-14', 2, 184, 52),
(85, '0647171449', 'Tahini Paste', 'http://dummyimage.com/103x100.png/5fa2dd/ffffff', 3, 135, 5, 9, '7-11 代碼繳費', 'cbushnell2c', 'rfarbrother2c@abc.net.au', '2021-10-14', 5, 207, 202),
(86, '0947709002', 'Cookie - Dough Variety', 'http://dummyimage.com/198x100.png/ff4444/ffffff', 8, 29, 19, 113, 'Google Pay', 'freddoch2d', 'prickert2d@devhub.com', '2022-01-21', 3, 237, 67),
(87, '8695637107', 'Kiwi', 'http://dummyimage.com/102x100.png/cc0000/ffffff', 4, 119, 15, 25, 'Apple Pay', 'rmarciskewski2e', 'cyegorkin2e@wsj.com', '2021-08-15', 1, 194, 244),
(88, '6611521321', 'Shark - Loin', 'http://dummyimage.com/185x100.png/ff4444/ffffff', 4, 115, 9, 95, 'Apple Pay', 'cjaycocks2f', 'tmoyse2f@oracle.com', '2021-06-27', 6, 208, 212),
(89, '1633999831', 'Club Soda - Schweppes, 355 Ml', 'http://dummyimage.com/200x100.png/dddddd/000000', 4, 161, 15, 141, '7-11 代碼繳費', 'tlikly2g', 'asilly2g@imgur.com', '2021-12-07', 6, 128, 141),
(90, '5090707065', 'Venison - Racks Frenched', 'http://dummyimage.com/226x100.png/dddddd/000000', 3, 125, 5, 166, 'Apple Pay', 'imckeney2h', 'zheinzel2h@icq.com', '2021-06-02', 3, 90, 132),
(91, '0017081181', 'Muffin - Mix - Bran And Maple 15l', 'http://dummyimage.com/206x100.png/dddddd/000000', 2, 73, 6, 137, '', 'gbradford2i', 'jgotecliffe2i@apache.org', '2021-04-29', 6, 179, 215),
(92, '0869429892', 'Mushroom - Shitake, Dry', 'http://dummyimage.com/129x100.png/5fa2dd/ffffff', 7, 146, 18, 157, 'Google Pay', 'ntirte2j', 'vhutson2j@livejournal.com', '2021-04-01', 3, 228, 174),
(93, '9171396861', 'Pork - Tenderloin, Frozen', 'http://dummyimage.com/216x100.png/cc0000/ffffff', 2, 22, 14, 113, 'Credit Card', 'dblindmann2k', 'hfoale2k@networksolutions.com', '2021-02-20', 1, 186, 139),
(94, '9223640547', 'Wine - White, Schroder And Schyl', 'http://dummyimage.com/102x100.png/dddddd/000000', 2, 130, 8, 37, '7-11 代碼繳費', 'khegg2l', 'ebruckent2l@gov.uk', '2021-11-20', 1, 182, 161),
(95, '6700602092', 'Onions - Vidalia', 'http://dummyimage.com/241x100.png/ff4444/ffffff', 7, 74, 18, 167, 'Google Pay', 'leloi2m', 'fperkinson2m@jiathis.com', '2021-11-19', 6, 101, 64),
(96, '3898594785', 'Grenadine', 'http://dummyimage.com/212x100.png/ff4444/ffffff', 2, 118, 9, 167, '7-11 代碼繳費', 'dmarquand2n', 'meicke2n@army.mil', '2021-11-29', 5, 44, 205),
(97, '4226230833', 'Beef - Kindney, Whole', 'http://dummyimage.com/156x100.png/5fa2dd/ffffff', 6, 24, 19, 57, '', 'cquickenden2o', 'pcoger2o@com.com', '2021-10-30', 1, 124, 184),
(98, '3343135100', 'Rice - Sushi', 'http://dummyimage.com/101x100.png/cc0000/ffffff', 8, 150, 3, 147, '', 'achadwick2p', 'sgrix2p@domainmarket.com', '2021-12-19', 2, 186, 203),
(99, '9384228079', 'Ecolab - Hobart Washarm End Cap', 'http://dummyimage.com/187x100.png/dddddd/000000', 6, 90, 5, 21, 'Google Pay', 'zomullaney2q', 'pmooreed2q@google.com.au', '2022-02-03', 2, 12, 64),
(100, '3418108024', 'Coffee - Irish Cream', 'http://dummyimage.com/103x100.png/cc0000/ffffff', 7, 192, 5, 116, '', 'nbims2r', 'ereast2r@naver.com', '2021-04-03', 2, 88, 100),
(101, '6463511544', 'Beer - Mill St Organic', 'http://dummyimage.com/198x100.png/dddddd/000000', 1, 181, 3, 17, 'Credit Card', 'blemon2s', 'elawrenson2s@cbsnews.com', '2021-07-09', 3, 104, 89),
(102, '9464513055', 'Sugar - Cubes', 'http://dummyimage.com/226x100.png/cc0000/ffffff', 3, 52, 4, 53, 'Apple Pay', 'gsergean2t', 'dbulter2t@slashdot.org', '2021-12-16', 2, 9, 116),
(103, '0885022165', 'Aspic - Light', 'http://dummyimage.com/121x100.png/ff4444/ffffff', 6, 93, 14, 168, 'Credit Card', 'zbushe2u', 'ghousley2u@intel.com', '2021-05-12', 5, 133, 36),
(104, '5630726420', 'Salmon - Atlantic, Skin On', 'http://dummyimage.com/231x100.png/ff4444/ffffff', 4, 100, 19, 76, '', 'hthomesson2v', 'dcoleford2v@sitemeter.com', '2021-04-24', 2, 2, 193),
(105, '2491777681', 'Honey - Liquid', 'http://dummyimage.com/185x100.png/5fa2dd/ffffff', 2, 174, 12, 92, 'Google Pay', 'atruett2w', 'lchrismas2w@reuters.com', '2021-12-20', 5, 58, 59),
(106, '6382555444', 'Wine - Mondavi Coastal Private', 'http://dummyimage.com/159x100.png/cc0000/ffffff', 1, 155, 6, 27, '', 'shaydney2x', 'lfawltey2x@exblog.jp', '2021-12-09', 4, 61, 54),
(107, '7228202821', 'Muffin Puck Ww Carrot', 'http://dummyimage.com/104x100.png/ff4444/ffffff', 3, 148, 12, 129, 'Apple Pay', 'cbush2y', 'gilling2y@liveinternet.ru', '2021-06-10', 3, 101, 67),
(108, '2643746953', 'Soup - Knorr, Ministrone', 'http://dummyimage.com/222x100.png/cc0000/ffffff', 5, 188, 4, 42, '7-11 代碼繳費', 'zstrowthers2z', 'arobak2z@google.com.br', '2021-04-06', 6, 119, 71),
(109, '2002812756', 'Extract - Almond', 'http://dummyimage.com/134x100.png/ff4444/ffffff', 3, 187, 16, 49, 'Credit Card', 'jbricham30', 'bbortoloni30@shinystat.com', '2021-08-22', 2, 133, 233),
(110, '4387694270', 'Oil - Olive', 'http://dummyimage.com/119x100.png/dddddd/000000', 9, 169, 5, 153, '', 'aworden31', 'mmcgebenay31@google.com.au', '2021-11-20', 2, 221, 141),
(111, '0161462952', 'Wine - Wyndham Estate Bin 777', 'http://dummyimage.com/104x100.png/ff4444/ffffff', 4, 28, 14, 174, 'Credit Card', 'kflahive32', 'ccossar32@artisteer.com', '2021-09-09', 2, 69, 78),
(112, '9679628736', 'Doilies - 7, Paper', 'http://dummyimage.com/213x100.png/ff4444/ffffff', 7, 198, 12, 177, 'Apple Pay', 'droddam33', 'jdecruze33@diigo.com', '2021-12-09', 2, 144, 195),
(113, '1445087502', 'Capers - Ox Eye Daisy', 'http://dummyimage.com/154x100.png/dddddd/000000', 2, 176, 4, 45, 'Credit Card', 'bpampling34', 'frattery34@springer.com', '2022-01-13', 6, 139, 42),
(114, '5264082294', 'Leeks - Large', 'http://dummyimage.com/178x100.png/5fa2dd/ffffff', 4, 136, 19, 55, 'Google Pay', 'bbailess35', 'gmazzey35@photobucket.com', '2021-05-19', 4, 98, 78),
(115, '0210356979', 'Tart Shells - Barquettes, Savory', 'http://dummyimage.com/199x100.png/5fa2dd/ffffff', 5, 68, 13, 94, '7-11 代碼繳費', 'jvandenvelden36', 'rlafrentz36@mail.ru', '2021-05-05', 3, 170, 242),
(116, '3970826128', 'Turkey - Ground. Lean', 'http://dummyimage.com/135x100.png/dddddd/000000', 8, 88, 19, 32, '7-11 代碼繳費', 'jtabard37', 'jbrazer37@blogtalkradio.com', '2021-10-30', 3, 140, 54),
(117, '5573240285', 'Tomatoes Tear Drop', 'http://dummyimage.com/169x100.png/cc0000/ffffff', 6, 47, 15, 54, '', 'dcromie38', 'cjanuary38@businessinsider.com', '2021-09-08', 3, 184, 201),
(118, '9879564308', 'Danishes - Mini Raspberry', 'http://dummyimage.com/139x100.png/cc0000/ffffff', 9, 171, 6, 15, 'Credit Card', 'ainsole39', 'skenafaque39@latimes.com', '2021-09-23', 1, 117, 88),
(119, '9262482272', 'English Muffin', 'http://dummyimage.com/227x100.png/ff4444/ffffff', 6, 90, 5, 75, '', 'emctrustrie3a', 'spodd3a@shinystat.com', '2021-08-28', 4, 151, 58),
(120, '2730143491', 'Coconut Milk - Unsweetened', 'http://dummyimage.com/137x100.png/ff4444/ffffff', 2, 37, 9, 153, '', 'mmacglory3b', 'ngain3b@arstechnica.com', '2021-05-12', 6, 164, 42),
(121, '4727051397', 'Coffee Caramel Biscotti', 'http://dummyimage.com/242x100.png/ff4444/ffffff', 5, 49, 6, 106, 'Apple Pay', 'hsaurin3c', 'rnettleship3c@bandcamp.com', '2021-04-10', 5, 95, 85),
(122, '0052150917', 'Flour Dark Rye', 'http://dummyimage.com/231x100.png/ff4444/ffffff', 2, 28, 9, 15, 'Google Pay', 'kyushkov3d', 'mkleinstein3d@netvibes.com', '2021-07-31', 3, 169, 59),
(123, '4943944132', 'Allspice - Jamaican', 'http://dummyimage.com/216x100.png/dddddd/000000', 7, 179, 4, 108, 'Apple Pay', 'hseacombe3e', 'pewins3e@ehow.com', '2021-11-23', 1, 186, 64),
(124, '3398216056', 'Ginsing - Fresh', 'http://dummyimage.com/209x100.png/5fa2dd/ffffff', 4, 13, 3, 154, 'Credit Card', 'hbeedham3f', 'mmacmakin3f@psu.edu', '2022-02-10', 1, 242, 89),
(125, '7934416075', 'Soup - Clam Chowder, Dry Mix', 'http://dummyimage.com/136x100.png/cc0000/ffffff', 1, 122, 9, 43, '7-11 代碼繳費', 'ktwigger3g', 'bbrittoner3g@bbb.org', '2022-02-03', 5, 125, 143),
(126, '7545801555', 'Madeira', 'http://dummyimage.com/193x100.png/ff4444/ffffff', 8, 158, 8, 101, 'Credit Card', 'ahullah3h', 'sguenther3h@hugedomains.com', '2021-07-22', 3, 190, 113),
(127, '9224191290', 'Steamers White', 'http://dummyimage.com/155x100.png/5fa2dd/ffffff', 8, 102, 9, 130, 'Apple Pay', 'jtop3i', 'wjeffreys3i@uol.com.br', '2021-09-22', 6, 36, 167),
(128, '4189616362', 'Thyme - Lemon, Fresh', 'http://dummyimage.com/185x100.png/cc0000/ffffff', 9, 186, 14, 97, 'Credit Card', 'abartolini3j', 'dtoffel3j@tinyurl.com', '2021-11-04', 6, 242, 174),
(129, '8291719810', 'Table Cloth 90x90 White', 'http://dummyimage.com/230x100.png/dddddd/000000', 2, 133, 16, 46, 'Credit Card', 'tfarrand3k', 'tgarcia3k@qq.com', '2021-06-15', 6, 242, 4),
(130, '2795074141', 'Rum - Cream, Amarula', 'http://dummyimage.com/238x100.png/5fa2dd/ffffff', 6, 122, 5, 179, '', 'nfantin3l', 'lcaldeyroux3l@howstuffworks.com', '2021-12-16', 5, 149, 72),
(131, '3123348156', 'Potatoes - Idaho 80 Count', 'http://dummyimage.com/113x100.png/5fa2dd/ffffff', 6, 162, 10, 91, 'Apple Pay', 'pisard3m', 'idelacey3m@cafepress.com', '2021-11-17', 6, 97, 105),
(132, '7071165327', 'Crab Meat Claw Pasteurise', 'http://dummyimage.com/239x100.png/5fa2dd/ffffff', 3, 74, 18, 116, 'Apple Pay', 'hchallenor3n', 'noffiler3n@canalblog.com', '2021-05-29', 2, 189, 74),
(133, '5246821277', 'Beef - Top Butt', 'http://dummyimage.com/194x100.png/5fa2dd/ffffff', 1, 142, 10, 144, 'Apple Pay', 'rfahrenbacher3o', 'aerb3o@twitter.com', '2022-01-07', 1, 26, 42),
(134, '4295399140', 'Lamb - Shoulder, Boneless', 'http://dummyimage.com/143x100.png/cc0000/ffffff', 8, 180, 4, 35, 'Apple Pay', 'vcutcliffe3p', 'selam3p@auda.org.au', '2022-01-25', 6, 17, 147),
(135, '6933206963', 'Gin - Gilbeys London, Dry', 'http://dummyimage.com/107x100.png/5fa2dd/ffffff', 3, 109, 4, 119, '', 'mkent3q', 'dlarret3q@answers.com', '2021-06-26', 1, 164, 246),
(136, '0377332364', 'Cheese - Grie Des Champ', 'http://dummyimage.com/176x100.png/5fa2dd/ffffff', 3, 54, 10, 13, 'Apple Pay', 'clennarde3r', 'hmccloughen3r@deliciousdays.com', '2021-09-06', 5, 220, 26),
(137, '6613891401', 'Monkfish Fresh - Skin Off', 'http://dummyimage.com/221x100.png/ff4444/ffffff', 1, 88, 3, 31, '', 'mwainer3s', 'cgiamo3s@bbb.org', '2021-10-09', 6, 203, 242),
(138, '1637689667', 'Chicken - Breast, 5 - 7 Oz', 'http://dummyimage.com/243x100.png/5fa2dd/ffffff', 7, 70, 16, 71, 'Credit Card', 'ghannah3t', 'csigart3t@wikipedia.org', '2022-02-06', 6, 84, 176),
(139, '3485745561', 'Chinese Foods - Thick Noodles', 'http://dummyimage.com/169x100.png/cc0000/ffffff', 7, 58, 5, 56, '7-11 代碼繳費', 'lpottery3u', 'bhelstrip3u@google.cn', '2021-03-22', 5, 97, 220),
(140, '8152397709', 'Shortbread - Cookie Crumbs', 'http://dummyimage.com/136x100.png/dddddd/000000', 8, 60, 6, 171, 'Credit Card', 'fstacey3v', 'egoves3v@blogspot.com', '2022-01-02', 2, 102, 27),
(141, '9201774842', 'Cabbage Roll', 'http://dummyimage.com/141x100.png/dddddd/000000', 8, 30, 11, 168, '', 'hmurtagh3w', 'ndevey3w@ycombinator.com', '2021-05-28', 3, 134, 220),
(142, '3829407009', 'Miso - Soy Bean Paste', 'http://dummyimage.com/222x100.png/ff4444/ffffff', 2, 37, 11, 73, 'Google Pay', 'cnoore3x', 'hdella3x@irs.gov', '2021-03-25', 1, 21, 58),
(143, '3571607791', 'Baking Powder', 'http://dummyimage.com/107x100.png/5fa2dd/ffffff', 6, 32, 11, 134, '', 'ffumagalli3y', 'atorregiani3y@dropbox.com', '2021-03-22', 3, 61, 127),
(144, '8566465687', 'White Baguette', 'http://dummyimage.com/177x100.png/5fa2dd/ffffff', 5, 194, 11, 134, 'Credit Card', 'tlorent3z', 'ldurgan3z@japanpost.jp', '2021-06-13', 4, 49, 8),
(145, '4514798037', 'Tomatoes - Plum, Canned', 'http://dummyimage.com/183x100.png/dddddd/000000', 9, 193, 8, 149, '7-11 代碼繳費', 'vgianilli40', 'aarnaudin40@indiatimes.com', '2022-02-15', 3, 192, 61),
(146, '5161850345', 'Vinegar - Champagne', 'http://dummyimage.com/122x100.png/ff4444/ffffff', 5, 103, 12, 113, '7-11 代碼繳費', 'kvolk41', 'npalliser41@engadget.com', '2021-08-12', 3, 84, 197),
(147, '1360779027', 'Longos - Lasagna Veg', 'http://dummyimage.com/116x100.png/ff4444/ffffff', 5, 58, 9, 28, 'Credit Card', 'baslie42', 'tpinnington42@alibaba.com', '2021-11-07', 6, 151, 19),
(148, '9245894169', 'Butter Sweet', 'http://dummyimage.com/104x100.png/ff4444/ffffff', 6, 19, 10, 12, 'Apple Pay', 'tlebrom43', 'fquakley43@xinhuanet.com', '2021-12-23', 6, 129, 73),
(149, '0405610122', 'Cheese - Augre Des Champs', 'http://dummyimage.com/229x100.png/dddddd/000000', 4, 167, 15, 84, 'Apple Pay', 'wmcconnell44', 'gsaffon44@prnewswire.com', '2021-05-03', 1, 63, 107),
(150, '7179286230', 'Basil - Seedlings Cookstown', 'http://dummyimage.com/140x100.png/ff4444/ffffff', 7, 166, 3, 58, 'Google Pay', 'kmille45', 'desmonde45@de.vu', '2022-02-13', 4, 29, 113),
(151, '7304584106', 'Vinegar - Balsamic', 'http://dummyimage.com/182x100.png/ff4444/ffffff', 4, 194, 7, 168, '', 'glindenberg46', 'epittwood46@wix.com', '2021-08-25', 3, 237, 199),
(152, '4306324834', 'Longos - Burritos', 'http://dummyimage.com/118x100.png/ff4444/ffffff', 8, 62, 13, 48, '', 'elangham47', 'ahattigan47@biglobe.ne.jp', '2021-05-25', 6, 220, 64),
(153, '0891479678', 'Jam - Apricot', 'http://dummyimage.com/185x100.png/ff4444/ffffff', 5, 86, 16, 172, 'Apple Pay', 'glangforth48', 'mmcguff48@zdnet.com', '2021-09-12', 4, 33, 99),
(154, '9730410453', 'Lentils - Green Le Puy', 'http://dummyimage.com/210x100.png/dddddd/000000', 7, 63, 18, 17, 'Apple Pay', 'blenz49', 'igrinstead49@china.com.cn', '2021-05-25', 1, 69, 111),
(155, '1323441948', 'Tea - Jasmin Green', 'http://dummyimage.com/201x100.png/ff4444/ffffff', 1, 39, 15, 111, 'Apple Pay', 'tmuttock4a', 'pkelsall4a@histats.com', '2021-05-26', 4, 239, 136),
(156, '5886080414', 'Tuna - Sushi Grade', 'http://dummyimage.com/138x100.png/dddddd/000000', 9, 16, 15, 17, '7-11 代碼繳費', 'rliptrod4b', 'thaggett4b@ucsd.edu', '2021-09-29', 2, 162, 49),
(157, '8701581813', 'Pastry - Carrot Muffin - Mini', 'http://dummyimage.com/195x100.png/cc0000/ffffff', 7, 180, 12, 115, 'Apple Pay', 'smalarkey4c', 'fveryan4c@buzzfeed.com', '2021-04-23', 2, 41, 11),
(158, '4566156265', 'Cheese - St. Andre', 'http://dummyimage.com/217x100.png/dddddd/000000', 1, 153, 6, 50, 'Credit Card', 'klockey4d', 'pskeel4d@amazon.com', '2021-05-19', 4, 3, 186),
(159, '0279439482', 'Beer - Creemore', 'http://dummyimage.com/131x100.png/cc0000/ffffff', 1, 14, 5, 34, 'Credit Card', 'igeroldo4e', 'sledwidge4e@aboutads.info', '2022-01-10', 4, 165, 48),
(160, '2278834444', 'Corn - On The Cob', 'http://dummyimage.com/202x100.png/ff4444/ffffff', 7, 63, 10, 88, '7-11 代碼繳費', 'zsanderson4f', 'jsherratt4f@soup.io', '2022-01-16', 1, 189, 61),
(161, '7349141785', 'Garam Marsala', 'http://dummyimage.com/180x100.png/5fa2dd/ffffff', 5, 27, 14, 58, '7-11 代碼繳費', 'agorvette4g', 'msaturley4g@blogspot.com', '2022-01-18', 1, 124, 179),
(162, '5421476383', 'Cheese - Cheddar, Medium', 'http://dummyimage.com/212x100.png/cc0000/ffffff', 3, 95, 4, 62, 'Google Pay', 'jabrahams4h', 'mcrisford4h@gov.uk', '2021-12-24', 3, 92, 192),
(163, '7754079895', 'Wine - Shiraz Wolf Blass Premium', 'http://dummyimage.com/154x100.png/5fa2dd/ffffff', 8, 172, 10, 8, 'Apple Pay', 'tgladeche4i', 'cdockrill4i@nationalgeographic.com', '2021-06-21', 3, 52, 40),
(164, '4775633783', 'Pasta - Tortellini, Fresh', 'http://dummyimage.com/118x100.png/cc0000/ffffff', 4, 163, 5, 16, 'Credit Card', 'kmarshallsay4j', 'ajoncic4j@dot.gov', '2022-01-23', 6, 198, 82),
(165, '5537434067', 'Cumin - Ground', 'http://dummyimage.com/122x100.png/ff4444/ffffff', 6, 150, 19, 163, 'Credit Card', 'drarity4k', 'bnollet4k@webs.com', '2021-10-06', 5, 68, 86),
(166, '8540621096', 'Flour - Corn, Fine', 'http://dummyimage.com/224x100.png/dddddd/000000', 7, 83, 9, 96, 'Credit Card', 'bianitti4l', 'bhenric4l@noaa.gov', '2021-09-30', 6, 160, 213),
(167, '9601683127', 'Bacardi Raspberry', 'http://dummyimage.com/112x100.png/5fa2dd/ffffff', 9, 88, 11, 159, 'Apple Pay', 'kordelt4m', 'adudney4m@vk.com', '2021-04-23', 5, 130, 77),
(168, '2723927024', 'Soup Campbells Turkey Veg.', 'http://dummyimage.com/240x100.png/5fa2dd/ffffff', 7, 112, 7, 96, 'Apple Pay', 'dthridgould4n', 'mpiet4n@howstuffworks.com', '2021-06-21', 2, 195, 108),
(169, '4527542346', 'Red Cod Fillets - 225g', 'http://dummyimage.com/157x100.png/5fa2dd/ffffff', 3, 175, 6, 69, 'Google Pay', 'csantostefano4o', 'wmossbee4o@comsenz.com', '2021-03-18', 3, 245, 165),
(170, '1422039617', 'Pie Filling - Apple', 'http://dummyimage.com/208x100.png/cc0000/ffffff', 8, 38, 7, 138, 'Credit Card', 'afandrey4p', 'lguerreau4p@ted.com', '2021-06-25', 6, 228, 44),
(171, '6500514971', 'Grapes - Green', 'http://dummyimage.com/204x100.png/cc0000/ffffff', 6, 40, 19, 157, '', 'draw4q', 'hbasezzi4q@nydailynews.com', '2021-02-23', 2, 180, 124),
(172, '2211808441', 'Truffle - Whole Black Peeled', 'http://dummyimage.com/100x100.png/5fa2dd/ffffff', 4, 136, 16, 75, 'Credit Card', 'kburbridge4r', 'qtrorey4r@google.com.br', '2021-07-14', 4, 159, 91),
(173, '3602046974', 'Mint - Fresh', 'http://dummyimage.com/104x100.png/ff4444/ffffff', 3, 97, 5, 94, '7-11 代碼繳費', 'jmandre4s', 'acrummy4s@live.com', '2021-12-11', 6, 45, 206),
(174, '8411491366', 'Versatainer Nc - 888', 'http://dummyimage.com/214x100.png/5fa2dd/ffffff', 1, 66, 7, 26, 'Google Pay', 'fclifton4t', 'showie4t@google.ru', '2021-07-29', 4, 189, 36),
(175, '9809960506', 'Veal - Eye Of Round', 'http://dummyimage.com/176x100.png/cc0000/ffffff', 4, 117, 6, 138, '', 'cmoncey4u', 'swinchurst4u@reverbnation.com', '2021-09-04', 3, 196, 209),
(176, '5040340567', 'Tray - Foam, Square 4 - S', 'http://dummyimage.com/192x100.png/5fa2dd/ffffff', 6, 77, 7, 88, 'Apple Pay', 'kjansema4v', 'lnewton4v@unesco.org', '2021-04-08', 5, 129, 4),
(177, '3743401266', 'Wine - Chianti Classico Riserva', 'http://dummyimage.com/192x100.png/dddddd/000000', 6, 188, 17, 143, '7-11 代碼繳費', 'ctavner4w', 'wbainbridge4w@jugem.jp', '2021-08-26', 5, 81, 166),
(178, '8615294410', 'Juice - Ocean Spray Cranberry', 'http://dummyimage.com/248x100.png/5fa2dd/ffffff', 9, 160, 14, 167, '7-11 代碼繳費', 'dberrey4x', 'agreger4x@twitpic.com', '2021-06-12', 2, 133, 56),
(179, '0128112182', 'Napkin - Beverge, White 2 - Ply', 'http://dummyimage.com/215x100.png/5fa2dd/ffffff', 3, 33, 13, 37, 'Google Pay', 'eantrum4y', 'tmccane4y@addtoany.com', '2021-08-01', 2, 246, 212),
(180, '9426821988', 'Pork - European Side Bacon', 'http://dummyimage.com/232x100.png/ff4444/ffffff', 6, 70, 15, 42, '7-11 代碼繳費', 'awateridge4z', 'cgyurkovics4z@mlb.com', '2021-11-10', 2, 47, 221),
(181, '2539344119', 'Juice - Grapefruit, 341 Ml', 'http://dummyimage.com/147x100.png/dddddd/000000', 2, 72, 4, 25, 'Apple Pay', 'hkliesl50', 'rcornick50@freewebs.com', '2021-07-12', 3, 118, 224),
(182, '0151137080', 'Dry Ice', 'http://dummyimage.com/119x100.png/5fa2dd/ffffff', 6, 178, 11, 145, '7-11 代碼繳費', 'banwell51', 'vllywarch51@pbs.org', '2021-05-08', 3, 21, 7),
(183, '5683103959', 'Pineapple - Regular', 'http://dummyimage.com/224x100.png/5fa2dd/ffffff', 5, 128, 19, 52, 'Google Pay', 'asparry52', 'kludmann52@hexun.com', '2021-10-21', 3, 164, 117),
(184, '2499663707', 'Oil - Olive', 'http://dummyimage.com/143x100.png/ff4444/ffffff', 9, 123, 17, 61, '', 'crehm53', 'beccleston53@nifty.com', '2022-02-02', 1, 180, 56),
(185, '6664296926', 'Potatoes - Mini Red', 'http://dummyimage.com/161x100.png/cc0000/ffffff', 3, 188, 19, 43, 'Credit Card', 'agasnoll54', 'kbazeley54@columbia.edu', '2021-03-28', 4, 35, 159),
(186, '0660784998', 'Sobe - Orange Carrot', 'http://dummyimage.com/148x100.png/ff4444/ffffff', 3, 162, 16, 91, 'Credit Card', 'adavitashvili55', 'egrieve55@oracle.com', '2021-07-19', 6, 142, 117),
(187, '7817678243', 'Butter - Unsalted', 'http://dummyimage.com/195x100.png/ff4444/ffffff', 1, 42, 14, 171, 'Credit Card', 'cdorrins56', 'fhuetson56@cbslocal.com', '2021-11-05', 1, 113, 64),
(188, '1605657409', 'Cheese - Stilton', 'http://dummyimage.com/240x100.png/5fa2dd/ffffff', 6, 88, 6, 113, 'Google Pay', 'bcranke57', 'alavies57@bloglovin.com', '2021-11-29', 3, 22, 51),
(189, '9394725563', 'Crawfish', 'http://dummyimage.com/154x100.png/ff4444/ffffff', 6, 73, 11, 94, 'Apple Pay', 'nzecchinelli58', 'mravenhills58@dedecms.com', '2021-04-11', 6, 128, 27),
(190, '1966020244', 'Table Cloth 90x90 Colour', 'http://dummyimage.com/214x100.png/ff4444/ffffff', 9, 180, 12, 53, 'Google Pay', 'dlidington59', 'lnairn59@nifty.com', '2021-11-17', 6, 135, 74),
(191, '9358108622', 'Scallops - Live In Shell', 'http://dummyimage.com/209x100.png/cc0000/ffffff', 1, 97, 4, 131, 'Google Pay', 'bpumfrett5a', 'kohearn5a@nifty.com', '2022-01-28', 4, 89, 43),
(192, '3794485041', 'Lamb Leg - Bone - In Nz', 'http://dummyimage.com/239x100.png/dddddd/000000', 1, 189, 15, 54, '', 'ahulme5b', 'gsheerin5b@sfgate.com', '2021-04-05', 1, 155, 175),
(193, '7074192406', 'Temperature Recording Station', 'http://dummyimage.com/235x100.png/ff4444/ffffff', 9, 167, 8, 63, '7-11 代碼繳費', 'isiney5c', 'ajacobsz5c@google.pl', '2021-03-05', 5, 192, 97),
(194, '7610427500', 'Chevere Logs', 'http://dummyimage.com/184x100.png/ff4444/ffffff', 3, 164, 11, 168, 'Apple Pay', 'lrobottham5d', 'tmourant5d@columbia.edu', '2021-12-22', 1, 141, 24),
(195, '8539006782', 'Rice - Wild', 'http://dummyimage.com/162x100.png/dddddd/000000', 2, 177, 4, 75, 'Apple Pay', 'kblaine5e', 'daphale5e@huffingtonpost.com', '2021-09-07', 2, 206, 127),
(196, '0421410361', 'Asparagus - White, Fresh', 'http://dummyimage.com/169x100.png/cc0000/ffffff', 4, 154, 12, 75, 'Credit Card', 'ltwallin5f', 'cenefer5f@biglobe.ne.jp', '2021-05-22', 3, 79, 159),
(197, '6297263345', 'Chicken - Leg / Back Attach', 'http://dummyimage.com/191x100.png/dddddd/000000', 5, 116, 14, 78, 'Apple Pay', 'mmcnamee5g', 'sberston5g@si.edu', '2021-12-19', 1, 224, 34),
(198, '0042579023', 'Wine - Vineland Estate Semi - Dry', 'http://dummyimage.com/222x100.png/5fa2dd/ffffff', 6, 102, 11, 92, '', 'gsalleir5h', 'eludgate5h@noaa.gov', '2021-02-16', 6, 137, 98),
(199, '5388864553', 'Rice Wine - Aji Mirin', 'http://dummyimage.com/107x100.png/dddddd/000000', 8, 61, 17, 140, 'Credit Card', 'bdalgarnocht5i', 'gwicklin5i@chicagotribune.com', '2021-11-01', 1, 246, 52),
(200, '5600852142', 'Coffee - French Vanilla Frothy', 'http://dummyimage.com/241x100.png/5fa2dd/ffffff', 2, 102, 8, 149, 'Credit Card', 'asibbson5j', 'dshimon5j@theguardian.com', '2022-01-31', 2, 180, 110),
(201, '7937233370', 'Boogies', 'http://dummyimage.com/221x100.png/cc0000/ffffff', 8, 18, 8, 87, 'Credit Card', 'nkuhnel5k', 'anewbatt5k@live.com', '2021-09-27', 2, 145, 184),
(202, '6035514421', 'Veal - Brisket, Provimi,bnls', 'http://dummyimage.com/147x100.png/dddddd/000000', 9, 26, 15, 124, '7-11 代碼繳費', 'djedrzejewsky5l', 'mallum5l@google.es', '2021-07-03', 1, 203, 207),
(203, '9208702006', 'Shallots', 'http://dummyimage.com/248x100.png/ff4444/ffffff', 7, 184, 11, 74, 'Google Pay', 'hnoddles5m', 'dprimrose5m@arizona.edu', '2021-07-28', 1, 153, 153),
(204, '9080836931', 'Pesto - Primerba, Paste', 'http://dummyimage.com/249x100.png/cc0000/ffffff', 5, 103, 8, 164, 'Apple Pay', 'aredwall5n', 'hthuillier5n@arstechnica.com', '2021-08-31', 2, 11, 84),
(205, '7775938781', 'Chocolate - Dark Callets', 'http://dummyimage.com/183x100.png/ff4444/ffffff', 2, 76, 6, 22, 'Google Pay', 'pwrathall5o', 'pdionisii5o@yandex.ru', '2021-04-20', 4, 50, 205),
(206, '6896031972', 'Chocolate Bar - Reese Pieces', 'http://dummyimage.com/145x100.png/cc0000/ffffff', 9, 140, 10, 158, '7-11 代碼繳費', 'sjowers5p', 'jvirr5p@cnbc.com', '2021-07-07', 6, 240, 245),
(207, '7052246554', 'Longos - Greek Salad', 'http://dummyimage.com/215x100.png/cc0000/ffffff', 7, 17, 17, 157, 'Apple Pay', 'bnordass5q', 'bather5q@so-net.ne.jp', '2021-10-31', 3, 221, 28),
(208, '4605211586', 'Scallops 60/80 Iqf', 'http://dummyimage.com/114x100.png/dddddd/000000', 9, 137, 3, 68, 'Credit Card', 'jfiddiman5r', 'bschlagh5r@loc.gov', '2021-09-21', 2, 65, 53),
(209, '7779384748', 'Broom - Push', 'http://dummyimage.com/226x100.png/dddddd/000000', 3, 174, 9, 16, '7-11 代碼繳費', 'froskeilly5s', 'mfellenor5s@ucla.edu', '2021-07-23', 4, 211, 65),
(210, '1304505790', 'Sugar - Palm', 'http://dummyimage.com/124x100.png/5fa2dd/ffffff', 7, 106, 19, 178, '7-11 代碼繳費', 'smingardo5t', 'wridgeway5t@dedecms.com', '2021-08-24', 2, 33, 226),
(211, '3445729255', 'Clams - Canned', 'http://dummyimage.com/174x100.png/cc0000/ffffff', 1, 92, 8, 82, 'Apple Pay', 'mtullot5u', 'rgaven5u@auda.org.au', '2021-02-17', 3, 108, 162),
(212, '5643728907', 'Cheese - Brick With Pepper', 'http://dummyimage.com/195x100.png/5fa2dd/ffffff', 3, 103, 9, 61, 'Credit Card', 'jdennis5v', 'gconsterdine5v@arizona.edu', '2021-08-23', 1, 38, 217),
(213, '9980660252', 'Ostrich - Fan Fillet', 'http://dummyimage.com/118x100.png/cc0000/ffffff', 9, 71, 13, 124, 'Google Pay', 'bkenrick5w', 'awelland5w@salon.com', '2021-07-10', 4, 13, 149),
(214, '8646447103', 'Cheese - Brie, Cups 125g', 'http://dummyimage.com/142x100.png/cc0000/ffffff', 2, 145, 8, 156, 'Apple Pay', 'nbonellie5x', 'fshawcroft5x@statcounter.com', '2021-12-19', 6, 208, 178),
(215, '6502980872', 'Trueblue - Blueberry', 'http://dummyimage.com/233x100.png/cc0000/ffffff', 9, 79, 17, 76, '', 'dpedroli5y', 'apolet5y@hostgator.com', '2021-08-11', 6, 35, 17),
(216, '2324675897', 'Coke - Diet, 355 Ml', 'http://dummyimage.com/123x100.png/cc0000/ffffff', 4, 128, 14, 107, '', 'elansley5z', 'zhacquard5z@privacy.gov.au', '2021-02-27', 4, 51, 57),
(217, '3851258673', 'Coffee Beans - Chocolate', 'http://dummyimage.com/249x100.png/5fa2dd/ffffff', 3, 179, 15, 118, '7-11 代碼繳費', 'rmapes60', 'fiacovino60@ihg.com', '2021-09-28', 5, 19, 219),
(218, '0085762202', 'Pie Pecan', 'http://dummyimage.com/175x100.png/5fa2dd/ffffff', 8, 192, 6, 36, '', 'rbelsey61', 'rtows61@goo.gl', '2021-12-31', 5, 89, 52),
(219, '1918174369', 'Beans - Fava, Canned', 'http://dummyimage.com/186x100.png/cc0000/ffffff', 9, 123, 9, 117, '', 'fdetoc62', 'gelphinston62@house.gov', '2022-01-11', 1, 117, 193),
(220, '4902422697', 'Soup - French Onion', 'http://dummyimage.com/188x100.png/dddddd/000000', 3, 38, 10, 160, 'Apple Pay', 'swebb63', 'wschuricht63@163.com', '2022-01-16', 1, 169, 167),
(221, '1059069598', 'Quail - Eggs, Fresh', 'http://dummyimage.com/156x100.png/5fa2dd/ffffff', 6, 130, 13, 43, '7-11 代碼繳費', 'hmanifold64', 'jplumb64@g.co', '2021-04-16', 5, 83, 4),
(222, '7364903321', 'Muskox - French Rack', 'http://dummyimage.com/154x100.png/ff4444/ffffff', 4, 107, 10, 148, '', 'escad65', 'gshorto65@freewebs.com', '2021-04-05', 4, 158, 210),
(223, '9837968060', 'Blueberries - Frozen', 'http://dummyimage.com/211x100.png/5fa2dd/ffffff', 4, 177, 12, 178, 'Credit Card', 'gsayer66', 'cdidello66@taobao.com', '2021-08-03', 1, 124, 64),
(224, '4923592222', 'Broom And Brush Rack Black', 'http://dummyimage.com/105x100.png/dddddd/000000', 1, 29, 16, 82, '7-11 代碼繳費', 'gjostan67', 'rvonoertzen67@hp.com', '2021-11-08', 6, 21, 239),
(225, '1628301643', 'Wine - Valpolicella Masi', 'http://dummyimage.com/142x100.png/ff4444/ffffff', 5, 171, 17, 148, 'Apple Pay', 'mwallas68', 'nhindenberger68@infoseek.co.jp', '2022-01-26', 2, 54, 97),
(226, '8087076427', 'Broom - Push', 'http://dummyimage.com/244x100.png/cc0000/ffffff', 4, 89, 12, 139, 'Apple Pay', 'mbrockhouse69', 'rosgardby69@mit.edu', '2021-05-20', 1, 244, 218),
(227, '6331372369', 'Langers - Mango Nectar', 'http://dummyimage.com/131x100.png/cc0000/ffffff', 8, 127, 14, 166, '', 'mturnor6a', 'epillington6a@boston.com', '2021-11-13', 1, 72, 15),
(228, '9460064108', 'Potatoes - Idaho 80 Count', 'http://dummyimage.com/167x100.png/5fa2dd/ffffff', 1, 169, 10, 146, 'Google Pay', 'mtotterdell6b', 'jdrowsfield6b@wp.com', '2021-03-24', 6, 95, 112),
(229, '7398142536', 'Island Oasis - Sweet And Sour Mix', 'http://dummyimage.com/118x100.png/ff4444/ffffff', 8, 191, 14, 130, '', 'cgwyn6c', 'yelverstone6c@reference.com', '2021-07-14', 1, 181, 239),
(230, '2951963955', 'Olives - Black, Pitted', 'http://dummyimage.com/234x100.png/ff4444/ffffff', 3, 121, 11, 51, '7-11 代碼繳費', 'acalcraft6d', 'mmcsorley6d@simplemachines.org', '2021-05-07', 5, 152, 166),
(231, '0762152842', 'Cheese - Parmigiano Reggiano', 'http://dummyimage.com/175x100.png/5fa2dd/ffffff', 7, 130, 9, 60, 'Apple Pay', 'bdommett6e', 'ebuttrey6e@macromedia.com', '2021-03-01', 2, 148, 128),
(232, '1991846495', 'Lobster - Base', 'http://dummyimage.com/225x100.png/dddddd/000000', 7, 181, 18, 174, '7-11 代碼繳費', 'stibols6f', 'scases6f@archive.org', '2021-04-01', 6, 141, 15),
(233, '1296419789', 'Chinese Foods - Cantonese', 'http://dummyimage.com/154x100.png/dddddd/000000', 7, 174, 7, 150, '7-11 代碼繳費', 'swooffinden6g', 'dollivierre6g@smugmug.com', '2021-09-22', 1, 207, 32),
(234, '4018207646', 'Hickory Smoke, Liquid', 'http://dummyimage.com/115x100.png/cc0000/ffffff', 9, 186, 10, 9, 'Apple Pay', 'bcharleston6h', 'lsnoad6h@vkontakte.ru', '2021-11-06', 3, 186, 47),
(235, '1408404176', 'Cheese - Brie, Cups 125g', 'http://dummyimage.com/115x100.png/cc0000/ffffff', 4, 54, 13, 176, 'Credit Card', 'cludwig6i', 'rhewertson6i@themeforest.net', '2021-10-30', 1, 110, 98),
(236, '8597453516', 'Broom And Brush Rack Black', 'http://dummyimage.com/230x100.png/cc0000/ffffff', 8, 128, 15, 147, '', 'mbrewse6j', 'lbusswell6j@cbslocal.com', '2021-11-23', 3, 44, 237),
(237, '5197829907', 'Daikon Radish', 'http://dummyimage.com/192x100.png/ff4444/ffffff', 3, 61, 19, 63, '', 'ebanker6k', 'aaffuso6k@ycombinator.com', '2021-11-03', 6, 249, 46),
(238, '6785156408', 'Beer - Moosehead', 'http://dummyimage.com/168x100.png/ff4444/ffffff', 4, 160, 10, 31, '7-11 代碼繳費', 'klukianov6l', 'ablayney6l@oracle.com', '2021-03-05', 5, 105, 94),
(239, '6039863927', 'Tuna - Sushi Grade', 'http://dummyimage.com/185x100.png/5fa2dd/ffffff', 8, 189, 11, 39, 'Google Pay', 'nmquhan6m', 'lforeman6m@hostgator.com', '2021-07-06', 2, 237, 11),
(240, '2375477146', 'Squash - Sunburst', 'http://dummyimage.com/203x100.png/dddddd/000000', 2, 195, 13, 67, '7-11 代碼繳費', 'mteek6n', 'aravenhills6n@wiley.com', '2021-09-28', 5, 37, 184),
(241, '7263822652', 'Sauce - Mint', 'http://dummyimage.com/206x100.png/cc0000/ffffff', 3, 73, 7, 130, '', 'cbeckensall6o', 'tannies6o@pcworld.com', '2021-04-15', 3, 10, 35),
(242, '5368847599', 'Heavy Duty Dust Pan', 'http://dummyimage.com/142x100.png/cc0000/ffffff', 3, 62, 10, 92, '7-11 代碼繳費', 'tspurrior6p', 'amack6p@biglobe.ne.jp', '2021-07-31', 2, 144, 157),
(243, '2617533107', 'Nantucket - 518ml', 'http://dummyimage.com/174x100.png/ff4444/ffffff', 6, 62, 15, 103, 'Google Pay', 'ttongs6q', 'jhair6q@hp.com', '2022-01-26', 3, 168, 30),
(244, '1153699532', 'Nut - Almond, Blanched, Sliced', 'http://dummyimage.com/135x100.png/5fa2dd/ffffff', 4, 134, 3, 60, 'Credit Card', 'mskyner6r', 'lrustman6r@squarespace.com', '2021-09-28', 1, 97, 195),
(245, '2236427603', 'Pants Custom Dry Clean', 'http://dummyimage.com/235x100.png/dddddd/000000', 6, 194, 3, 112, '7-11 代碼繳費', 'adarinton6s', 'jneaves6s@sogou.com', '2021-05-17', 6, 214, 33),
(246, '0974327980', 'Compound - Mocha', 'http://dummyimage.com/122x100.png/dddddd/000000', 6, 22, 5, 174, '7-11 代碼繳費', 'dkurt6t', 'asalack6t@google.it', '2021-08-11', 3, 209, 157),
(247, '9663361549', 'Fireball Whisky', 'http://dummyimage.com/234x100.png/5fa2dd/ffffff', 6, 131, 16, 161, 'Google Pay', 'mconstantine6u', 'shailston6u@blogtalkradio.com', '2021-11-13', 1, 20, 12),
(248, '6659710116', 'Shallots', 'http://dummyimage.com/158x100.png/ff4444/ffffff', 2, 24, 8, 22, 'Apple Pay', 'risakov6v', 'msplaven6v@ow.ly', '2021-12-30', 6, 204, 79),
(249, '0652405169', 'Lettuce - Sea / Sea Asparagus', 'http://dummyimage.com/187x100.png/cc0000/ffffff', 6, 118, 3, 41, '', 'vmccartan6w', 'ddouthwaite6w@cocolog-nifty.com', '2021-02-23', 5, 63, 152),
(250, '2197132253', 'Corn - Mini', 'http://dummyimage.com/160x100.png/dddddd/000000', 3, 151, 3, 12, 'Apple Pay', 'fcranch6x', 'agorelli6x@dagondesign.com', '2021-08-01', 1, 212, 5);

-- --------------------------------------------------------

--
-- Table structure for table `order_detail`
--

DROP TABLE IF EXISTS `order_detail`;
CREATE TABLE `order_detail` (
  `id` int(11) NOT NULL,
  `product_name` varchar(50) DEFAULT NULL,
  `product_price` int(11) DEFAULT NULL,
  `created_at` datetime DEFAULT NULL,
  `order_id` int(11) DEFAULT NULL,
  `product_id` int(11) DEFAULT NULL
) ENGINE=InnoDB DEFAULT CHARSET=utf8mb4;

--
-- Dumping data for table `order_detail`
--

INSERT INTO `order_detail` (`id`, `product_name`, `product_price`, `created_at`, `order_id`, `product_id`) VALUES
(1, 'Taro Root', 13, '2021-12-02 00:00:00', 154, 210),
(2, 'Extract Vanilla Pure', 24, '2021-05-04 00:00:00', 90, 66),
(3, 'Beef - Ox Tongue', 11, '2021-06-26 00:00:00', 64, 32),
(4, 'Bread - Flat Bread', 18, '2021-12-05 00:00:00', 144, 247),
(5, 'Pineapple - Canned, Rings', 14, '2021-03-12 00:00:00', 248, 185),
(6, 'Pepper - Red, Finger Hot', 19, '2021-11-30 00:00:00', 20, 188),
(7, 'Garam Masala Powder', 9, '2021-02-27 00:00:00', 241, 222),
(8, 'Ginger - Pickled', 11, '2021-09-10 00:00:00', 126, 61),
(9, 'Beer - Guiness', 12, '2021-03-27 00:00:00', 196, 209),
(10, 'Maintenance Removal Charge', 31, '2021-07-02 00:00:00', 80, 245),
(11, 'Lobster - Live', 18, '2021-08-19 00:00:00', 95, 199),
(12, 'Wine - Sawmill Creek Autumn', 34, '2021-04-09 00:00:00', 99, 181),
(13, 'Pork Casing', 25, '2021-10-27 00:00:00', 42, 134),
(14, 'Carbonated Water - Strawberry', 29, '2021-04-30 00:00:00', 153, 22),
(15, 'Glove - Cutting', 37, '2021-07-30 00:00:00', 199, 6),
(16, 'Table Cloth 81x81 Colour', 19, '2021-11-24 00:00:00', 37, 239),
(17, 'Wine - Magnotta, Merlot Sr Vqa', 32, '2021-11-04 00:00:00', 101, 186),
(18, 'Coconut - Shredded, Unsweet', 10, '2021-12-13 00:00:00', 138, 187),
(19, 'Pork Casing', 18, '2021-10-03 00:00:00', 139, 35),
(20, 'Red Snapper - Fresh, Whole', 28, '2021-06-15 00:00:00', 35, 239),
(21, 'Soup - Knorr, Ministrone', 24, '2021-06-08 00:00:00', 56, 172),
(22, 'Plate - Foam, Bread And Butter', 36, '2021-05-12 00:00:00', 163, 235),
(23, 'Extract - Raspberry', 31, '2021-12-05 00:00:00', 19, 96),
(24, 'Wine - White, Lindemans Bin 95', 16, '2021-12-25 00:00:00', 151, 214),
(25, 'Trueblue - Blueberry 12x473ml', 23, '2021-07-19 00:00:00', 11, 195),
(26, 'Tea - Decaf Lipton', 31, '2021-02-18 00:00:00', 175, 92),
(27, 'Juice - Cranberry 284ml', 18, '2021-03-31 00:00:00', 247, 194),
(28, 'Cocoa Powder - Natural', 34, '2021-02-17 00:00:00', 20, 84),
(29, 'Chicken Breast Halal', 27, '2021-04-09 00:00:00', 3, 181),
(30, 'Nori Sea Weed', 31, '2021-10-22 00:00:00', 48, 175),
(31, 'Grenadillo', 27, '2021-06-11 00:00:00', 155, 217),
(32, 'Daves Island Stinger', 39, '2022-01-25 00:00:00', 185, 95),
(33, 'Garlic - Primerba, Paste', 14, '2021-06-15 00:00:00', 161, 81),
(34, 'Wine - Red, Colio Cabernet', 25, '2021-05-24 00:00:00', 190, 69),
(35, 'Cloves - Ground', 15, '2022-01-10 00:00:00', 68, 228),
(36, 'Pepper - Jalapeno', 22, '2021-07-13 00:00:00', 74, 168),
(37, 'Food Colouring - Pink', 18, '2021-04-18 00:00:00', 139, 74),
(38, 'Tuna - Sushi Grade', 23, '2021-03-05 00:00:00', 237, 64),
(39, '7up Diet, 355 Ml', 31, '2022-01-27 00:00:00', 53, 195),
(40, 'Wine - Masi Valpolocell', 27, '2021-12-06 00:00:00', 250, 196),
(41, 'Noodles - Cellophane, Thin', 30, '2022-02-14 00:00:00', 60, 220),
(42, 'Energy Drink - Franks Pineapple', 22, '2021-08-02 00:00:00', 193, 90),
(43, 'Peach - Fresh', 35, '2022-01-07 00:00:00', 132, 190),
(44, 'Squid - U 5', 25, '2021-12-07 00:00:00', 164, 34),
(45, 'Venison - Denver Leg Boneless', 27, '2021-09-29 00:00:00', 229, 129),
(46, 'Wine - Red, Pinot Noir, Chateau', 36, '2021-11-30 00:00:00', 174, 114),
(47, 'Coffee - Ristretto Coffee Capsule', 18, '2021-09-22 00:00:00', 229, 32),
(48, 'Tea - Darjeeling, Azzura', 33, '2021-05-09 00:00:00', 226, 12),
(49, 'Milk - 1%', 33, '2021-05-12 00:00:00', 199, 215),
(50, 'Scampi Tail', 35, '2021-07-06 00:00:00', 25, 2),
(51, 'Sherry - Dry', 31, '2021-08-04 00:00:00', 218, 189),
(52, 'Chicken Giblets', 13, '2021-12-10 00:00:00', 95, 168),
(53, 'Bols Melon Liqueur', 22, '2021-07-06 00:00:00', 11, 191),
(54, 'Onions - White', 11, '2021-04-08 00:00:00', 54, 97),
(55, 'Wine - Prosecco Valdobiaddene', 12, '2021-03-27 00:00:00', 112, 178),
(56, 'Evaporated Milk - Skim', 20, '2021-05-02 00:00:00', 229, 56),
(57, 'Veal - Leg', 22, '2021-11-01 00:00:00', 121, 232),
(58, 'Split Peas - Green, Dry', 33, '2021-10-22 00:00:00', 59, 105),
(59, 'Island Oasis - Peach Daiquiri', 14, '2021-03-01 00:00:00', 216, 233),
(60, 'Pate - Cognac', 10, '2021-06-28 00:00:00', 158, 130),
(61, 'Eel Fresh', 22, '2021-03-09 00:00:00', 248, 141),
(62, 'Sultanas', 26, '2021-05-13 00:00:00', 179, 82),
(63, 'Cheese Cloth No 60', 24, '2021-09-23 00:00:00', 14, 15),
(64, 'Scallops - 20/30', 20, '2021-10-15 00:00:00', 211, 227),
(65, 'Radish', 28, '2021-07-23 00:00:00', 211, 177),
(66, 'Chips - Assorted', 26, '2021-09-24 00:00:00', 45, 50),
(67, 'Coffee Cup 8oz 5338cd', 31, '2021-07-24 00:00:00', 129, 227),
(68, 'Tuna - Fresh', 39, '2021-11-22 00:00:00', 217, 51),
(69, 'Spice - Chili Powder Mexican', 21, '2021-02-22 00:00:00', 45, 79),
(70, 'Mushroom - Lg - Cello', 16, '2021-03-26 00:00:00', 235, 71),
(71, 'Pork - Belly Fresh', 22, '2021-09-09 00:00:00', 239, 222),
(72, 'Wine - Guy Sage Touraine', 33, '2021-09-01 00:00:00', 161, 111),
(73, 'Nestea - Iced Tea', 23, '2021-11-27 00:00:00', 48, 222),
(74, 'Bread - Multigrain Oval', 17, '2022-01-14 00:00:00', 180, 39),
(75, 'Pear - Packum', 36, '2022-02-15 00:00:00', 42, 204),
(76, 'Cheese - Victor Et Berthold', 12, '2021-11-18 00:00:00', 245, 93),
(77, 'Chicken - Wings, Tip Off', 32, '2021-07-11 00:00:00', 95, 206),
(78, 'Rhubarb', 10, '2022-01-07 00:00:00', 223, 171),
(79, 'Chocolate - Unsweetened', 34, '2022-02-07 00:00:00', 178, 220),
(80, 'Veal - Bones', 27, '2021-05-22 00:00:00', 201, 25),
(81, 'Mushroom - Morel Frozen', 23, '2021-04-19 00:00:00', 232, 47),
(82, 'Tart Shells - Savory, 4', 12, '2021-12-23 00:00:00', 132, 2),
(83, 'Sauce - Soya, Dark', 21, '2021-11-20 00:00:00', 222, 238),
(84, 'Salmon - Atlantic, Skin On', 21, '2021-06-26 00:00:00', 44, 53),
(85, 'Brandy - Bar', 18, '2021-12-22 00:00:00', 186, 93),
(86, 'Oregano - Dry, Rubbed', 10, '2021-04-25 00:00:00', 73, 66),
(87, 'Curry Paste - Madras', 14, '2021-10-02 00:00:00', 35, 223),
(88, 'Longos - Chicken Caeser Salad', 12, '2021-04-20 00:00:00', 234, 30),
(89, 'Tea - Jasmin Green', 23, '2021-07-21 00:00:00', 50, 16),
(90, 'Apple - Northern Spy', 12, '2021-08-18 00:00:00', 21, 215),
(91, 'C - Plus, Orange', 14, '2021-11-19 00:00:00', 228, 97),
(92, 'Wine - Ruffino Chianti Classico', 15, '2021-07-26 00:00:00', 12, 163),
(93, 'Capers - Ox Eye Daisy', 14, '2021-08-14 00:00:00', 21, 134),
(94, 'Wine - Niagara,vqa Reisling', 34, '2021-07-15 00:00:00', 142, 135),
(95, 'Venison - Liver', 20, '2021-03-31 00:00:00', 30, 160),
(96, 'Sauce Bbq Smokey', 35, '2021-03-10 00:00:00', 90, 116),
(97, 'Tuna - Yellowfin', 36, '2021-09-23 00:00:00', 64, 98),
(98, 'Lettuce - Red Leaf', 15, '2022-01-13 00:00:00', 117, 130),
(99, 'Soup - Campbells Chili Veg', 28, '2021-08-16 00:00:00', 62, 72),
(100, 'Petit Baguette', 11, '2021-11-10 00:00:00', 243, 211),
(101, 'Okra', 17, '2021-12-17 00:00:00', 174, 56),
(102, 'Beef - Striploin Aa', 24, '2021-12-18 00:00:00', 238, 85),
(103, 'Chocolate - Mi - Amere Semi', 17, '2021-06-27 00:00:00', 250, 39),
(104, 'Cup - 3.5oz, Foam', 14, '2021-04-23 00:00:00', 203, 107),
(105, 'Syrup - Monin, Swiss Choclate', 12, '2021-04-11 00:00:00', 136, 179),
(106, 'Soup - Campbells, Creamy', 19, '2021-06-25 00:00:00', 230, 56),
(107, 'Buffalo - Short Rib Fresh', 20, '2021-09-25 00:00:00', 148, 97),
(108, 'Yokaline', 29, '2021-11-22 00:00:00', 189, 131),
(109, 'Curry Paste - Madras', 18, '2021-05-02 00:00:00', 12, 59),
(110, 'Cheese - Comte', 23, '2022-01-11 00:00:00', 77, 140),
(111, 'Energy Drink - Redbull 355ml', 21, '2021-05-28 00:00:00', 72, 112),
(112, 'Wine - Baron De Rothschild', 11, '2021-05-26 00:00:00', 60, 8),
(113, 'Asparagus - Mexican', 34, '2021-05-16 00:00:00', 148, 176),
(114, 'Oil - Truffle, Black', 23, '2021-05-24 00:00:00', 162, 90),
(115, 'Milk - 2%', 32, '2022-02-04 00:00:00', 82, 248),
(116, 'Squash - Guords', 22, '2022-01-25 00:00:00', 120, 167),
(117, 'Pepsi - Diet, 355 Ml', 20, '2021-08-08 00:00:00', 67, 11),
(118, 'Lamb - Loin, Trimmed, Boneless', 17, '2021-10-03 00:00:00', 248, 188),
(119, 'Pork - Side Ribs', 32, '2021-11-12 00:00:00', 139, 61),
(120, 'Pork - Loin, Bone - In', 30, '2021-12-14 00:00:00', 8, 241),
(121, 'Mushroom - Morel Frozen', 31, '2021-10-28 00:00:00', 69, 29),
(122, 'Rum - Cream, Amarula', 10, '2021-04-09 00:00:00', 102, 63),
(123, 'Pork - Loin, Center Cut', 15, '2021-12-11 00:00:00', 45, 206),
(124, 'Milk - 2% 250 Ml', 36, '2021-07-08 00:00:00', 133, 83),
(125, 'Chives - Fresh', 15, '2021-09-18 00:00:00', 117, 32),
(126, 'White Baguette', 39, '2022-01-30 00:00:00', 175, 8),
(127, 'Coffee - Decaffeinato Coffee', 34, '2021-09-15 00:00:00', 16, 66),
(128, 'Brownies - Two Bite, Chocolate', 18, '2021-12-26 00:00:00', 215, 236),
(129, 'Lamb - Shanks', 24, '2022-01-08 00:00:00', 1, 68),
(130, 'Bag - Bread, White, Plain', 14, '2021-10-29 00:00:00', 172, 245),
(131, 'Eggplant - Baby', 31, '2021-09-06 00:00:00', 202, 89),
(132, 'Pecan Raisin - Tarts', 9, '2021-05-16 00:00:00', 82, 232),
(133, 'Celery Root', 18, '2021-03-09 00:00:00', 247, 133),
(134, 'Peas Snow', 14, '2021-06-13 00:00:00', 90, 142),
(135, 'Lambcasing', 38, '2021-06-05 00:00:00', 210, 109),
(136, 'Soup Campbells - Italian Wedding', 30, '2021-04-25 00:00:00', 248, 172),
(137, 'Pate - Cognac', 13, '2021-11-04 00:00:00', 222, 139),
(138, 'Coffee - Decafenated', 26, '2021-06-02 00:00:00', 95, 185),
(139, 'Vol Au Vents', 12, '2021-10-16 00:00:00', 49, 248),
(140, 'Mop Head - Cotton, 24 Oz', 28, '2021-08-02 00:00:00', 209, 225),
(141, 'Sherbet - Raspberry', 34, '2021-04-17 00:00:00', 42, 115),
(142, 'Clams - Littleneck, Whole', 30, '2021-04-11 00:00:00', 212, 55),
(143, 'Wine - Clavet Saint Emilion', 10, '2021-06-14 00:00:00', 19, 164),
(144, 'Water - Mineral, Natural', 26, '2021-03-23 00:00:00', 146, 183),
(145, 'Brandy Cherry - Mcguinness', 19, '2021-12-24 00:00:00', 109, 150),
(146, 'Flour - Corn, Fine', 26, '2021-12-07 00:00:00', 150, 3),
(147, 'Lentils - Green Le Puy', 28, '2021-07-02 00:00:00', 39, 95),
(148, 'Kellogs Special K Cereal', 10, '2022-01-25 00:00:00', 33, 25),
(149, 'Flour - Fast / Rapid', 25, '2021-08-17 00:00:00', 157, 221),
(150, 'Munchies Honey Sweet Trail Mix', 21, '2021-11-17 00:00:00', 140, 56),
(151, 'Muffin - Zero Transfat', 35, '2021-08-29 00:00:00', 23, 143),
(152, 'Bread - White, Unsliced', 28, '2021-03-01 00:00:00', 83, 135),
(153, 'Onions - Cippolini', 9, '2021-09-11 00:00:00', 48, 18),
(154, 'Cheese - Goat', 19, '2021-09-18 00:00:00', 33, 125),
(155, 'Kellogs Raisan Bran Bars', 13, '2021-03-23 00:00:00', 4, 246),
(156, 'Squash - Butternut', 9, '2021-07-23 00:00:00', 17, 15),
(157, 'Cranberries - Dry', 35, '2021-06-10 00:00:00', 78, 59),
(158, 'Bar Mix - Lemon', 36, '2021-05-15 00:00:00', 218, 5),
(159, 'Muffin Mix - Lemon Cranberry', 25, '2021-03-17 00:00:00', 146, 187),
(160, 'Wine - Red, Metus Rose', 12, '2021-06-20 00:00:00', 244, 135),
(161, 'Lamb Leg - Bone - In Nz', 23, '2021-06-28 00:00:00', 13, 11),
(162, 'Appetizer - Southwestern', 26, '2022-02-14 00:00:00', 69, 73),
(163, 'Muffin Mix - Lemon Cranberry', 24, '2021-07-23 00:00:00', 57, 67),
(164, 'Spice - Onion Powder Granulated', 30, '2021-03-16 00:00:00', 10, 228),
(165, 'Salmon - Atlantic, No Skin', 31, '2021-06-06 00:00:00', 109, 45),
(166, 'Chicken - Base, Ultimate', 19, '2021-08-23 00:00:00', 83, 73),
(167, 'Puree - Guava', 29, '2021-04-09 00:00:00', 189, 215),
(168, 'Pork - Suckling Pig', 36, '2021-06-26 00:00:00', 61, 21),
(169, 'Beef - Salted', 26, '2021-12-10 00:00:00', 86, 175),
(170, 'Stock - Beef, Brown', 11, '2021-03-22 00:00:00', 212, 3),
(171, 'Icecream - Dibs', 22, '2022-01-29 00:00:00', 14, 211),
(172, 'Beets - Mini Golden', 31, '2021-05-10 00:00:00', 225, 241),
(173, 'Bread - Frozen Basket Variety', 24, '2021-11-03 00:00:00', 193, 31),
(174, 'Bread - Bagels, Mini', 26, '2021-03-30 00:00:00', 19, 24),
(175, 'Wine - Taylors Reserve', 14, '2021-04-08 00:00:00', 131, 174),
(176, 'Mushroom - Morel Frozen', 35, '2021-10-20 00:00:00', 168, 153),
(177, 'Doilies - 5, Paper', 15, '2022-01-09 00:00:00', 158, 177),
(178, 'Jameson Irish Whiskey', 19, '2021-03-27 00:00:00', 59, 237),
(179, 'Milkettes - 2%', 17, '2021-11-11 00:00:00', 10, 133),
(180, 'Icecream - Dstk Strw Chseck', 23, '2021-03-13 00:00:00', 148, 70),
(181, 'Bread - Corn Muffaletta', 33, '2021-05-21 00:00:00', 167, 206),
(182, 'Wine - Rioja Campo Viejo', 29, '2021-02-27 00:00:00', 73, 168),
(183, 'Duck - Breast', 32, '2021-11-28 00:00:00', 226, 34),
(184, 'Jam - Blackberry, 20 Ml Jar', 22, '2021-05-16 00:00:00', 57, 8),
(185, 'Stock - Beef, Brown', 26, '2021-03-09 00:00:00', 104, 153),
(186, 'Truffle Cups - Brown', 23, '2021-12-04 00:00:00', 118, 82),
(187, 'Wine - Red, Gallo, Merlot', 29, '2021-08-20 00:00:00', 237, 215),
(188, 'Juice - Lagoon Mango', 18, '2021-07-16 00:00:00', 33, 120),
(189, 'French Kiss Vanilla', 28, '2021-09-17 00:00:00', 172, 214),
(190, 'Container - Hngd Cll Blk 7x7x3', 19, '2021-03-02 00:00:00', 238, 218),
(191, 'Wine - Alsace Riesling Reserve', 9, '2021-11-26 00:00:00', 30, 108),
(192, 'Bread Sour Rolls', 35, '2021-04-10 00:00:00', 244, 83),
(193, 'Bread - Wheat Baguette', 30, '2021-11-20 00:00:00', 27, 92),
(194, 'Juice - Pineapple, 48 Oz', 28, '2021-07-11 00:00:00', 221, 16),
(195, 'Potatoes - Peeled', 31, '2022-01-27 00:00:00', 41, 45),
(196, 'Kiwi', 26, '2021-06-26 00:00:00', 143, 194),
(197, 'Cookie Double Choco', 35, '2021-06-01 00:00:00', 214, 174),
(198, 'Capon - Breast, Double, Wing On', 34, '2021-04-13 00:00:00', 176, 223),
(199, 'Smoked Paprika', 22, '2021-07-13 00:00:00', 218, 166),
(200, 'Tomatoes Tear Drop', 36, '2021-07-28 00:00:00', 102, 170),
(201, 'Thyme - Dried', 32, '2021-06-05 00:00:00', 193, 132),
(202, 'Cloves - Whole', 36, '2021-07-29 00:00:00', 144, 38),
(203, 'Wine - Balbach Riverside', 13, '2021-04-07 00:00:00', 39, 97),
(204, 'Tea - Green', 29, '2021-03-21 00:00:00', 34, 46),
(205, 'Pepper - Jalapeno', 18, '2021-10-16 00:00:00', 194, 201),
(206, 'Crab - Imitation Flakes', 12, '2021-10-19 00:00:00', 25, 223),
(207, 'Samosa - Veg', 20, '2022-01-05 00:00:00', 168, 134),
(208, 'Pears - Fiorelle', 34, '2022-01-12 00:00:00', 132, 124),
(209, 'Bacardi Breezer - Tropical', 35, '2022-01-06 00:00:00', 11, 147),
(210, 'Lamb Leg - Bone - In Nz', 17, '2021-06-11 00:00:00', 246, 187),
(211, 'Beer - Guiness', 27, '2021-03-26 00:00:00', 70, 163),
(212, 'Chilli Paste, Hot Sambal Oelek', 11, '2021-05-17 00:00:00', 28, 82),
(213, 'Pickle - Dill', 20, '2021-08-20 00:00:00', 106, 156),
(214, 'Pepper - Chili Powder', 9, '2021-05-07 00:00:00', 54, 161),
(215, 'Table Cloth - 53x69 Colour', 37, '2021-09-05 00:00:00', 199, 37),
(216, 'Mint - Fresh', 27, '2021-04-03 00:00:00', 187, 218),
(217, 'Sauce Tomato Pouch', 10, '2021-06-06 00:00:00', 96, 90),
(218, 'Potatoes - Idaho 100 Count', 9, '2021-07-09 00:00:00', 146, 215),
(219, 'Shrimp - 100 / 200 Cold Water', 23, '2021-05-14 00:00:00', 213, 170),
(220, 'Pecan Raisin - Tarts', 26, '2021-10-17 00:00:00', 46, 56),
(221, 'Dehydrated Kelp Kombo', 27, '2021-06-27 00:00:00', 48, 111),
(222, 'Frangelico', 14, '2021-07-11 00:00:00', 109, 30),
(223, 'Wine - White, Schroder And Schyl', 36, '2021-06-20 00:00:00', 243, 193),
(224, 'Stock - Beef, Brown', 30, '2021-06-07 00:00:00', 221, 58),
(225, 'Rambutan', 23, '2021-04-26 00:00:00', 207, 153),
(226, 'Pork - Loin, Boneless', 12, '2021-07-15 00:00:00', 214, 53),
(227, 'Goat - Leg', 13, '2021-07-14 00:00:00', 71, 67),
(228, 'Carbonated Water - Raspberry', 35, '2021-05-23 00:00:00', 170, 142),
(229, 'Ice Cream - Life Savers', 13, '2021-11-17 00:00:00', 165, 248),
(230, 'Chickensplit Half', 18, '2021-02-23 00:00:00', 169, 213),
(231, 'Truffle Cups Green', 19, '2021-12-02 00:00:00', 6, 236),
(232, 'Cheese - Bakers Cream Cheese', 20, '2021-06-18 00:00:00', 129, 187),
(233, 'Madeira', 39, '2021-11-28 00:00:00', 30, 94),
(234, 'Juice Peach Nectar', 36, '2021-12-22 00:00:00', 194, 215),
(235, 'Chocolate - Dark', 9, '2021-07-04 00:00:00', 83, 240),
(236, 'Quail - Jumbo Boneless', 9, '2021-10-18 00:00:00', 23, 24),
(237, 'Ice Cream - Fudge Bars', 24, '2021-11-17 00:00:00', 230, 218),
(238, 'Gin - Gilbeys London, Dry', 25, '2021-12-18 00:00:00', 12, 178),
(239, 'Pickerel - Fillets', 13, '2021-09-11 00:00:00', 179, 31),
(240, 'Container - Hngd Cll Blk 7x7x3', 20, '2021-07-17 00:00:00', 224, 234),
(241, 'Energy Drink', 28, '2021-11-18 00:00:00', 2, 9),
(242, 'Broom And Broom Rack White', 10, '2021-03-16 00:00:00', 48, 135),
(243, 'Honey - Comb', 11, '2022-01-27 00:00:00', 206, 176),
(244, 'Truffle Shells - Semi - Sweet', 20, '2021-10-13 00:00:00', 86, 223),
(245, 'Table Cloth 54x72 White', 11, '2021-02-18 00:00:00', 214, 1),
(246, 'Ocean Spray - Ruby Red', 33, '2021-07-21 00:00:00', 222, 121),
(247, 'Madeira', 30, '2021-12-14 00:00:00', 102, 50),
(248, 'Squash - Acorn', 24, '2021-12-11 00:00:00', 41, 149),
(249, 'Sole - Fillet', 14, '2021-11-21 00:00:00', 197, 166),
(250, 'Salmon - Canned', 37, '2021-09-25 00:00:00', 182, 151);

-- --------------------------------------------------------

--
-- Table structure for table `order_status`
--

DROP TABLE IF EXISTS `order_status`;
CREATE TABLE `order_status` (
  `id` int(11) NOT NULL,
  `name` varchar(50) NOT NULL,
  `descp` varchar(50) NOT NULL,
  `created_at` date NOT NULL
) ENGINE=InnoDB DEFAULT CHARSET=utf8mb4;

--
-- Dumping data for table `order_status`
--

INSERT INTO `order_status` (`id`, `name`, `descp`, `created_at`) VALUES
(1, 'pending', '待付款', '2022-02-17'),
(2, 'cancel', '已取消', '2022-02-17'),
(3, 'paid', '已付款', '2022-02-17'),
(4, 'refund', '退款中', '2022-02-17'),
(5, 'refunded', '已退款', '2022-02-17'),
(6, 'close', '已關閉', '2022-02-17');

-- --------------------------------------------------------

--
-- Table structure for table `payment_method`
--

DROP TABLE IF EXISTS `payment_method`;
CREATE TABLE `payment_method` (
  `id` int(11) NOT NULL,
  `name` varchar(50) NOT NULL,
  `descp` varchar(50) NOT NULL,
  `created_at` date NOT NULL,
  `valid` int(11) NOT NULL
) ENGINE=InnoDB DEFAULT CHARSET=utf8mb4;

--
-- Dumping data for table `payment_method`
--

INSERT INTO `payment_method` (`id`, `name`, `descp`, `created_at`, `valid`) VALUES
(1, 'Apple Pay', 'Apple 支付', '2022-02-17', 1),
(2, 'Google Pay', 'Google 支付', '2022-02-17', 1),
(3, 'Line Pay', 'Line 第三方支付', '2022-02-17', 1),
(4, '7-11', '代碼繳費', '2022-02-17', 1);

-- --------------------------------------------------------

--
-- Table structure for table `products`
--

DROP TABLE IF EXISTS `products`;
CREATE TABLE `products` (
  `id` int(11) UNSIGNED NOT NULL,
  `name` varchar(50) DEFAULT NULL,
  `descp` text DEFAULT NULL,
  `img` varchar(50) DEFAULT NULL,
  `price` int(11) UNSIGNED DEFAULT NULL,
  `currency` varchar(3) DEFAULT NULL,
  `favorites` int(11) UNSIGNED DEFAULT NULL,
  `owners` int(11) UNSIGNED DEFAULT NULL,
  `stars` decimal(2,1) DEFAULT NULL,
  `created_at` date DEFAULT NULL,
  `expired_at` date DEFAULT NULL,
  `product_status_id` int(11) UNSIGNED DEFAULT NULL,
  `product_series_id` int(11) UNSIGNED DEFAULT NULL
) ENGINE=InnoDB DEFAULT CHARSET=utf8mb4;

--
-- Dumping data for table `products`
--

INSERT INTO `products` (`id`, `name`, `descp`, `img`, `price`, `currency`, `favorites`, `owners`, `stars`, `created_at`, `expired_at`, `product_status_id`, `product_series_id`) VALUES
(1, '曼徹斯特的海邊', 'Nulla ut erat id mauris vulputate elementum. Nullam varius. Nulla facilisi.\n\nCras non velit nec nisi vulputate nonummy. Maecenas tincidunt lacus at velit. Vivamus vel nulla eget eros elementum pellentesque.\n\nQuisque porta volutpat erat. Quisque erat eros, viverra eget, congue eget, semper rutrum, nulla. Nunc purus.', 'images/product/sc/a1', 20, 'NT', 383, 260, '3.0', '2021-12-21', '2021-04-26', 3, 5),
(2, '米其林五星級', 'Duis aliquam convallis nunc. Proin at turpis a pede posuere nonummy. Integer non velit.\n\nDonec diam neque, vestibulum eget, vulputate ut, ultrices vel, augue. Vestibulum ante ipsum primis in faucibus orci luctus et ultrices posuere cubilia Curae; Donec pharetra, magna vestibulum aliquet ultrices, erat tortor sollicitudin mi, sit amet lobortis sapien sapien non mi. Integer ac neque.\n\nDuis bibendum. Morbi non quam nec dui luctus rutrum. Nulla tellus.\n\nIn sagittis dui vel nisl. Duis ac nibh. Fusce lacus purus, aliquet at, feugiat non, pretium quis, lectus.', 'images/product/fo/a1', 20, 'NT', 416, 63, '4.0', '2021-11-17', '2021-07-03', 4, 2),
(3, '羅曼蒂克的秘密', 'Donec diam neque, vestibulum eget, vulputate ut, ultrices vel, augue. Vestibulum ante ipsum primis in faucibus orci luctus et ultrices posuere cubilia Curae; Donec pharetra, magna vestibulum aliquet ultrices, erat tortor sollicitudin mi, sit amet lobortis sapien sapien non mi. Integer ac neque.', 'images/product/we/a1', 20, 'NT', 96, 168, '5.0', '2021-11-21', '2021-11-25', 1, 3),
(4, '80港風', 'In quis justo. Maecenas rhoncus aliquam lacus. Morbi quis tortor id nulla ultrices aliquet.\n\nMaecenas leo odio, condimentum id, luctus nec, molestie sed, justo. Pellentesque viverra pede ac diam. Cras pellentesque volutpat dui.', 'images/product/fi/a1', 20, 'NT', 331, 140, '3.0', '2021-07-31', '2021-03-25', 4, 4),
(5, '延禧攻略', 'Cum sociis natoque penatibus et magnis dis parturient montes, nascetur ridiculus mus. Vivamus vestibulum sagittis sapien. Cum sociis natoque penatibus et magnis dis parturient montes, nascetur ridiculus mus.\n\nEtiam vel augue. Vestibulum rutrum rutrum neque. Aenean auctor gravida sem.', 'images/product/po/a1', 20, 'NT', 275, 154, '4.0', '2021-11-21', '2021-06-06', 1, 6),
(6, '威靈頓牛排', 'Curabitur in libero ut massa volutpat convallis. Morbi odio odio, elementum eu, interdum eu, tincidunt in, leo. Maecenas pulvinar lobortis est.\n\nPhasellus sit amet erat. Nulla tempus. Vivamus in felis eu sapien cursus vestibulum.\n\nProin eu mi. Nulla ac enim. In tempor, turpis nec euismod scelerisque, quam turpis adipiscing lorem, vitae mattis nibh ligula nec sem.', 'images/product/fo/a2', 20, 'NT', 150, 218, '2.0', '2021-04-04', '2021-12-31', 4, 2),
(7, '潔白無瑕的慶典', 'Fusce posuere felis sed lacus. Morbi sem mauris, laoreet ut, rhoncus aliquet, pulvinar sed, nisl. Nunc rhoncus dui vel sem.\n\nSed sagittis. Nam congue, risus semper porta volutpat, quam pede lobortis ligula, sit amet eleifend pede libero quis orci. Nullam molestie nibh in lectus.\n\nPellentesque at nulla. Suspendisse potenti. Cras in purus eu magna vulputate luctus.\n\nCum sociis natoque penatibus et magnis dis parturient montes, nascetur ridiculus mus. Vivamus vestibulum sagittis sapien. Cum sociis natoque penatibus et magnis dis parturient montes, nascetur ridiculus mus.', 'images/product/we/a2', 20, 'NT', 208, 141, '3.0', '2021-07-18', '2022-02-03', 5, 3),
(8, '80美式復古', 'Lorem ipsum dolor sit amet, consectetuer adipiscing elit. Proin risus. Praesent lectus.\n\nVestibulum quam sapien, varius ut, blandit non, interdum in, ante. Vestibulum ante ipsum primis in faucibus orci luctus et ultrices posuere cubilia Curae; Duis faucibus accumsan odio. Curabitur convallis.\n\nDuis consequat dui nec nisi volutpat eleifend. Donec ut dolor. Morbi vel lectus in quam fringilla rhoncus.\n\nMauris enim leo, rhoncus sed, vestibulum sit amet, cursus id, turpis. Integer aliquet, massa id lobortis convallis, tortor risus dapibus augue, vel accumsan tellus nisi eu orci. Mauris lacinia sapien quis libero.', 'images/product/fi/a2', 41, 'NT', 43, 238, '5.0', '2022-01-14', '2021-02-16', 3, 4),
(9, '沙漠風情', 'Cras non velit nec nisi vulputate nonummy. Maecenas tincidunt lacus at velit. Vivamus vel nulla eget eros elementum pellentesque.\n\nQuisque porta volutpat erat. Quisque erat eros, viverra eget, congue eget, semper rutrum, nulla. Nunc purus.', 'images/product/sc/a2', 20, 'NT', 94, 207, '4.0', '2021-09-10', '2021-06-22', 3, 5),
(10, '蒙娜麗莎', 'Curabitur gravida nisi at nibh. In hac habitasse platea dictumst. Aliquam augue quam, sollicitudin vitae, consectetuer eget, rutrum at, lorem.', 'images/product/po/a2', 49, 'NT', 407, 117, '5.0', '2021-11-12', '2021-04-19', 4, 6),
(11, '奶油蛋糕', 'Praesent blandit. Nam nulla. Integer pede justo, lacinia eget, tincidunt eget, tempus vel, pede.', 'images/product/fo/a3', 20, 'NT', 182, 42, '3.0', '2021-10-11', '2021-10-06', 1, 2),
(12, '中國風早生貴子', 'Curabitur gravida nisi at nibh. In hac habitasse platea dictumst. Aliquam augue quam, sollicitudin vitae, consectetuer eget, rutrum at, lorem.\n\nInteger tincidunt ante vel ipsum. Praesent blandit lacinia erat. Vestibulum sed magna at nunc commodo placerat.\n\nPraesent blandit. Nam nulla. Integer pede justo, lacinia eget, tincidunt eget, tempus vel, pede.', 'images/product/we/a3', 20, 'NT', 323, 223, '5.0', '2021-08-14', '2021-02-24', 1, 3),
(13, '甜蜜回憶', 'In hac habitasse platea dictumst. Etiam faucibus cursus urna. Ut tellus.', 'images/product/fi/a3', 20, 'NT', 259, 54, '3.0', '2021-11-21', '2021-06-04', 5, 4),
(14, '春天的腳步', 'Vestibulum quam sapien, varius ut, blandit non, interdum in, ante. Vestibulum ante ipsum primis in faucibus orci luctus et ultrices posuere cubilia Curae; Duis faucibus accumsan odio. Curabitur convallis.', 'images/product/sc/a3', 20, 'NT', 166, 128, '4.0', '2021-03-17', '2021-03-15', 5, 5),
(15, '梵谷自畫像', 'Duis consequat dui nec nisi volutpat eleifend. Donec ut dolor. Morbi vel lectus in quam fringilla rhoncus.\n\nMauris enim leo, rhoncus sed, vestibulum sit amet, cursus id, turpis. Integer aliquet, massa id lobortis convallis, tortor risus dapibus augue, vel accumsan tellus nisi eu orci. Mauris lacinia sapien quis libero.', 'images/product/po/a3', 20, 'NT', 322, 172, '5.0', '2021-09-08', '2022-01-02', 4, 6),
(16, 'Pastry - Chocolate Chip Muffin', 'Cum sociis natoque penatibus et magnis dis parturient montes, nascetur ridiculus mus. Vivamus vestibulum sagittis sapien. Cum sociis natoque penatibus et magnis dis parturient montes, nascetur ridiculus mus.\n\nEtiam vel augue. Vestibulum rutrum rutrum neque. Aenean auctor gravida sem.', 'data:image/png;base64,iVBORw0KGgoAAAANSUhEUgAAABAA', 64, 'NT', 493, 103, '4.5', '2021-10-24', '2021-12-02', 1, 6),
(17, 'Nougat - Paste / Cream', 'Aliquam quis turpis eget elit sodales scelerisque. Mauris sit amet eros. Suspendisse accumsan tortor quis turpis.\n\nSed ante. Vivamus tortor. Duis mattis egestas metus.\n\nAenean fermentum. Donec ut mauris eget massa tempor convallis. Nulla neque libero, convallis eget, eleifend luctus, ultricies eu, nibh.', 'data:image/png;base64,iVBORw0KGgoAAAANSUhEUgAAABAA', 78, 'NT', 221, 141, '5.0', '2021-11-23', '2022-01-01', 5, 2),
(18, 'Chocolate - Semi Sweet, Calets', 'In hac habitasse platea dictumst. Etiam faucibus cursus urna. Ut tellus.\n\nNulla ut erat id mauris vulputate elementum. Nullam varius. Nulla facilisi.\n\nCras non velit nec nisi vulputate nonummy. Maecenas tincidunt lacus at velit. Vivamus vel nulla eget eros elementum pellentesque.\n\nQuisque porta volutpat erat. Quisque erat eros, viverra eget, congue eget, semper rutrum, nulla. Nunc purus.', 'data:image/png;base64,iVBORw0KGgoAAAANSUhEUgAAABAA', 72, 'NT', 171, 267, '3.2', '2022-03-02', '2021-04-08', 4, 4),
(19, 'Uniform Linen Charge', 'Nullam porttitor lacus at turpis. Donec posuere metus vitae ipsum. Aliquam non mauris.', 'data:image/png;base64,iVBORw0KGgoAAAANSUhEUgAAABAA', 61, 'NT', 169, 181, '3.2', '2021-04-08', '2021-05-29', 2, 3),
(20, 'Dc - Frozen Momji', 'Suspendisse potenti. In eleifend quam a odio. In hac habitasse platea dictumst.', 'data:image/png;base64,iVBORw0KGgoAAAANSUhEUgAAABAA', 29, 'NT', 401, 190, '5.0', '2021-07-07', '2021-07-12', 3, 5),
(21, 'Longos - Assorted Sandwich', 'Maecenas tristique, est et tempus semper, est quam pharetra magna, ac consequat metus sapien ut nunc. Vestibulum ante ipsum primis in faucibus orci luctus et ultrices posuere cubilia Curae; Mauris viverra diam vitae quam. Suspendisse potenti.\n\nNullam porttitor lacus at turpis. Donec posuere metus vitae ipsum. Aliquam non mauris.', 'data:image/png;base64,iVBORw0KGgoAAAANSUhEUgAAABAA', 64, 'NT', 414, 94, '2.5', '2021-09-10', '2022-01-13', 5, 6),
(22, 'Chevere Logs', 'Suspendisse potenti. In eleifend quam a odio. In hac habitasse platea dictumst.\n\nMaecenas ut massa quis augue luctus tincidunt. Nulla mollis molestie lorem. Quisque ut erat.\n\nCurabitur gravida nisi at nibh. In hac habitasse platea dictumst. Aliquam augue quam, sollicitudin vitae, consectetuer eget, rutrum at, lorem.', 'data:image/png;base64,iVBORw0KGgoAAAANSUhEUgAAABAA', 67, 'NT', 347, 238, '1.7', '2021-06-29', '2021-10-24', 1, 5),
(23, 'Juice - Ocean Spray Kiwi', 'Proin leo odio, porttitor id, consequat in, consequat ut, nulla. Sed accumsan felis. Ut at dolor quis odio consequat varius.\n\nInteger ac leo. Pellentesque ultrices mattis odio. Donec vitae nisi.', 'data:image/png;base64,iVBORw0KGgoAAAANSUhEUgAAABAA', 43, 'NT', 435, 33, '3.8', '2021-02-18', '2021-02-21', 1, 6),
(24, 'Tandoori Curry Paste', 'In congue. Etiam justo. Etiam pretium iaculis justo.', 'data:image/png;base64,iVBORw0KGgoAAAANSUhEUgAAABAA', 65, 'NT', 179, 120, '1.6', '2022-01-24', '2022-01-11', 5, 1),
(25, 'Wine - Red, Pelee Island Merlot', 'Suspendisse potenti. In eleifend quam a odio. In hac habitasse platea dictumst.\n\nMaecenas ut massa quis augue luctus tincidunt. Nulla mollis molestie lorem. Quisque ut erat.', 'data:image/png;base64,iVBORw0KGgoAAAANSUhEUgAAABAA', 76, 'NT', 121, 47, '2.2', '2021-03-31', '2021-06-04', 4, 4),
(26, 'Wine - Sake', 'Integer ac leo. Pellentesque ultrices mattis odio. Donec vitae nisi.\n\nNam ultrices, libero non mattis pulvinar, nulla pede ullamcorper augue, a suscipit nulla elit ac nulla. Sed vel enim sit amet nunc viverra dapibus. Nulla suscipit ligula in lacus.', 'data:image/png;base64,iVBORw0KGgoAAAANSUhEUgAAABAA', 59, 'NT', 510, 125, '5.0', '2021-09-04', '2021-12-04', 2, 6),
(27, 'Rye Special Old', 'Duis aliquam convallis nunc. Proin at turpis a pede posuere nonummy. Integer non velit.', 'data:image/png;base64,iVBORw0KGgoAAAANSUhEUgAAABAA', 45, 'NT', 429, 145, '3.3', '2021-07-16', '2021-10-29', 5, 5),
(28, 'Pepper - Red Bell', 'In hac habitasse platea dictumst. Etiam faucibus cursus urna. Ut tellus.\n\nNulla ut erat id mauris vulputate elementum. Nullam varius. Nulla facilisi.\n\nCras non velit nec nisi vulputate nonummy. Maecenas tincidunt lacus at velit. Vivamus vel nulla eget eros elementum pellentesque.\n\nQuisque porta volutpat erat. Quisque erat eros, viverra eget, congue eget, semper rutrum, nulla. Nunc purus.', 'data:image/png;base64,iVBORw0KGgoAAAANSUhEUgAAABAA', 60, 'NT', 318, 157, '3.3', '2021-09-18', '2021-09-12', 1, 6),
(29, 'Veal - Tenderloin, Untrimmed', 'Quisque porta volutpat erat. Quisque erat eros, viverra eget, congue eget, semper rutrum, nulla. Nunc purus.', 'data:image/png;base64,iVBORw0KGgoAAAANSUhEUgAAABAA', 53, 'NT', 194, 114, '4.3', '2021-05-04', '2022-01-03', 4, 3),
(30, 'Flour - Strong', 'Praesent blandit. Nam nulla. Integer pede justo, lacinia eget, tincidunt eget, tempus vel, pede.\n\nMorbi porttitor lorem id ligula. Suspendisse ornare consequat lectus. In est risus, auctor sed, tristique in, tempus sit amet, sem.\n\nFusce consequat. Nulla nisl. Nunc nisl.', 'data:image/png;base64,iVBORw0KGgoAAAANSUhEUgAAABAA', 35, 'NT', 400, 243, '4.6', '2021-07-08', '2021-05-24', 4, 6),
(31, 'Flavouring Vanilla Artificial', 'Fusce consequat. Nulla nisl. Nunc nisl.\n\nDuis bibendum, felis sed interdum venenatis, turpis enim blandit mi, in porttitor pede justo eu massa. Donec dapibus. Duis at velit eu est congue elementum.\n\nIn hac habitasse platea dictumst. Morbi vestibulum, velit id pretium iaculis, diam erat fermentum justo, nec condimentum neque sapien placerat ante. Nulla justo.\n\nAliquam quis turpis eget elit sodales scelerisque. Mauris sit amet eros. Suspendisse accumsan tortor quis turpis.', 'data:image/png;base64,iVBORw0KGgoAAAANSUhEUgAAABAA', 58, 'NT', 118, 257, '3.4', '2021-11-01', '2021-07-16', 5, 3),
(32, 'Soup - Beef Conomme, Dry', 'In sagittis dui vel nisl. Duis ac nibh. Fusce lacus purus, aliquet at, feugiat non, pretium quis, lectus.', 'data:image/png;base64,iVBORw0KGgoAAAANSUhEUgAAABAA', 49, 'NT', 357, 139, '1.2', '2021-07-27', '2021-06-20', 5, 6),
(33, 'Chicken - Leg, Fresh', 'Proin leo odio, porttitor id, consequat in, consequat ut, nulla. Sed accumsan felis. Ut at dolor quis odio consequat varius.\n\nInteger ac leo. Pellentesque ultrices mattis odio. Donec vitae nisi.\n\nNam ultrices, libero non mattis pulvinar, nulla pede ullamcorper augue, a suscipit nulla elit ac nulla. Sed vel enim sit amet nunc viverra dapibus. Nulla suscipit ligula in lacus.', 'data:image/png;base64,iVBORw0KGgoAAAANSUhEUgAAABAA', 22, 'NT', 353, 209, '1.3', '2021-06-13', '2021-12-31', 3, 6),
(34, 'Wine - Manischewitz Concord', 'Duis bibendum. Morbi non quam nec dui luctus rutrum. Nulla tellus.\n\nIn sagittis dui vel nisl. Duis ac nibh. Fusce lacus purus, aliquet at, feugiat non, pretium quis, lectus.\n\nSuspendisse potenti. In eleifend quam a odio. In hac habitasse platea dictumst.\n\nMaecenas ut massa quis augue luctus tincidunt. Nulla mollis molestie lorem. Quisque ut erat.', 'data:image/png;base64,iVBORw0KGgoAAAANSUhEUgAAABAA', 49, 'NT', 76, 80, '1.9', '2021-08-05', '2021-08-10', 3, 6),
(35, 'Salt - Sea', 'Proin leo odio, porttitor id, consequat in, consequat ut, nulla. Sed accumsan felis. Ut at dolor quis odio consequat varius.\n\nInteger ac leo. Pellentesque ultrices mattis odio. Donec vitae nisi.\n\nNam ultrices, libero non mattis pulvinar, nulla pede ullamcorper augue, a suscipit nulla elit ac nulla. Sed vel enim sit amet nunc viverra dapibus. Nulla suscipit ligula in lacus.', 'data:image/png;base64,iVBORw0KGgoAAAANSUhEUgAAABAA', 68, 'NT', 177, 70, '1.5', '2021-02-16', '2021-08-14', 5, 3),
(36, 'Tart - Pecan Butter Squares', 'Curabitur at ipsum ac tellus semper interdum. Mauris ullamcorper purus sit amet nulla. Quisque arcu libero, rutrum ac, lobortis vel, dapibus at, diam.', 'data:image/png;base64,iVBORw0KGgoAAAANSUhEUgAAABAA', 46, 'NT', 67, 70, '2.0', '2021-06-13', '2021-11-19', 4, 6),
(37, 'Longan', 'Fusce posuere felis sed lacus. Morbi sem mauris, laoreet ut, rhoncus aliquet, pulvinar sed, nisl. Nunc rhoncus dui vel sem.\n\nSed sagittis. Nam congue, risus semper porta volutpat, quam pede lobortis ligula, sit amet eleifend pede libero quis orci. Nullam molestie nibh in lectus.\n\nPellentesque at nulla. Suspendisse potenti. Cras in purus eu magna vulputate luctus.\n\nCum sociis natoque penatibus et magnis dis parturient montes, nascetur ridiculus mus. Vivamus vestibulum sagittis sapien. Cum sociis natoque penatibus et magnis dis parturient montes, nascetur ridiculus mus.', 'data:image/png;base64,iVBORw0KGgoAAAANSUhEUgAAABAA', 63, 'NT', 355, 238, '4.7', '2021-11-07', '2021-06-25', 3, 5),
(38, 'Coffee - Colombian, Portioned', 'Duis bibendum, felis sed interdum venenatis, turpis enim blandit mi, in porttitor pede justo eu massa. Donec dapibus. Duis at velit eu est congue elementum.\n\nIn hac habitasse platea dictumst. Morbi vestibulum, velit id pretium iaculis, diam erat fermentum justo, nec condimentum neque sapien placerat ante. Nulla justo.\n\nAliquam quis turpis eget elit sodales scelerisque. Mauris sit amet eros. Suspendisse accumsan tortor quis turpis.\n\nSed ante. Vivamus tortor. Duis mattis egestas metus.', 'data:image/png;base64,iVBORw0KGgoAAAANSUhEUgAAABAA', 22, 'NT', 437, 174, '3.8', '2022-01-06', '2021-08-07', 4, 6),
(39, 'Wine - Balbach Riverside', 'Morbi non lectus. Aliquam sit amet diam in magna bibendum imperdiet. Nullam orci pede, venenatis non, sodales sed, tincidunt eu, felis.\n\nFusce posuere felis sed lacus. Morbi sem mauris, laoreet ut, rhoncus aliquet, pulvinar sed, nisl. Nunc rhoncus dui vel sem.\n\nSed sagittis. Nam congue, risus semper porta volutpat, quam pede lobortis ligula, sit amet eleifend pede libero quis orci. Nullam molestie nibh in lectus.', 'data:image/png;base64,iVBORw0KGgoAAAANSUhEUgAAABAA', 26, 'NT', 94, 34, '3.5', '2021-07-18', '2021-05-02', 3, 5),
(40, 'Cod - Fillets', 'Cum sociis natoque penatibus et magnis dis parturient montes, nascetur ridiculus mus. Vivamus vestibulum sagittis sapien. Cum sociis natoque penatibus et magnis dis parturient montes, nascetur ridiculus mus.\n\nEtiam vel augue. Vestibulum rutrum rutrum neque. Aenean auctor gravida sem.\n\nPraesent id massa id nisl venenatis lacinia. Aenean sit amet justo. Morbi ut odio.\n\nCras mi pede, malesuada in, imperdiet et, commodo vulputate, justo. In blandit ultrices enim. Lorem ipsum dolor sit amet, consectetuer adipiscing elit.', 'data:image/png;base64,iVBORw0KGgoAAAANSUhEUgAAABAA', 75, 'NT', 293, 130, '3.2', '2021-06-01', '2021-05-06', 3, 2),
(41, 'Nut - Pecan, Halves', 'Cum sociis natoque penatibus et magnis dis parturient montes, nascetur ridiculus mus. Vivamus vestibulum sagittis sapien. Cum sociis natoque penatibus et magnis dis parturient montes, nascetur ridiculus mus.\n\nEtiam vel augue. Vestibulum rutrum rutrum neque. Aenean auctor gravida sem.', 'data:image/png;base64,iVBORw0KGgoAAAANSUhEUgAAABAA', 42, 'NT', 490, 216, '4.3', '2022-01-31', '2021-10-12', 5, 3),
(42, 'Eggplant - Baby', 'Phasellus in felis. Donec semper sapien a libero. Nam dui.\n\nProin leo odio, porttitor id, consequat in, consequat ut, nulla. Sed accumsan felis. Ut at dolor quis odio consequat varius.\n\nInteger ac leo. Pellentesque ultrices mattis odio. Donec vitae nisi.', 'data:image/png;base64,iVBORw0KGgoAAAANSUhEUgAAABAA', 66, 'NT', 166, 37, '5.0', '2021-08-29', '2021-12-13', 4, 6),
(43, 'Cookie Chocolate Chip With', 'Integer ac leo. Pellentesque ultrices mattis odio. Donec vitae nisi.\n\nNam ultrices, libero non mattis pulvinar, nulla pede ullamcorper augue, a suscipit nulla elit ac nulla. Sed vel enim sit amet nunc viverra dapibus. Nulla suscipit ligula in lacus.\n\nCurabitur at ipsum ac tellus semper interdum. Mauris ullamcorper purus sit amet nulla. Quisque arcu libero, rutrum ac, lobortis vel, dapibus at, diam.', 'data:image/png;base64,iVBORw0KGgoAAAANSUhEUgAAABAA', 24, 'NT', 322, 246, '1.8', '2021-06-10', '2021-07-21', 2, 6),
(44, 'Rabbit - Legs', 'Vestibulum quam sapien, varius ut, blandit non, interdum in, ante. Vestibulum ante ipsum primis in faucibus orci luctus et ultrices posuere cubilia Curae; Duis faucibus accumsan odio. Curabitur convallis.\n\nDuis consequat dui nec nisi volutpat eleifend. Donec ut dolor. Morbi vel lectus in quam fringilla rhoncus.\n\nMauris enim leo, rhoncus sed, vestibulum sit amet, cursus id, turpis. Integer aliquet, massa id lobortis convallis, tortor risus dapibus augue, vel accumsan tellus nisi eu orci. Mauris lacinia sapien quis libero.\n\nNullam sit amet turpis elementum ligula vehicula consequat. Morbi a ipsum. Integer a nibh.', 'data:image/png;base64,iVBORw0KGgoAAAANSUhEUgAAABAA', 69, 'NT', 422, 209, '3.5', '2021-11-21', '2022-01-26', 5, 2),
(45, 'Island Oasis - Ice Cream Mix', 'Proin eu mi. Nulla ac enim. In tempor, turpis nec euismod scelerisque, quam turpis adipiscing lorem, vitae mattis nibh ligula nec sem.\n\nDuis aliquam convallis nunc. Proin at turpis a pede posuere nonummy. Integer non velit.\n\nDonec diam neque, vestibulum eget, vulputate ut, ultrices vel, augue. Vestibulum ante ipsum primis in faucibus orci luctus et ultrices posuere cubilia Curae; Donec pharetra, magna vestibulum aliquet ultrices, erat tortor sollicitudin mi, sit amet lobortis sapien sapien non mi. Integer ac neque.', 'data:image/png;base64,iVBORw0KGgoAAAANSUhEUgAAABAA', 33, 'NT', 118, 96, '2.1', '2021-05-16', '2021-12-13', 1, 2),
(46, 'Soup - Knorr, French Onion', 'Cum sociis natoque penatibus et magnis dis parturient montes, nascetur ridiculus mus. Vivamus vestibulum sagittis sapien. Cum sociis natoque penatibus et magnis dis parturient montes, nascetur ridiculus mus.\n\nEtiam vel augue. Vestibulum rutrum rutrum neque. Aenean auctor gravida sem.\n\nPraesent id massa id nisl venenatis lacinia. Aenean sit amet justo. Morbi ut odio.\n\nCras mi pede, malesuada in, imperdiet et, commodo vulputate, justo. In blandit ultrices enim. Lorem ipsum dolor sit amet, consectetuer adipiscing elit.', 'data:image/png;base64,iVBORw0KGgoAAAANSUhEUgAAABAA', 67, 'NT', 102, 148, '4.8', '2021-10-14', '2021-08-20', 3, 1),
(47, 'Steampan - Lid For Half Size', 'Morbi non lectus. Aliquam sit amet diam in magna bibendum imperdiet. Nullam orci pede, venenatis non, sodales sed, tincidunt eu, felis.\n\nFusce posuere felis sed lacus. Morbi sem mauris, laoreet ut, rhoncus aliquet, pulvinar sed, nisl. Nunc rhoncus dui vel sem.\n\nSed sagittis. Nam congue, risus semper porta volutpat, quam pede lobortis ligula, sit amet eleifend pede libero quis orci. Nullam molestie nibh in lectus.\n\nPellentesque at nulla. Suspendisse potenti. Cras in purus eu magna vulputate luctus.', 'data:image/png;base64,iVBORw0KGgoAAAANSUhEUgAAABAA', 21, 'NT', 247, 122, '3.4', '2021-06-12', '2021-05-01', 3, 6),
(48, 'Sprite, Diet - 355ml', 'Fusce consequat. Nulla nisl. Nunc nisl.', 'data:image/png;base64,iVBORw0KGgoAAAANSUhEUgAAABAA', 28, 'NT', 244, 265, '2.3', '2021-03-19', '2021-09-17', 4, 6),
(49, 'Jam - Raspberry,jar', 'Duis aliquam convallis nunc. Proin at turpis a pede posuere nonummy. Integer non velit.\n\nDonec diam neque, vestibulum eget, vulputate ut, ultrices vel, augue. Vestibulum ante ipsum primis in faucibus orci luctus et ultrices posuere cubilia Curae; Donec pharetra, magna vestibulum aliquet ultrices, erat tortor sollicitudin mi, sit amet lobortis sapien sapien non mi. Integer ac neque.', 'data:image/png;base64,iVBORw0KGgoAAAANSUhEUgAAABAA', 57, 'NT', 151, 195, '1.3', '2021-09-07', '2022-02-13', 3, 4),
(50, 'Muffin Puck Ww Carrot', 'In quis justo. Maecenas rhoncus aliquam lacus. Morbi quis tortor id nulla ultrices aliquet.\n\nMaecenas leo odio, condimentum id, luctus nec, molestie sed, justo. Pellentesque viverra pede ac diam. Cras pellentesque volutpat dui.\n\nMaecenas tristique, est et tempus semper, est quam pharetra magna, ac consequat metus sapien ut nunc. Vestibulum ante ipsum primis in faucibus orci luctus et ultrices posuere cubilia Curae; Mauris viverra diam vitae quam. Suspendisse potenti.\n\nNullam porttitor lacus at turpis. Donec posuere metus vitae ipsum. Aliquam non mauris.', 'data:image/png;base64,iVBORw0KGgoAAAANSUhEUgAAABAA', 64, 'NT', 138, 68, '2.8', '2022-03-05', '2021-09-26', 1, 1);

-- --------------------------------------------------------

--
-- Table structure for table `product_series`
--

DROP TABLE IF EXISTS `product_series`;
CREATE TABLE `product_series` (
  `id` int(11) NOT NULL,
  `name` varchar(50) DEFAULT NULL,
  `descp` varchar(50) DEFAULT NULL,
  `created_at` date DEFAULT NULL,
  `valid` int(11) DEFAULT NULL
) ENGINE=InnoDB DEFAULT CHARSET=utf8mb4;

--
-- Dumping data for table `product_series`
--

INSERT INTO `product_series` (`id`, `name`, `descp`, `created_at`, `valid`) VALUES
(1, 'other', '其它', '2022-02-16', 1),
(2, 'food', '食物', '2022-02-16', 1),
(3, 'wedding', '婚禮', '2022-02-16', 1),
(4, 'flim', '復古', '2022-02-16', 1),
(5, 'scenery', '風景', '2022-02-16', 1),
(6, 'portrait', '人像', '2022-02-16', 1);

-- --------------------------------------------------------

--
-- Table structure for table `product_status`
--

DROP TABLE IF EXISTS `product_status`;
CREATE TABLE `product_status` (
  `id` int(11) UNSIGNED NOT NULL,
  `name` varchar(50) DEFAULT NULL,
  `descp` varchar(50) DEFAULT NULL,
  `created_at` date DEFAULT NULL,
  `valid` int(11) UNSIGNED DEFAULT NULL
) ENGINE=InnoDB DEFAULT CHARSET=utf8mb4;

--
-- Dumping data for table `product_status`
--

INSERT INTO `product_status` (`id`, `name`, `descp`, `created_at`, `valid`) VALUES
(1, 'public', '已上架', '2022-02-16', 1),
(2, 'private', '已下架', '2022-02-16', 1),
(3, 'prepared_public', '等待上架', '2022-02-16', 1),
(4, 'prepared_private', '等待下架', '2022-02-16', 1),
(5, 'stop', '停止下載', '2022-02-16', 1);

-- --------------------------------------------------------

--
-- Table structure for table `product_tag`
--

DROP TABLE IF EXISTS `product_tag`;
CREATE TABLE `product_tag` (
  `id` int(11) NOT NULL,
  `tag_id` int(11) DEFAULT NULL,
  `product_id` int(11) NOT NULL
) ENGINE=InnoDB DEFAULT CHARSET=utf8mb4;

--
-- Dumping data for table `product_tag`
--

INSERT INTO `product_tag` (`id`, `tag_id`, `product_id`) VALUES
(1, 1, 10),
(2, 2, 4),
(3, 3, 14),
(4, 4, 3),
(5, 1, 15),
(6, 2, 8),
(7, 4, 15);

-- --------------------------------------------------------

--
-- Table structure for table `review`
--

DROP TABLE IF EXISTS `review`;
CREATE TABLE `review` (
  `id` int(11) NOT NULL,
  `title` varchar(20) DEFAULT NULL,
  `content` varchar(250) NOT NULL,
  `starts` int(11) NOT NULL,
  `img` varchar(50) CHARACTER SET utf8mb4 COLLATE utf8mb4_unicode_ci NOT NULL,
  `likes` int(11) NOT NULL,
  `unlikes` int(11) NOT NULL,
  `created_at` datetime NOT NULL,
  `review_status_id` int(11) NOT NULL,
  `user_id` int(11) NOT NULL,
  `product_id` int(11) NOT NULL
) ENGINE=InnoDB DEFAULT CHARSET=utf8mb4;

--
-- Dumping data for table `review`
--

INSERT INTO `review` (`id`, `title`, `content`, `starts`, `img`, `likes`, `unlikes`, `created_at`, `review_status_id`, `user_id`, `product_id`) VALUES
(1, '真的很好用', '讓照片質感都不一樣', 5, '', 10, 0, '2022-02-18 10:15:17', 4, 1, 3);

-- --------------------------------------------------------

--
-- Table structure for table `review_status`
--

DROP TABLE IF EXISTS `review_status`;
CREATE TABLE `review_status` (
  `id` int(11) NOT NULL,
  `name` varchar(20) NOT NULL,
  `descp` varchar(100) NOT NULL,
  `created_at` datetime NOT NULL
) ENGINE=InnoDB DEFAULT CHARSET=utf8mb4;

--
-- Dumping data for table `review_status`
--

INSERT INTO `review_status` (`id`, `name`, `descp`, `created_at`) VALUES
(1, 'private', '隱藏', '2022-02-18 10:10:18'),
(2, 'draft', '草稿', '2022-02-18 10:10:18'),
(3, 'delete', '刪除', '2022-02-18 10:14:09'),
(4, 'public', '發布', '2022-02-18 10:14:09');

-- --------------------------------------------------------

--
-- Table structure for table `tag`
--

DROP TABLE IF EXISTS `tag`;
CREATE TABLE `tag` (
  `id` int(11) NOT NULL,
  `name` varchar(8) CHARACTER SET utf8mb4 COLLATE utf8mb4_unicode_ci NOT NULL
) ENGINE=InnoDB DEFAULT CHARSET=utf8mb4;

--
-- Dumping data for table `tag`
--

INSERT INTO `tag` (`id`, `name`) VALUES
(1, '名畫風'),
(2, '底片風'),
(3, '清新風'),
(4, '粉色風');

-- --------------------------------------------------------

--
-- Table structure for table `users`
--

DROP TABLE IF EXISTS `users`;
CREATE TABLE `users` (
  `id` int(11) DEFAULT NULL,
  `name` varchar(50) DEFAULT NULL,
  `gender` varchar(50) DEFAULT NULL,
  `account` varchar(50) DEFAULT NULL,
  `email` varchar(50) DEFAULT NULL,
  `password` varchar(50) DEFAULT NULL,
  `phone` varchar(50) DEFAULT NULL,
  `created_at` date DEFAULT NULL,
  `modified_at` date DEFAULT NULL,
  `registered` int(11) DEFAULT NULL,
  `password_hint` text DEFAULT NULL,
  `user_status_id` int(11) DEFAULT NULL
) ENGINE=InnoDB DEFAULT CHARSET=utf8mb4;

--
-- Dumping data for table `users`
--

INSERT INTO `users` (`id`, `name`, `gender`, `account`, `email`, `password`, `phone`, `created_at`, `modified_at`, `registered`, `password_hint`, `user_status_id`) VALUES
(1, 'Carolee Beden', 'Bigender', 'cbeden0', 'cbeden0@oaic.gov.au', 'NtpCu0', '6468825702', '2021-03-30', '2021-07-25', 0, 'nibh', 3),
(2, 'Kanya Childes', 'Trans Man', 'kchildes1', 'kchildes1@mac.com', 'rwGVOdxFzw', '5529219007', '2021-03-18', '2021-09-21', 2, 'libero', 2),
(3, 'Gizela Mossdale', 'Cisgender Male', 'gmossdale2', 'gmossdale2@reference.com', 'wa76Lk', '4009218550', '2021-04-17', '2022-01-10', 0, 'sapien in', 1),
(4, 'Zebulon Grimbaldeston', 'Transmasculine', 'zgrimbaldeston3', 'zgrimbaldeston3@sina.com.cn', 'nOiQRa0R', '9769508141', '2021-05-14', '2021-11-18', 2, 'maecenas', 1),
(5, 'Tobe Lydiard', 'Trans Man', 'tlydiard4', 'tlydiard4@blogspot.com', 'TpzNqiE8HDE', '8943117130', '2021-10-18', '2021-11-02', 2, 'at turpis', 3),
(6, 'Jolynn Shenfisch', 'Transgender Woman', 'jshenfisch5', 'jshenfisch5@house.gov', 'PDjk3Y', '3333878852', '2021-05-23', '2021-07-16', 2, 'eleifend pede', 1),
(7, 'Roderick Dohms', 'Transsexual Female', 'rdohms6', 'rdohms6@naver.com', 'dVDdxs', '7653552375', '2021-09-03', '2022-01-23', 0, 'at', 3),
(8, 'Baird Pontefract', 'Agender', 'bpontefract7', 'bpontefract7@arizona.edu', 'hdWAjyyE7', '4121673670', '2021-04-20', '2021-06-14', 0, 'maecenas rhoncus', 3),
(9, 'Sonja Dalinder', 'Transsexual Man', 'sdalinder8', 'sdalinder8@taobao.com', 'GtH3cCat370', '3901493421', '2021-05-17', '2021-08-26', 1, 'justo', 2),
(10, 'Anissa Mallya', 'Transsexual Person', 'amallya9', 'amallya9@cnet.com', 'SlbTpC1bKKxn', '5105797381', '2021-04-16', '2021-07-27', 1, 'dui maecenas', 3),
(11, 'Leland Sivewright', 'Neither', 'lsivewrighta', 'lsivewrighta@cocolog-nifty.com', '1FnUmiRziLd', '3022544075', '2022-01-26', '2022-02-14', 0, 'dapibus', 3),
(12, 'Annadiane Rogers', 'Transgender Male', 'arogersb', 'arogersb@ftc.gov', 'uHcxMrYLK67', '2642414491', '2021-02-21', '2021-03-21', 1, 'nunc', 3),
(13, 'Evvy Crowley', 'Cisgender Woman', 'ecrowleyc', 'ecrowleyc@github.io', 'cVuDbHZfcI9O', '3185963783', '2021-10-24', '2021-12-01', 2, 'morbi quis', 3),
(14, 'Kelsi Barthrup', 'Transsexual Male', 'kbarthrupd', 'kbarthrupd@constantcontact.com', '5HRmInSx', '8272490198', '2021-08-09', '2021-08-03', 0, 'nibh ligula', 1),
(15, 'Brenda Bevens', 'Trans Man', 'bbevense', 'bbevense@liveinternet.ru', 'H0amPDiRihqw', '3702826566', '2021-07-08', '2021-03-30', 0, 'id', 3),
(16, 'Lin Prendergrast', 'Neither', 'lprendergrastf', 'lprendergrastf@stumbleupon.com', '2VCQ1x1Gyhu1', '1208102784', '2021-12-07', '2021-11-06', 2, 'eget', 3),
(17, 'Gearalt Millward', 'Neutrois', 'gmillwardg', 'gmillwardg@surveymonkey.com', 'NzoMDH', '2276735131', '2021-12-15', '2021-12-09', 1, 'tincidunt in', 1),
(18, 'Darb Dulake', 'Cisgender Man', 'ddulakeh', 'ddulakeh@intel.com', 'czuVq0b', '8304378592', '2021-04-18', '2021-04-20', 2, 'nisi', 3),
(19, 'Horatia Shand', 'Neither', 'hshandi', 'hshandi@spotify.com', 'Z4KU6Ug5Ius', '6221347751', '2021-10-02', '2021-03-06', 0, 'non', 2),
(20, 'Mose Morton', 'Intersex', 'mmortonj', 'mmortonj@list-manage.com', '87DpCl4MynQM', '7206063628', '2021-03-13', '2021-11-30', 2, 'nec', 3),
(21, 'Lizette Scargill', 'Transsexual', 'lscargillk', 'lscargillk@disqus.com', 'cuSJkOtAG', '9414838438', '2021-05-05', '2021-05-15', 0, 'aliquam', 2),
(22, 'Rad MacCleay', 'Intersex', 'rmaccleayl', 'rmaccleayl@dmoz.org', 'dyYFUs', '2058474566', '2021-04-30', '2021-12-05', 0, 'convallis', 2),
(23, 'Justina Noquet', 'Transgender', 'jnoquetm', 'jnoquetm@businesswire.com', 'v8Zw3Jf', '6647343670', '2021-07-15', '2021-08-15', 1, 'vestibulum', 1),
(24, 'Lily Dominey', 'Trans Male', 'ldomineyn', 'ldomineyn@economist.com', 'C0zaFaN', '2262976715', '2021-08-10', '2021-02-28', 2, 'vulputate ut', 1),
(25, 'Burtie Boud', 'Genderqueer', 'bboudo', 'bboudo@aboutads.info', 'EzTZOenzO1w0', '7888943766', '2022-01-08', '2021-10-20', 0, 'nascetur ridiculus', 2),
(26, 'Taylor Welford', 'Trans Female', 'twelfordp', 'twelfordp@rakuten.co.jp', '8CuIDyocxA', '7772679982', '2021-09-21', '2021-02-26', 1, 'nulla', 1),
(27, 'Nikki Lawfull', 'Trans Man', 'nlawfullq', 'nlawfullq@senate.gov', '0ZLUchfr', '6807901005', '2021-03-10', '2022-02-06', 2, 'eget semper', 3),
(28, 'Roosevelt Eakeley', 'MTF', 'reakeleyr', 'reakeleyr@networkadvertising.org', '9OeoIU3IzyN', '5268863845', '2021-07-22', '2021-06-21', 2, 'etiam', 3),
(29, 'Shay Kaplin', 'Gender Questioning', 'skaplins', 'skaplins@ycombinator.com', 'zwFkipwEO', '6211222974', '2022-01-28', '2021-11-04', 0, 'metus', 2),
(30, 'Ryon Hansbury', 'Male to Female', 'rhansburyt', 'rhansburyt@tuttocitta.it', 'UtmytOt', '1994404223', '2021-11-15', '2021-10-28', 0, 'curae', 2),
(31, 'Gratiana Physic', 'Cisgender', 'gphysicu', 'gphysicu@mozilla.com', 'iyy1a2bzM8', '7513899735', '2021-05-17', '2021-12-18', 0, 'leo', 1),
(32, 'Faustine Reggler', 'Neither', 'fregglerv', 'fregglerv@mediafire.com', 'CtvlRUFpLIb', '2459989868', '2021-06-11', '2021-10-23', 2, 'vitae mattis', 2),
(33, 'Sal Fausch', 'Genderqueer', 'sfauschw', 'sfauschw@bloglovin.com', 'cJ5PjKifGd', '9075808008', '2022-01-11', '2021-08-13', 0, 'nibh', 3),
(34, 'Saba Seamans', 'Transfeminine', 'sseamansx', 'sseamansx@bbc.co.uk', 'q1hwnln', '7452920314', '2021-04-07', '2021-06-10', 2, 'ante', 3),
(35, 'Ericha Warcup', 'Transsexual Person', 'ewarcupy', 'ewarcupy@yelp.com', 'thGEpr37', '5136361853', '2021-04-19', '2021-11-17', 2, 'donec', 2),
(36, 'Lorrie Fitzackerley', 'Androgyne', 'lfitzackerleyz', 'lfitzackerleyz@exblog.jp', 'MwCwWekDe', '1284870034', '2021-08-24', '2021-11-17', 0, 'sem', 2),
(37, 'Carmela McKeand', 'Transmasculine', 'cmckeand10', 'cmckeand10@domainmarket.com', 'uAg8KdH1qf', '6201170690', '2021-05-11', '2022-01-29', 2, 'in tempus', 2),
(38, 'Brett Cartmill', 'Other', 'bcartmill11', 'bcartmill11@va.gov', 'gQBOGfYWv', '1537120942', '2021-03-26', '2021-03-11', 1, 'vel', 2),
(39, 'Dill Harby', 'Cis', 'dharby12', 'dharby12@google.pl', 'J44BYfI9', '5077991165', '2022-02-04', '2021-09-01', 2, 'at nunc', 3),
(40, 'Corly Finnes', 'Bigender', 'cfinnes13', 'cfinnes13@discuz.net', 'KFFkgm', '6957280977', '2021-07-31', '2021-12-16', 2, 'dui luctus', 2),
(41, 'Archaimbaud Syne', 'Agender', 'asyne14', 'asyne14@youtu.be', 'mvqwGa4MbU5', '7505253066', '2021-08-09', '2021-07-12', 2, 'potenti nullam', 1),
(42, 'Amalle Farherty', 'Transsexual Woman', 'afarherty15', 'afarherty15@tinypic.com', '1WcwG3eckKyy', '6139569682', '2021-03-12', '2021-04-11', 1, 'dolor quis', 3),
(43, 'Baillie Mitchenson', 'Cisgender Woman', 'bmitchenson16', 'bmitchenson16@msn.com', 'gv0NsDnU', '5062748494', '2021-04-02', '2021-05-21', 0, 'duis', 3),
(44, 'Bambie Greetland', 'Cis', 'bgreetland17', 'bgreetland17@dropbox.com', '2YWswfk', '4089370299', '2022-01-02', '2021-10-07', 1, 'nunc', 3),
(45, 'Eula Fuge', 'Cisgender Man', 'efuge18', 'efuge18@domainmarket.com', 'n3ch1vA', '2123022849', '2021-05-12', '2021-02-25', 1, 'et tempus', 1),
(46, 'Karlan Tizzard', 'Transgender Man', 'ktizzard19', 'ktizzard19@howstuffworks.com', 'nv59IJ6Tr66', '2876717529', '2021-10-13', '2021-03-11', 2, 'ultrices', 2),
(47, 'Clive Sellens', 'Cis Male', 'csellens1a', 'csellens1a@unblog.fr', 'NUSmh4MKd2', '2624725210', '2021-12-04', '2021-04-26', 2, 'ligula', 2),
(48, 'Gerrie Syrett', 'Pangender', 'gsyrett1b', 'gsyrett1b@amazonaws.com', 'dELriE9', '8133269394', '2022-01-24', '2022-02-09', 1, 'vestibulum sed', 1),
(49, 'Callida Cayley', 'Agender', 'ccayley1c', 'ccayley1c@accuweather.com', 'IuCLgKbFs', '7184976683', '2021-08-14', '2021-03-12', 2, 'in lectus', 2),
(50, 'Gayelord Threader', 'Agender', 'gthreader1d', 'gthreader1d@lulu.com', 'ZjRHDpf8VHH', '4191406739', '2021-06-17', '2021-09-25', 1, 'consectetuer adipiscing', 1),
(51, 'Jared McWhorter', 'Cisgender Man', 'jmcwhorter1e', 'jmcwhorter1e@house.gov', 'X5GqQk7', '4476993766', '2021-02-19', '2021-11-29', 0, 'donec diam', 3),
(52, 'Barbe Cockling', 'Genderqueer', 'bcockling1f', 'bcockling1f@elegantthemes.com', '9znmzC4sQ', '7953316589', '2021-08-10', '2021-03-30', 2, 'proin risus', 3),
(53, 'Pris Savary', 'Trans Man', 'psavary1g', 'psavary1g@webs.com', 'lbF0v4dIcmkC', '4926050919', '2021-02-28', '2021-09-05', 1, 'adipiscing elit', 2),
(54, 'Chlo Whitwell', 'Cisgender', 'cwhitwell1h', 'cwhitwell1h@about.com', 'WfhemI99', '7167605619', '2021-07-28', '2021-03-18', 0, 'suspendisse ornare', 1),
(55, 'Jody Langeren', 'Gender Variant', 'jlangeren1i', 'jlangeren1i@ning.com', 'so9Lhh1', '5451955725', '2021-07-08', '2021-11-06', 0, 'integer tincidunt', 2),
(56, 'Ethelin Twydell', 'Gender Variant', 'etwydell1j', 'etwydell1j@wordpress.com', 'zjffkDIPepmD', '2397583263', '2021-08-17', '2022-02-08', 0, 'curabitur in', 3),
(57, 'Darsey Lauritsen', 'Intersex', 'dlauritsen1k', 'dlauritsen1k@edublogs.org', 'VOS2LdB5', '2148129175', '2021-10-01', '2021-04-05', 2, 'sapien', 1),
(58, 'Dacia Cianelli', 'Transsexual Man', 'dcianelli1l', 'dcianelli1l@nydailynews.com', '2JB4Se0', '9564729544', '2021-07-09', '2021-06-29', 2, 'aliquet pulvinar', 3),
(59, 'Barbabra Zaple', 'Cisgender Man', 'bzaple1m', 'bzaple1m@clickbank.net', 'BZ3MRbkKlvz', '9125998702', '2021-04-16', '2021-03-05', 1, 'viverra dapibus', 2),
(60, 'Frankie Cud', 'Cis Male', 'fcud1n', 'fcud1n@uol.com.br', 'afRX9RDjxJcf', '8351382200', '2021-06-19', '2022-01-30', 2, 'auctor', 2),
(61, 'Dorolice Josselson', 'Gender Fluid', 'djosselson1o', 'djosselson1o@cocolog-nifty.com', '7CQSU9MWe9qi', '1206485683', '2021-12-01', '2021-04-24', 1, 'enim blandit', 1),
(62, 'Lane McAteer', 'Cis Man', 'lmcateer1p', 'lmcateer1p@unicef.org', '6KeildT2qWZ', '8494128761', '2021-07-25', '2021-04-30', 0, 'faucibus accumsan', 2),
(63, 'Melosa Turn', 'Transgender Man', 'mturn1q', 'mturn1q@smugmug.com', 'wiWnmFJt', '6251404015', '2021-04-10', '2021-05-10', 0, 'imperdiet sapien', 3),
(64, 'Joelynn Bushel', 'Cis Woman', 'jbushel1r', 'jbushel1r@guardian.co.uk', 'JTLI54sNyA', '3301010363', '2021-06-18', '2021-02-16', 1, 'augue', 3),
(65, 'Keely Krale', 'Androgynous', 'kkrale1s', 'kkrale1s@posterous.com', 'MYWshS1GF', '9094854323', '2021-09-07', '2021-08-23', 2, 'scelerisque quam', 2),
(66, 'Barris Chooter', 'Trans Male', 'bchooter1t', 'bchooter1t@ameblo.jp', '0i0fcUoN', '5618762002', '2021-10-03', '2021-07-14', 0, 'quam', 3),
(67, 'Winnie Frenzel;', 'Agender', 'wfrenzel1u', 'wfrenzel1u@marriott.com', 'idWu2UArSXJ', '3176867980', '2021-12-24', '2022-02-05', 0, 'justo', 1),
(68, 'Cherrita Beebee', 'Androgyne', 'cbeebee1v', 'cbeebee1v@berkeley.edu', 'mL2yEhXcB1VG', '1544071994', '2021-05-21', '2021-06-03', 2, 'proin at', 1),
(69, 'Vanni Learned', 'Cisgender', 'vlearned1w', 'vlearned1w@pen.io', '96CD0SS', '7691976552', '2021-03-15', '2021-03-02', 2, 'in', 1),
(70, 'Olive Nowill', 'Non-binary', 'onowill1x', 'onowill1x@ning.com', 'Ssjff0T', '4448486778', '2021-10-14', '2021-09-15', 2, 'ultrices enim', 3),
(71, 'Lavina Spincks', 'Gender Nonconforming', 'lspincks1y', 'lspincks1y@abc.net.au', 'ofEOjLKpgT', '5766076786', '2021-12-20', '2021-11-15', 1, 'est risus', 3),
(72, 'Carlos Hadingham', 'Trans Female', 'chadingham1z', 'chadingham1z@tripod.com', 'j8sSp3ed', '8798797469', '2021-08-27', '2021-03-01', 0, 'ultrices erat', 3),
(73, 'Valentin Ludwell', 'Transsexual', 'vludwell20', 'vludwell20@woothemes.com', 'kyEeIBBP', '8861667942', '2021-08-30', '2021-11-11', 2, 'vel', 3),
(74, 'Alidia Grimbaldeston', 'Cisgender Female', 'agrimbaldeston21', 'agrimbaldeston21@hexun.com', 'mXCmnc7gyuT8', '7772369593', '2021-10-28', '2021-12-17', 0, 'lectus', 3),
(75, 'Muhammad Hanbury-Brown', 'Androgynous', 'mhanburybrown22', 'mhanburybrown22@networksolutions.com', 'MByC4DWg', '3298913701', '2021-11-30', '2022-02-04', 2, 'congue etiam', 3),
(76, 'Alys Bruggen', 'Gender Nonconforming', 'abruggen23', 'abruggen23@google.nl', 'G0N9fJ7Fb', '8678855693', '2021-12-11', '2021-06-07', 1, 'vestibulum', 3),
(77, 'Zea Hevey', 'Agender', 'zhevey24', 'zhevey24@yellowbook.com', 'dYFax1QEuJa', '1996358379', '2021-05-06', '2021-05-21', 2, 'libero nullam', 3),
(78, 'Christy Josskoviz', 'Cis Female', 'cjosskoviz25', 'cjosskoviz25@rediff.com', '4qhgNQSBZdE', '5854628037', '2021-12-27', '2021-04-10', 1, 'libero', 1),
(79, 'Mattie Lerner', 'Transsexual Male', 'mlerner26', 'mlerner26@dyndns.org', 'sGDiO7S', '9529275419', '2021-12-16', '2021-09-23', 0, 'ac', 2),
(80, 'Giavani Eakin', 'Cisgender', 'geakin27', 'geakin27@cnbc.com', 'BSqNqF8B', '8866922431', '2021-06-15', '2021-03-09', 2, 'porttitor lorem', 2),
(81, 'Renata Hoys', 'Gender Nonconforming', 'rhoys28', 'rhoys28@yelp.com', 'kcQNo0sBh0Vs', '3344863447', '2022-01-17', '2021-11-30', 2, 'aliquet', 3),
(82, 'Carlye Atherton', 'Cis Female', 'catherton29', 'catherton29@bizjournals.com', 'QLQxYBdN', '1789058008', '2021-09-27', '2021-08-09', 1, 'ultrices', 2),
(83, 'Marnia Eykel', 'Transgender Person', 'meykel2a', 'meykel2a@delicious.com', 'Wa2NirxfWg', '8417934359', '2021-10-14', '2021-04-27', 1, 'cursus vestibulum', 3),
(84, 'Bradly Ubsdell', 'Transgender', 'bubsdell2b', 'bubsdell2b@stanford.edu', 'jzppjW9gFheH', '5097208323', '2021-05-29', '2021-11-30', 2, 'in consequat', 3),
(85, 'Melisse Pygott', 'Trans', 'mpygott2c', 'mpygott2c@soundcloud.com', 'gMpF0kc', '7823648413', '2021-11-13', '2021-08-20', 0, 'velit', 2),
(86, 'Skipton Presley', 'Transsexual Person', 'spresley2d', 'spresley2d@columbia.edu', 'yiimjBiYQso', '8608113745', '2021-11-30', '2021-06-23', 2, 'eget', 2),
(87, 'Robbert Guilloton', 'Transsexual Man', 'rguilloton2e', 'rguilloton2e@csmonitor.com', 'aMwtcwEB0', '1874445098', '2022-02-06', '2021-05-21', 0, 'nisl', 3),
(88, 'Neel Snowding', 'FTM', 'nsnowding2f', 'nsnowding2f@washington.edu', 'rXgTBLtqAI', '5069535840', '2021-03-01', '2022-01-30', 1, 'pellentesque volutpat', 2),
(89, 'Millie Perago', 'Other', 'mperago2g', 'mperago2g@cbslocal.com', 'DWGWygbmvBxb', '5819217542', '2021-06-25', '2021-09-23', 2, 'maecenas pulvinar', 3),
(90, 'Cassie Ummfrey', 'Gender Variant', 'cummfrey2h', 'cummfrey2h@hao123.com', 'DvSIYAE', '9534789678', '2021-07-07', '2021-07-06', 0, 'amet', 2),
(91, 'Gwenora Dumingos', 'Male to Female', 'gdumingos2i', 'gdumingos2i@scientificamerican.com', 'H0TUxf', '7389629010', '2021-05-25', '2021-11-26', 1, 'lobortis convallis', 1),
(92, 'Drake Richardes', 'Transgender Man', 'drichardes2j', 'drichardes2j@china.com.cn', 'gUgIo30l', '1971312546', '2021-04-26', '2022-01-03', 2, 'tempor', 3),
(93, 'Jakie Hallad', 'Cisgender Female', 'jhallad2k', 'jhallad2k@g.co', '8ue7Il0kE', '1007775966', '2021-04-26', '2021-10-04', 1, 'rutrum', 2),
(94, 'Jourdan Klement', 'Transmasculine', 'jklement2l', 'jklement2l@meetup.com', 'bxxfXFFGh4', '3433361994', '2021-03-18', '2021-03-29', 2, 'ultrices', 2),
(95, 'Ennis Maplestone', 'Neither', 'emaplestone2m', 'emaplestone2m@tripod.com', '3CHn1Wm9mVcT', '2905510794', '2021-03-16', '2021-07-25', 2, 'non', 2),
(96, 'Fritz Fromont', 'Trans', 'ffromont2n', 'ffromont2n@technorati.com', 'mK3s5cc3j7i', '5404541055', '2021-05-03', '2021-07-03', 2, 'dui nec', 1),
(97, 'Winnifred O\'Doogan', 'Cis Male', 'wodoogan2o', 'wodoogan2o@about.me', 'cbM0pDH', '1391368529', '2021-04-30', '2021-06-20', 0, 'faucibus orci', 2),
(98, 'Suzi Bernette', 'Transgender Person', 'sbernette2p', 'sbernette2p@prweb.com', 'RLIY9h', '8021333422', '2021-06-16', '2022-02-12', 2, 'at diam', 2),
(99, 'Niven Tille', 'Transsexual Person', 'ntille2q', 'ntille2q@ibm.com', '0qCzLyNJzI', '8618580751', '2021-06-29', '2021-10-05', 2, 'ut', 2),
(100, 'Amandi Harlin', 'Cis', 'aharlin2r', 'aharlin2r@gov.uk', 'JRw9P8jueL', '2398800568', '2021-12-17', '2022-02-05', 0, 'nascetur', 2),
(101, 'Ainsley Petrolli', 'Transsexual Man', 'apetrolli2s', 'apetrolli2s@netscape.com', 'TSuH2gPFaQ', '8115196601', '2021-03-30', '2021-05-04', 2, 'at', 1),
(102, 'Ailbert Tiesman', 'Pangender', 'atiesman2t', 'atiesman2t@ft.com', 'P5dP4deq3C', '5657386068', '2021-11-26', '2021-10-28', 0, 'dapibus augue', 1),
(103, 'Audry Proppers', 'Androgyne', 'aproppers2u', 'aproppers2u@taobao.com', 'kdHKIwttt', '2824159190', '2021-10-25', '2022-01-25', 1, 'justo sollicitudin', 3),
(104, 'Whitman Sudworth', 'FTM', 'wsudworth2v', 'wsudworth2v@china.com.cn', 'mX04pYx4f0F', '4393004232', '2021-12-13', '2021-06-14', 1, 'arcu adipiscing', 2),
(105, 'Stacey Ollerhad', 'Cis', 'sollerhad2w', 'sollerhad2w@google.com.br', 'IhIWHrT', '2072049194', '2021-07-10', '2021-11-09', 1, 'dolor', 1),
(106, 'Austin Zima', 'Cisgender Female', 'azima2x', 'azima2x@umich.edu', 'SlTN2G6Ase', '4024539973', '2022-02-06', '2021-12-30', 0, 'pede', 3),
(107, 'Mathew Wheelton', 'Neutrois', 'mwheelton2y', 'mwheelton2y@springer.com', 'UGDaykW', '9055972640', '2021-10-05', '2021-07-12', 1, 'amet', 1),
(108, 'Augie Tomaini', 'Transfeminine', 'atomaini2z', 'atomaini2z@github.io', 'mXcO37N', '5487444846', '2022-01-17', '2021-10-03', 2, 'ligula', 2),
(109, 'Violette Olivey', 'Cis', 'volivey30', 'volivey30@ovh.net', 'oqS6cxHh', '8283816595', '2021-09-27', '2021-09-17', 2, 'lectus', 1),
(110, 'Ardith Baldini', 'Other', 'abaldini31', 'abaldini31@geocities.jp', '0exbHnEMV', '8227889541', '2021-09-03', '2021-03-12', 0, 'massa tempor', 3),
(111, 'Scarlett MacColl', 'Cis Man', 'smaccoll32', 'smaccoll32@reverbnation.com', 'Gb0ag6', '9892884806', '2021-04-17', '2021-07-09', 0, 'tortor', 1),
(112, 'Sela MacClay', 'Cis Male', 'smacclay33', 'smacclay33@angelfire.com', '2D2BlofYI', '2728455751', '2021-04-01', '2021-11-27', 2, 'consequat', 3),
(113, 'Di Lulham', 'Two-Spirit', 'dlulham34', 'dlulham34@ted.com', '4gQy51', '6985096856', '2021-10-13', '2021-11-22', 1, 'sapien quis', 3),
(114, 'Egon Kalisch', 'Transfeminine', 'ekalisch35', 'ekalisch35@accuweather.com', '3nXIuBVbvjJ', '4001006171', '2021-12-02', '2021-11-22', 1, 'consequat varius', 3),
(115, 'Craggie Cleverley', 'Two-Spirit', 'ccleverley36', 'ccleverley36@npr.org', 'rGYdQH8GX6', '8956073966', '2021-06-11', '2022-01-04', 1, 'nunc commodo', 1),
(116, 'Tommie Godrich', 'Transgender Man', 'tgodrich37', 'tgodrich37@psu.edu', 'OaDaODMe', '5668981328', '2021-04-19', '2021-06-17', 2, 'rutrum', 1),
(117, 'Jereme Boundley', 'Cis Male', 'jboundley38', 'jboundley38@cdbaby.com', 'MwiOIDAM', '4808525944', '2021-08-19', '2022-01-21', 2, 'pellentesque', 3),
(118, 'Lissa Ruoss', 'Cis', 'lruoss39', 'lruoss39@stanford.edu', 'yiRgbM', '7507115535', '2021-12-24', '2021-10-07', 1, 'habitasse platea', 3),
(119, 'Gilburt Crame', 'Bigender', 'gcrame3a', 'gcrame3a@people.com.cn', 'vetvlJf', '1819863484', '2021-04-04', '2021-03-29', 0, 'sem fusce', 2),
(120, 'Aldo Boast', 'Cis Man', 'aboast3b', 'aboast3b@shutterfly.com', 'rf0KzsGlCY3m', '9372368921', '2021-04-02', '2021-09-17', 1, 'proin', 3),
(121, 'Ambur Barnwille', 'Transgender Person', 'abarnwille3c', 'abarnwille3c@comsenz.com', 'd2BZ9zbac', '9076984160', '2021-06-04', '2022-01-25', 1, 'id', 1),
(122, 'Hugo Holtum', 'Other', 'hholtum3d', 'hholtum3d@tripadvisor.com', 'RzVPrroRk', '9452600111', '2021-06-07', '2021-12-31', 0, 'a nibh', 2),
(123, 'Albertina Cavolini', 'Cis Male', 'acavolini3e', 'acavolini3e@cdbaby.com', 'eVmHG9mJS', '7573843767', '2021-11-05', '2022-02-02', 0, 'pulvinar', 2),
(124, 'Elvin Tribe', 'Transgender Person', 'etribe3f', 'etribe3f@google.ca', 'IA78O3CFhDhe', '9733745300', '2021-02-23', '2021-09-16', 1, 'sed augue', 2),
(125, 'Alvinia Shirlaw', 'Bigender', 'ashirlaw3g', 'ashirlaw3g@wix.com', 'TtuP6Uh', '3221800167', '2022-02-02', '2022-01-13', 1, 'tempus', 1),
(126, 'Jackie Lamminam', 'Cisgender', 'jlamminam3h', 'jlamminam3h@vinaora.com', 'zWyQKY', '7112350476', '2021-07-28', '2021-04-17', 0, 'habitasse platea', 2),
(127, 'Fanya Rubberts', 'Transgender Female', 'frubberts3i', 'frubberts3i@ed.gov', 'dOikGsbr3I', '8837566672', '2021-05-01', '2021-04-05', 0, 'magna', 1),
(128, 'Allan Luc', 'Trans Man', 'aluc3j', 'aluc3j@dion.ne.jp', '9fw35Z1cjS', '4074615465', '2021-10-29', '2021-12-01', 2, 'dapibus', 1),
(129, 'Carny Dobey', 'Intersex', 'cdobey3k', 'cdobey3k@mtv.com', 'FlC16E', '5734085997', '2021-03-03', '2021-10-18', 0, 'donec', 2),
(130, 'Almira Vonderdell', 'Transsexual Man', 'avonderdell3l', 'avonderdell3l@wikipedia.org', 'vRaObZ', '8622641785', '2021-06-14', '2021-04-10', 2, 'ut nulla', 1),
(131, 'Griffy McNeill', 'Cis Woman', 'gmcneill3m', 'gmcneill3m@yellowpages.com', 'u1kyi8yl0Z', '3949049619', '2022-01-24', '2021-06-06', 2, 'consectetuer', 2),
(132, 'Mikaela Ganley', 'Cis Male', 'mganley3n', 'mganley3n@github.com', 'QFZ878Jt', '6985201362', '2021-09-27', '2021-03-26', 1, 'maecenas', 3),
(133, 'Roger McAnulty', 'Transgender Man', 'rmcanulty3o', 'rmcanulty3o@cyberchimps.com', 's2Cg0EGSaxy', '8773830380', '2021-04-30', '2021-05-05', 1, 'mus', 3),
(134, 'Terza Godmer', 'Androgynous', 'tgodmer3p', 'tgodmer3p@nature.com', 'QiXbrb7', '4608194285', '2021-05-20', '2021-08-06', 1, 'egestas metus', 3),
(135, 'Burt Kingsley', 'Cis Male', 'bkingsley3q', 'bkingsley3q@youtube.com', 'cAlwVt', '1944484152', '2021-11-02', '2021-11-02', 2, 'nulla pede', 2),
(136, 'Winnie Parratt', 'Transsexual Woman', 'wparratt3r', 'wparratt3r@123-reg.co.uk', '7iI3a4f', '4375242960', '2021-06-07', '2021-11-02', 2, 'et', 1),
(137, 'Vernen Fabri', 'Cis Female', 'vfabri3s', 'vfabri3s@wiley.com', 'xlYlk16', '8902644785', '2021-07-17', '2021-02-23', 2, 'lobortis', 1),
(138, 'Nathanael Lanceley', 'Trans Male', 'nlanceley3t', 'nlanceley3t@phpbb.com', 'fBTw3JU', '6649940571', '2021-09-29', '2021-10-29', 1, 'rutrum rutrum', 2),
(139, 'Dorita Thunderman', 'Cis Male', 'dthunderman3u', 'dthunderman3u@pcworld.com', 'K89Ryy', '4321848162', '2021-07-27', '2021-12-15', 2, 'cursus id', 3),
(140, 'Sawyere Muckley', 'Gender Questioning', 'smuckley3v', 'smuckley3v@reddit.com', 'v0DVLo061', '1654952143', '2021-09-24', '2021-03-12', 1, 'turpis elementum', 2),
(141, 'Nevile Turford', 'Transsexual Male', 'nturford3w', 'nturford3w@nytimes.com', 'n7XHr6', '2997729799', '2021-07-26', '2021-10-25', 0, 'sit', 2),
(142, 'Rubie Pomroy', 'Two-Spirit', 'rpomroy3x', 'rpomroy3x@biglobe.ne.jp', 'Lga6ZRbk', '7471497580', '2021-12-24', '2021-08-31', 1, 'varius integer', 2),
(143, 'Far Greenhough', 'Cis', 'fgreenhough3y', 'fgreenhough3y@bandcamp.com', '4Z9dZy', '9393720658', '2021-03-26', '2022-01-01', 1, 'lorem', 1),
(144, 'Brig Archdeckne', 'Transmasculine', 'barchdeckne3z', 'barchdeckne3z@mediafire.com', 'C7MLcpjDAZ', '2738873252', '2021-08-09', '2021-04-06', 1, 'lacinia', 2),
(145, 'Wally Vampouille', 'Intersex', 'wvampouille40', 'wvampouille40@foxnews.com', 'KBc1xbrr', '2791859132', '2021-06-16', '2021-10-25', 1, 'morbi', 2),
(146, 'Aurora Shepeard', 'Trans Female', 'ashepeard41', 'ashepeard41@adobe.com', 'PhkqWO8', '6143490660', '2021-11-04', '2021-04-03', 1, 'et', 3),
(147, 'Carmelita Alsina', 'Genderqueer', 'calsina42', 'calsina42@who.int', 'IBj49PE', '1034524242', '2021-08-05', '2021-09-07', 0, 'velit donec', 1),
(148, 'Berkley Durant', 'Gender Questioning', 'bdurant43', 'bdurant43@statcounter.com', 'TSZYVChy', '4201016620', '2021-05-23', '2022-01-29', 2, 'quis libero', 1),
(149, 'Caril Stidever', 'Transsexual Female', 'cstidever44', 'cstidever44@tinyurl.com', 'e3I8yXZ', '8588234892', '2021-03-29', '2022-02-09', 0, 'id', 2),
(150, 'Gerry Sheran', 'Transsexual Person', 'gsheran45', 'gsheran45@si.edu', '7UUhtBiQw', '4646497283', '2021-06-24', '2021-04-03', 2, 'blandit lacinia', 1),
(151, 'Phelia Newdick', 'Cisgender', 'pnewdick46', 'pnewdick46@engadget.com', 'guHoS1Yn1T', '8177490178', '2021-07-05', '2022-02-10', 2, 'rhoncus aliquam', 2),
(152, 'Nike Greenroad', 'Androgynous', 'ngreenroad47', 'ngreenroad47@oracle.com', 'ZwZoCrg', '1701098401', '2021-07-28', '2021-06-19', 2, 'in blandit', 3),
(153, 'Jeannie Keyte', 'Androgyne', 'jkeyte48', 'jkeyte48@cnn.com', 'DPFVuAXDtFJ', '5385706294', '2021-07-25', '2021-03-05', 1, 'tincidunt in', 2),
(154, 'Evangeline Threlfall', 'Cisgender Female', 'ethrelfall49', 'ethrelfall49@forbes.com', 'O9aWzJ7SYNBy', '7262365494', '2021-12-13', '2021-12-02', 2, 'maecenas', 3),
(155, 'Callean Fearenside', 'Transsexual Man', 'cfearenside4a', 'cfearenside4a@cam.ac.uk', 'aJNmaTizrx', '4022570086', '2021-08-17', '2021-10-30', 0, 'vel nulla', 1),
(156, 'Dominick Russon', 'Non-binary', 'drusson4b', 'drusson4b@clickbank.net', 'eLX9NOQXy', '3209055836', '2021-06-03', '2021-04-06', 1, 'cursus', 3),
(157, 'Anna-maria Bolderoe', 'Androgyne', 'abolderoe4c', 'abolderoe4c@businesswire.com', 'DTBJsEZH', '3417352151', '2021-06-01', '2021-08-27', 2, 'vivamus', 1),
(158, 'Noland Martill', 'Transsexual Person', 'nmartill4d', 'nmartill4d@mashable.com', '2vFWRE8lo', '8045735943', '2021-12-29', '2021-04-30', 1, 'volutpat', 3),
(159, 'Gilli Link', 'FTM', 'glink4e', 'glink4e@cmu.edu', 'dJt8t3E', '3497913246', '2022-02-02', '2021-08-06', 2, 'molestie', 3),
(160, 'Billi Stranks', 'Transsexual', 'bstranks4f', 'bstranks4f@cpanel.net', 'dnLRugV0', '4506186006', '2021-09-23', '2021-10-14', 2, 'mi nulla', 2),
(161, 'Mariejeanne Halpen', 'Neutrois', 'mhalpen4g', 'mhalpen4g@mysql.com', 'zKid7suETW', '7546168566', '2021-12-11', '2021-12-17', 2, 'massa id', 2),
(162, 'Arlina Bromage', 'Transgender Man', 'abromage4h', 'abromage4h@pen.io', 'TGWClPnX', '4513705635', '2021-03-23', '2022-02-05', 2, 'ac enim', 1),
(163, 'Esteban Trevaskus', 'Gender Nonconforming', 'etrevaskus4i', 'etrevaskus4i@goo.gl', '5Q9qrJ4a', '3256655388', '2021-07-07', '2021-09-27', 2, 'vestibulum ante', 3),
(164, 'Rosa Gillogley', 'Transsexual Person', 'rgillogley4j', 'rgillogley4j@opera.com', 'OHcAE2AP68x', '1558000035', '2022-01-20', '2021-07-06', 0, 'consequat dui', 1),
(165, 'Raven Bodocs', 'Gender Fluid', 'rbodocs4k', 'rbodocs4k@ocn.ne.jp', 'KXE9kci', '5888492918', '2021-05-27', '2021-12-17', 2, 'montes', 2),
(166, 'Felice Eltringham', 'Bigender', 'feltringham4l', 'feltringham4l@1688.com', 'RTzAER', '2751442603', '2021-04-13', '2021-08-19', 2, 'primis', 2),
(167, 'Morten Yanin', 'Pangender', 'myanin4m', 'myanin4m@ox.ac.uk', 'uHXeQr1z', '7977749116', '2021-10-01', '2021-03-11', 0, 'sapien', 2),
(168, 'Josiah Sally', 'Agender', 'jsally4n', 'jsally4n@spiegel.de', '4X2AyjZi', '7824202061', '2021-11-30', '2021-09-07', 2, 'ridiculus mus', 2),
(169, 'Joanne Crottagh', 'Cis Male', 'jcrottagh4o', 'jcrottagh4o@geocities.jp', 'DefrcVu7X', '4227870671', '2021-02-26', '2022-01-14', 0, 'morbi sem', 1),
(170, 'Korry Duff', 'Cis', 'kduff4p', 'kduff4p@imgur.com', 'Wq0Pp7d', '4341995324', '2021-10-11', '2021-04-16', 2, 'aliquam', 2),
(171, 'Derrek Eamer', 'Gender Questioning', 'deamer4q', 'deamer4q@scientificamerican.com', 'p4xY330nppqO', '1159063740', '2021-04-26', '2022-01-09', 0, 'primis', 2),
(172, 'Noel Vasquez', 'MTF', 'nvasquez4r', 'nvasquez4r@columbia.edu', '3bZuCG', '3537922010', '2021-07-27', '2022-01-05', 1, 'ultrices', 3),
(173, 'Ingelbert Begbie', 'Non-binary', 'ibegbie4s', 'ibegbie4s@meetup.com', 'kzZ0wXEq', '8739199881', '2021-05-06', '2021-03-06', 0, 'scelerisque', 1),
(174, 'Ignaz O\'Sharry', 'Non-binary', 'iosharry4t', 'iosharry4t@forbes.com', 'U9Vqtr8lh9', '3046657722', '2021-07-17', '2021-08-22', 0, 'libero non', 3),
(175, 'Queenie Devin', 'Transgender Male', 'qdevin4u', 'qdevin4u@hao123.com', 'fKABmRI4aKn', '9798514503', '2021-05-19', '2022-01-21', 2, 'integer pede', 3),
(176, 'Will Bricket', 'Bigender', 'wbricket4v', 'wbricket4v@hugedomains.com', 'OiJYsGL', '7733230221', '2021-02-23', '2022-01-20', 0, 'ultrices enim', 3),
(177, 'Glennis McKleod', 'Cisgender Female', 'gmckleod4w', 'gmckleod4w@woothemes.com', 'A5sTEfqFb2E', '2171329255', '2021-04-06', '2021-08-13', 0, 'viverra dapibus', 1),
(178, 'Andreana Basnett', 'Transsexual Female', 'abasnett4x', 'abasnett4x@home.pl', 'Qp3RGSoru6s', '1352217321', '2021-08-26', '2021-10-13', 1, 'nulla', 2),
(179, 'Jere Harroll', 'Cis Male', 'jharroll4y', 'jharroll4y@123-reg.co.uk', 'jQBgfBJ3nF2O', '3574301298', '2022-02-15', '2021-11-04', 0, 'odio donec', 2),
(180, 'Christos Gummoe', 'Transgender Person', 'cgummoe4z', 'cgummoe4z@dailymail.co.uk', 'UkOEQ3', '7439016098', '2021-07-08', '2021-09-22', 2, 'risus', 2),
(181, 'Romain Broadbury', 'Male to Female', 'rbroadbury50', 'rbroadbury50@google.nl', 'ES1D9Zl', '5777981902', '2021-09-24', '2021-07-21', 2, 'in hac', 1),
(182, 'Viviyan Radloff', 'Cis Man', 'vradloff51', 'vradloff51@wired.com', 'j9MGwvDNDQAS', '3452533846', '2021-10-20', '2021-04-26', 0, 'donec ut', 2),
(183, 'Elisabet Bunn', 'Transsexual Man', 'ebunn52', 'ebunn52@mapy.cz', 'lV6zGRI', '9672894696', '2021-04-11', '2021-02-16', 0, 'vestibulum', 3),
(184, 'Arlyne Fussey', 'FTM', 'afussey53', 'afussey53@smugmug.com', 'HfxNaFd3ddz', '6662594510', '2021-12-30', '2021-06-18', 2, 'eros', 3),
(185, 'Tadio Siseland', 'Transsexual Man', 'tsiseland54', 'tsiseland54@baidu.com', 'ZfZvQvO3r7l', '1685721051', '2021-12-18', '2021-05-15', 2, 'proin risus', 1),
(186, 'Mira Sygroves', 'Gender Nonconforming', 'msygroves55', 'msygroves55@flavors.me', 'n2gazbtK', '4245293241', '2022-02-03', '2021-10-28', 1, 'hac habitasse', 1),
(187, 'Parsifal Acres', 'Trans Person', 'pacres56', 'pacres56@chicagotribune.com', 'xv13lnaCG1IR', '1026445083', '2021-06-15', '2021-07-15', 1, 'diam neque', 3),
(188, 'Delainey Beeke', 'Transgender Female', 'dbeeke57', 'dbeeke57@odnoklassniki.ru', 'OxgacbL5m', '6079271167', '2021-07-01', '2021-11-07', 2, 'ut', 2),
(189, 'Benoite Easeman', 'Cisgender Woman', 'beaseman58', 'beaseman58@youku.com', 'LjpecKJY', '8163970489', '2022-01-30', '2021-11-12', 1, 'lorem ipsum', 3),
(190, 'Sol Raiston', 'Transmasculine', 'sraiston59', 'sraiston59@bloomberg.com', 'uHdifEW', '3174133002', '2021-02-16', '2021-12-16', 2, 'est quam', 1),
(191, 'Aubine Courage', 'Cis Man', 'acourage5a', 'acourage5a@fc2.com', 'NP8luR46sKNB', '6075491729', '2021-04-22', '2022-01-23', 2, 'eget semper', 1),
(192, 'Hoyt Shapira', 'Bigender', 'hshapira5b', 'hshapira5b@posterous.com', 'WeB0pjP2tcD', '5195682643', '2021-07-24', '2022-02-03', 1, 'dolor', 3),
(193, 'Caroline Utting', 'Cis Female', 'cutting5c', 'cutting5c@hhs.gov', 'RSlhr9CudOSz', '6883044074', '2021-09-13', '2021-05-15', 0, 'nibh', 1),
(194, 'Raleigh Seamer', 'Trans Person', 'rseamer5d', 'rseamer5d@e-recht24.de', 'ab1sRQC7m', '8566599967', '2022-01-08', '2021-11-11', 1, 'nulla justo', 1),
(195, 'Ambrosio Carrodus', 'Transsexual Person', 'acarrodus5e', 'acarrodus5e@admin.ch', 'fiIOprfKzU', '9762661486', '2021-03-09', '2021-03-22', 0, 'luctus cum', 2),
(196, 'Alasteir Skett', 'Trans', 'askett5f', 'askett5f@toplist.cz', 'sr9oKKjdxwn', '8678585264', '2022-02-04', '2021-12-12', 1, 'habitasse platea', 3),
(197, 'Maudie Duckering', 'Cis Man', 'mduckering5g', 'mduckering5g@is.gd', 'Rx9jko00T', '7814232071', '2021-12-08', '2021-10-12', 1, 'nisl aenean', 1),
(198, 'Anallise Grishmanov', 'Gender Nonconforming', 'agrishmanov5h', 'agrishmanov5h@cbsnews.com', 'gThpYLw', '4811267319', '2021-02-18', '2021-04-08', 1, 'vestibulum', 3),
(199, 'Mattie Troman', 'Female to Male', 'mtroman5i', 'mtroman5i@exblog.jp', 'eVCd2qdLi', '2297405911', '2021-10-14', '2021-12-27', 0, 'aliquam quis', 2),
(200, 'Boote Hazelgrove', 'Transgender Man', 'bhazelgrove5j', 'bhazelgrove5j@istockphoto.com', 'HU7opvq3wuQ', '4881968986', '2021-09-03', '2021-10-15', 1, 'justo in', 2),
(201, 'Clevey Enderle', 'Bigender', 'cenderle5k', 'cenderle5k@dailymail.co.uk', 'mJ5SMC', '7784530293', '2021-09-20', '2021-10-25', 0, 'eu interdum', 3),
(202, 'Dinah Brinkman', 'Trans Female', 'dbrinkman5l', 'dbrinkman5l@dailymail.co.uk', 'DtktPUBquP', '6252138372', '2022-02-07', '2021-03-26', 2, 'cras', 1),
(203, 'Nedi McCullagh', 'Gender Variant', 'nmccullagh5m', 'nmccullagh5m@blogs.com', 'W0OpJ8HoJ', '7392283683', '2021-11-04', '2021-08-11', 1, 'non', 2),
(204, 'Phillipe Thomlinson', 'Cisgender', 'pthomlinson5n', 'pthomlinson5n@infoseek.co.jp', 'lLWJsUC5qR', '7966701738', '2021-02-25', '2021-05-30', 2, 'suspendisse potenti', 2),
(205, 'Crystie Goodinge', 'Transsexual Woman', 'cgoodinge5o', 'cgoodinge5o@themeforest.net', 'GKyPI5q', '9144776726', '2021-06-25', '2022-01-11', 2, 'ut', 2),
(206, 'Bendite Bonallick', 'Gender Variant', 'bbonallick5p', 'bbonallick5p@gizmodo.com', 'vRwAolqHGES', '3711800299', '2021-09-19', '2021-11-03', 1, 'at feugiat', 2),
(207, 'Margaretha Yewdell', 'Gender Fluid', 'myewdell5q', 'myewdell5q@boston.com', 'NHRQBddQSChm', '1341751457', '2021-06-21', '2022-01-09', 0, 'nulla', 3),
(208, 'Tabitha German', 'Cisgender Female', 'tgerman5r', 'tgerman5r@admin.ch', '7Ea1dG5kGhD', '4152654833', '2021-12-16', '2022-01-16', 0, 'interdum', 2),
(209, 'Steffane Boldry', 'Trans', 'sboldry5s', 'sboldry5s@plala.or.jp', 'GEl6SK', '4608354339', '2021-03-21', '2022-01-14', 1, 'volutpat convallis', 1),
(210, 'Fawn Mc Menamin', 'Gender Variant', 'fmc5t', 'fmc5t@plala.or.jp', 'xkAtGWJ', '8318231353', '2021-04-18', '2022-01-06', 2, 'eget', 2),
(211, 'Bondy Barringer', 'Transmasculine', 'bbarringer5u', 'bbarringer5u@seesaa.net', 'QVNIpTB1c', '3801284112', '2021-02-28', '2021-09-16', 1, 'ante ipsum', 3),
(212, 'Hedi Aspin', 'Androgynous', 'haspin5v', 'haspin5v@ebay.co.uk', 'g8ZNZeY', '9681719451', '2022-01-15', '2021-05-30', 2, 'porttitor', 3),
(213, 'Terry Starcks', 'Gender Fluid', 'tstarcks5w', 'tstarcks5w@yandex.ru', 'eeUKl5gw', '7529842645', '2021-10-22', '2021-07-28', 2, 'mauris', 1),
(214, 'Felike MacSharry', 'Gender Variant', 'fmacsharry5x', 'fmacsharry5x@twitter.com', 'L9gBeM8zyK', '2336044314', '2021-07-13', '2021-12-01', 1, 'ipsum praesent', 1),
(215, 'Shannon Mahaddie', 'Cisgender Male', 'smahaddie5y', 'smahaddie5y@liveinternet.ru', '0jyVDxG', '4255952975', '2021-08-24', '2021-05-13', 0, 'quisque arcu', 3),
(216, 'Andie Klimp', 'Cis Man', 'aklimp5z', 'aklimp5z@pbs.org', '3375UyVDBV', '1236760683', '2021-07-25', '2021-11-17', 2, 'suspendisse', 1),
(217, 'Alyda Aldersey', 'Transgender Person', 'aaldersey60', 'aaldersey60@github.com', 'oPS9IiFA', '8142155248', '2022-01-17', '2021-02-23', 1, 'quam', 1),
(218, 'Fielding Stroyan', 'Male to Female', 'fstroyan61', 'fstroyan61@google.com', 'ZQgiEbwq', '2763830479', '2021-07-11', '2021-04-29', 0, 'sit', 1),
(219, 'Yehudit Simka', 'Transgender Woman', 'ysimka62', 'ysimka62@tinyurl.com', 'MHk5WZ', '5013277762', '2021-09-25', '2021-10-30', 2, 'at dolor', 2),
(220, 'Christabel Ygou', 'Trans Female', 'cygou63', 'cygou63@geocities.jp', 'soN5dE', '9103763354', '2021-07-13', '2021-12-06', 2, 'non velit', 1),
(221, 'Cary Mason', 'Cis Man', 'cmason64', 'cmason64@amazon.co.uk', 'XeR6ZW', '3212991388', '2021-04-24', '2021-09-24', 1, 'posuere', 1),
(222, 'Danika Petyt', 'Trans Woman', 'dpetyt65', 'dpetyt65@usa.gov', 'dfTS1Hb', '3914058192', '2021-06-05', '2021-10-26', 1, 'nisl', 2),
(223, 'Alphard Titchard', 'Gender Variant', 'atitchard66', 'atitchard66@pinterest.com', 'AUPiGUu5GQ', '6126405081', '2021-09-22', '2022-01-28', 2, 'consequat', 1),
(224, 'Rickey Rispine', 'Transfeminine', 'rrispine67', 'rrispine67@google.com.au', 'yo943ezNQ', '4205222187', '2021-08-07', '2021-11-04', 1, 'sed tincidunt', 3),
(225, 'Misha Brane', 'Transgender', 'mbrane68', 'mbrane68@sourceforge.net', 'QAjzlZcF', '5409976039', '2022-01-02', '2021-12-20', 2, 'leo', 3),
(226, 'Dawna Doumer', 'Transgender Woman', 'ddoumer69', 'ddoumer69@cnbc.com', 'ojuLc6MPTx', '2305714286', '2021-09-07', '2021-12-12', 1, 'metus', 1),
(227, 'Fonsie Vittet', 'Trans Man', 'fvittet6a', 'fvittet6a@e-recht24.de', '4IVtUXJPGXpi', '4962772081', '2021-07-05', '2021-11-12', 0, 'proin risus', 2),
(228, 'Jereme Carloni', 'Transgender Person', 'jcarloni6b', 'jcarloni6b@admin.ch', 'VqZBD0GTP', '5515918320', '2021-06-24', '2021-08-23', 0, 'pede ac', 3),
(229, 'Loretta Phittiplace', 'Agender', 'lphittiplace6c', 'lphittiplace6c@businessweek.com', 'WsuWJQL7', '9096017858', '2021-10-24', '2021-03-13', 1, 'vel', 1),
(230, 'Desi Wrigley', 'Cis Woman', 'dwrigley6d', 'dwrigley6d@ifeng.com', 'snwQzyWKMyD', '2823767308', '2021-08-22', '2021-07-20', 1, 'nec dui', 2),
(231, 'Ilyse Grigoryev', 'Two-Spirit', 'igrigoryev6e', 'igrigoryev6e@salon.com', 'gFrcli8', '2485632474', '2022-02-05', '2021-08-29', 1, 'nibh', 1),
(232, 'Annissa Normanville', 'Female to Male', 'anormanville6f', 'anormanville6f@tmall.com', 'KeuQh5PNkxL', '8266554601', '2022-02-04', '2021-08-27', 1, 'magnis dis', 1),
(233, 'Dicky Jereatt', 'Gender Questioning', 'djereatt6g', 'djereatt6g@uol.com.br', 'fEGVHLyy0', '6899119525', '2022-01-29', '2021-08-31', 0, 'pellentesque', 1),
(234, 'Beau Harnor', 'Transsexual Person', 'bharnor6h', 'bharnor6h@123-reg.co.uk', 'vI4zhk2b', '1936881774', '2022-02-11', '2021-05-11', 1, 'duis', 1),
(235, 'Catharina Whitley', 'FTM', 'cwhitley6i', 'cwhitley6i@meetup.com', 'TAmzG5Lphcg4', '9429976104', '2021-03-28', '2022-01-31', 2, 'nisl duis', 1),
(236, 'Ashley Fuente', 'Trans Person', 'afuente6j', 'afuente6j@nyu.edu', 'Fw2Bqi', '4097574908', '2021-11-25', '2021-05-06', 2, 'habitasse platea', 2),
(237, 'Rochella Brandino', 'Cis Man', 'rbrandino6k', 'rbrandino6k@blogs.com', 'G6ZZ3tcVTimg', '4833787703', '2021-09-10', '2021-05-19', 1, 'donec ut', 3),
(238, 'Darci Bilston', 'Transfeminine', 'dbilston6l', 'dbilston6l@simplemachines.org', 'Wrx2DnTm', '6085078789', '2021-09-01', '2021-10-19', 1, 'ut nunc', 2),
(239, 'Dael Bottini', 'Transsexual', 'dbottini6m', 'dbottini6m@github.com', '0JWViY', '5849446533', '2021-07-11', '2021-05-28', 1, 'magna', 3),
(240, 'Ricki Strelitz', 'Neutrois', 'rstrelitz6n', 'rstrelitz6n@linkedin.com', 'n8Laujihf', '6547257196', '2021-05-23', '2021-12-20', 0, 'rhoncus', 2),
(241, 'Lucias Bendley', 'Transsexual Female', 'lbendley6o', 'lbendley6o@bizjournals.com', 'DV1IMQ', '3021098203', '2021-12-07', '2021-04-04', 1, 'mi', 3),
(242, 'Town Casemore', 'Genderqueer', 'tcasemore6p', 'tcasemore6p@cmu.edu', 'noYfcSWNJN', '2337334044', '2021-04-19', '2022-02-06', 2, 'eu massa', 2),
(243, 'Dwight Coughan', 'Non-binary', 'dcoughan6q', 'dcoughan6q@ebay.co.uk', 'HkbVNQr', '8052003268', '2021-05-05', '2021-08-08', 1, 'ultrices posuere', 3),
(244, 'Brigitta Duckit', 'Trans Man', 'bduckit6r', 'bduckit6r@wp.com', '0B4rFJIBLe', '3258944990', '2021-07-30', '2021-04-15', 1, 'augue', 3),
(245, 'Shannah Duncan', 'Transsexual Male', 'sduncan6s', 'sduncan6s@aboutads.info', 'fBckzbtx6wg', '3543052065', '2022-02-08', '2021-10-18', 2, 'mauris', 3),
(246, 'Odelia Abrahamoff', 'Non-binary', 'oabrahamoff6t', 'oabrahamoff6t@devhub.com', 'B3AGMjAg7Fc3', '3211675580', '2021-04-02', '2022-02-15', 0, 'in faucibus', 2),
(247, 'Benedetto de Courcey', 'Female to Male', 'bde6u', 'bde6u@tiny.cc', '8UYlR31an2I', '6746300818', '2022-01-17', '2021-07-28', 0, 'sollicitudin ut', 1),
(248, 'Flss Carlisso', 'Other', 'fcarlisso6v', 'fcarlisso6v@yolasite.com', 'c9IZUrDUY', '2121146559', '2021-05-10', '2022-01-19', 1, 'hendrerit at', 3),
(249, 'Melany Cayzer', 'Intersex', 'mcayzer6w', 'mcayzer6w@rediff.com', 'P8sbp6', '1926943594', '2021-08-18', '2021-05-13', 0, 'elementum nullam', 1),
(250, 'Otto Camlin', 'FTM', 'ocamlin6x', 'ocamlin6x@ca.gov', 'tZrCnmrAJ', '5414162174', '2021-07-24', '2021-09-28', 2, 'amet consectetuer', 1);

-- --------------------------------------------------------

--
-- Table structure for table `user_status`
--

DROP TABLE IF EXISTS `user_status`;
CREATE TABLE `user_status` (
  `id` int(11) NOT NULL,
  `name` varchar(50) DEFAULT NULL,
  `descp` varchar(50) DEFAULT NULL,
  `created_at` date DEFAULT NULL
) ENGINE=InnoDB DEFAULT CHARSET=utf8mb4;

--
-- Dumping data for table `user_status`
--

INSERT INTO `user_status` (`id`, `name`, `descp`, `created_at`) VALUES
(1, 'ban', '禁用', '2022-02-17'),
(2, 'active', '啟用', '2022-02-17'),
(3, 'delete', '刪除', '2022-02-17');

-- --------------------------------------------------------

--
-- Table structure for table `wistlist`
--

DROP TABLE IF EXISTS `wistlist`;
CREATE TABLE `wistlist` (
  `id` int(11) NOT NULL,
  `created_at` datetime NOT NULL,
  `product_id` int(11) NOT NULL,
  `user_id` int(11) NOT NULL
) ENGINE=InnoDB DEFAULT CHARSET=utf8mb4;

--
-- Indexes for dumped tables
--

--
-- Indexes for table `cart`
--
ALTER TABLE `cart`
  ADD PRIMARY KEY (`id`);

--
-- Indexes for table `discount`
--
ALTER TABLE `discount`
  ADD PRIMARY KEY (`id`);

--
-- Indexes for table `discount_ticket`
--
ALTER TABLE `discount_ticket`
  ADD PRIMARY KEY (`id`);

--
-- Indexes for table `download`
--
ALTER TABLE `download`
  ADD PRIMARY KEY (`id`);

--
-- Indexes for table `orders`
--
ALTER TABLE `orders`
  ADD PRIMARY KEY (`id`);

--
-- Indexes for table `order_detail`
--
ALTER TABLE `order_detail`
  ADD PRIMARY KEY (`id`);

--
-- Indexes for table `order_status`
--
ALTER TABLE `order_status`
  ADD PRIMARY KEY (`id`);

--
-- Indexes for table `payment_method`
--
ALTER TABLE `payment_method`
  ADD PRIMARY KEY (`id`);

--
-- Indexes for table `products`
--
ALTER TABLE `products`
  ADD PRIMARY KEY (`id`);

--
-- Indexes for table `product_series`
--
ALTER TABLE `product_series`
  ADD PRIMARY KEY (`id`);

--
-- Indexes for table `product_status`
--
ALTER TABLE `product_status`
  ADD PRIMARY KEY (`id`);

--
-- Indexes for table `product_tag`
--
ALTER TABLE `product_tag`
  ADD PRIMARY KEY (`id`);

--
-- Indexes for table `review`
--
ALTER TABLE `review`
  ADD PRIMARY KEY (`id`);

--
-- Indexes for table `review_status`
--
ALTER TABLE `review_status`
  ADD PRIMARY KEY (`id`);

--
-- Indexes for table `tag`
--
ALTER TABLE `tag`
  ADD PRIMARY KEY (`id`);

--
-- Indexes for table `user_status`
--
ALTER TABLE `user_status`
  ADD PRIMARY KEY (`id`);

--
-- Indexes for table `wistlist`
--
ALTER TABLE `wistlist`
  ADD PRIMARY KEY (`id`);

--
-- AUTO_INCREMENT for dumped tables
--

--
-- AUTO_INCREMENT for table `cart`
--
ALTER TABLE `cart`
  MODIFY `id` int(11) NOT NULL AUTO_INCREMENT;

--
-- AUTO_INCREMENT for table `discount`
--
ALTER TABLE `discount`
  MODIFY `id` int(11) NOT NULL AUTO_INCREMENT;

--
-- AUTO_INCREMENT for table `discount_ticket`
--
ALTER TABLE `discount_ticket`
  MODIFY `id` int(11) NOT NULL AUTO_INCREMENT;

--
-- AUTO_INCREMENT for table `download`
--
ALTER TABLE `download`
  MODIFY `id` int(11) NOT NULL AUTO_INCREMENT;

--
-- AUTO_INCREMENT for table `orders`
--
ALTER TABLE `orders`
  MODIFY `id` int(11) NOT NULL AUTO_INCREMENT, AUTO_INCREMENT=251;

--
-- AUTO_INCREMENT for table `order_detail`
--
ALTER TABLE `order_detail`
  MODIFY `id` int(11) NOT NULL AUTO_INCREMENT, AUTO_INCREMENT=251;

--
-- AUTO_INCREMENT for table `order_status`
--
ALTER TABLE `order_status`
  MODIFY `id` int(11) NOT NULL AUTO_INCREMENT, AUTO_INCREMENT=7;

--
-- AUTO_INCREMENT for table `payment_method`
--
ALTER TABLE `payment_method`
  MODIFY `id` int(11) NOT NULL AUTO_INCREMENT, AUTO_INCREMENT=5;

--
-- AUTO_INCREMENT for table `products`
--
ALTER TABLE `products`
  MODIFY `id` int(11) UNSIGNED NOT NULL AUTO_INCREMENT, AUTO_INCREMENT=51;

--
-- AUTO_INCREMENT for table `product_series`
--
ALTER TABLE `product_series`
  MODIFY `id` int(11) NOT NULL AUTO_INCREMENT, AUTO_INCREMENT=7;

--
-- AUTO_INCREMENT for table `product_status`
--
ALTER TABLE `product_status`
  MODIFY `id` int(11) UNSIGNED NOT NULL AUTO_INCREMENT, AUTO_INCREMENT=6;

--
-- AUTO_INCREMENT for table `product_tag`
--
ALTER TABLE `product_tag`
  MODIFY `id` int(11) NOT NULL AUTO_INCREMENT, AUTO_INCREMENT=8;

--
-- AUTO_INCREMENT for table `review`
--
ALTER TABLE `review`
  MODIFY `id` int(11) NOT NULL AUTO_INCREMENT, AUTO_INCREMENT=2;

--
-- AUTO_INCREMENT for table `review_status`
--
ALTER TABLE `review_status`
  MODIFY `id` int(11) NOT NULL AUTO_INCREMENT, AUTO_INCREMENT=5;

--
-- AUTO_INCREMENT for table `tag`
--
ALTER TABLE `tag`
  MODIFY `id` int(11) NOT NULL AUTO_INCREMENT, AUTO_INCREMENT=5;

--
-- AUTO_INCREMENT for table `user_status`
--
ALTER TABLE `user_status`
  MODIFY `id` int(11) NOT NULL AUTO_INCREMENT, AUTO_INCREMENT=4;

--
-- AUTO_INCREMENT for table `wistlist`
--
ALTER TABLE `wistlist`
  MODIFY `id` int(11) NOT NULL AUTO_INCREMENT;
COMMIT;

/*!40101 SET CHARACTER_SET_CLIENT=@OLD_CHARACTER_SET_CLIENT */;
/*!40101 SET CHARACTER_SET_RESULTS=@OLD_CHARACTER_SET_RESULTS */;
/*!40101 SET COLLATION_CONNECTION=@OLD_COLLATION_CONNECTION */;
