-- phpMyAdmin SQL Dump
-- version 5.1.1
-- https://www.phpmyadmin.net/
--
-- Host: localhost
-- Generation Time: Feb 16, 2022 at 06:38 PM
-- Server version: 10.4.21-MariaDB
-- PHP Version: 8.1.0

SET SQL_MODE = "NO_AUTO_VALUE_ON_ZERO";
START TRANSACTION;
SET time_zone = "+00:00";


/*!40101 SET @OLD_CHARACTER_SET_CLIENT=@@CHARACTER_SET_CLIENT */;
/*!40101 SET @OLD_CHARACTER_SET_RESULTS=@@CHARACTER_SET_RESULTS */;
/*!40101 SET @OLD_COLLATION_CONNECTION=@@COLLATION_CONNECTION */;
/*!40101 SET NAMES utf8mb4 */;

--
-- Database: `flamboyant`
--
CREATE DATABASE IF NOT EXISTS `flamboyant` DEFAULT CHARACTER SET utf8mb4 COLLATE utf8mb4_general_ci;
USE `flamboyant`;

-- --------------------------------------------------------

--
-- Table structure for table `orders`
--

DROP TABLE IF EXISTS `orders`;
CREATE TABLE `orders` (
  `id` int(11) NOT NULL,
  `number` varchar(50) DEFAULT NULL,
  `product_name` varchar(50) DEFAULT NULL,
  `product_img` varchar(50) DEFAULT NULL,
  `products_total` int(11) DEFAULT NULL,
  `price_origin` int(11) DEFAULT NULL,
  `price_discount` int(11) DEFAULT NULL,
  `price_total` int(11) DEFAULT NULL,
  `payment_method` varchar(11) DEFAULT NULL,
  `user_name` varchar(50) DEFAULT NULL,
  `user_email` varchar(50) DEFAULT NULL,
  `created_at` date DEFAULT NULL,
  `order_status_id` int(11) DEFAULT NULL,
  `product_id` int(11) DEFAULT NULL,
  `user_id` int(11) DEFAULT NULL
) ENGINE=InnoDB DEFAULT CHARSET=utf8mb4;

--
-- Dumping data for table `orders`
--

INSERT INTO `orders` (`id`, `number`, `product_name`, `product_img`, `products_total`, `price_origin`, `price_discount`, `price_total`, `payment_method`, `user_name`, `user_email`, `created_at`, `order_status_id`, `product_id`, `user_id`) VALUES
(1, '4406695249', 'Juice - Apple, 1.36l', 'http://dummyimage.com/127x100.png/dddddd/000000', 4, 175, 5, 75, 'Credit Card', 'bpatley0', 'drive0@meetup.com', '2022-01-29', 2, 181, 92),
(2, '8094080655', 'Pork - Backs - Boneless', 'http://dummyimage.com/246x100.png/dddddd/000000', 2, 174, 3, 99, 'Apple Pay', 'kdewick1', 'bcathenod1@tmall.com', '2021-09-17', 6, 148, 237),
(3, '1089386478', 'Soup - Knorr, Classic Can. Chili', 'http://dummyimage.com/226x100.png/ff4444/ffffff', 6, 63, 3, 140, 'Credit Card', 'drudyard2', 'sfealty2@elpais.com', '2021-05-13', 5, 163, 44),
(4, '7309570634', 'V8 Pet', 'http://dummyimage.com/180x100.png/cc0000/ffffff', 9, 46, 12, 71, '7-11 代碼繳費', 'tworland3', 'bmartugin3@paginegialle.it', '2021-10-26', 1, 138, 204),
(5, '0625535839', 'Garam Marsala', 'http://dummyimage.com/123x100.png/cc0000/ffffff', 5, 104, 16, 44, '', 'noldford4', 'mdeantoni4@tmall.com', '2021-08-22', 6, 180, 99),
(6, '5655314096', 'Pork - Back Ribs', 'http://dummyimage.com/168x100.png/ff4444/ffffff', 7, 45, 4, 140, '7-11 代碼繳費', 'llaughlin5', 'adraycott5@people.com.cn', '2021-10-29', 2, 247, 192),
(7, '5378118581', 'Cheese - Parmigiano Reggiano', 'http://dummyimage.com/148x100.png/cc0000/ffffff', 3, 65, 10, 57, '', 'thalcro6', 'jdunkerley6@businessinsider.com', '2021-07-16', 3, 125, 212),
(8, '0256867763', 'Gatorade - Fruit Punch', 'http://dummyimage.com/121x100.png/cc0000/ffffff', 5, 160, 12, 9, 'Credit Card', 'fbirtley7', 'tfrusher7@linkedin.com', '2021-10-31', 4, 35, 176),
(9, '7231580602', 'Beets - Golden', 'http://dummyimage.com/202x100.png/dddddd/000000', 9, 40, 12, 145, 'Google Pay', 'jmcamish8', 'dstobo8@github.com', '2021-03-08', 2, 208, 39),
(10, '9523154052', 'Pop - Club Soda Can', 'http://dummyimage.com/209x100.png/5fa2dd/ffffff', 6, 112, 16, 92, 'Credit Card', 'rpigne9', 'obrittian9@list-manage.com', '2021-08-25', 4, 24, 46),
(11, '2832572111', 'Longos - Assorted Sandwich', 'http://dummyimage.com/170x100.png/cc0000/ffffff', 8, 124, 13, 28, 'Credit Card', 'eciania', 'psarvara@histats.com', '2021-10-20', 4, 138, 148),
(12, '2868933734', 'Apple - Delicious, Red', 'http://dummyimage.com/179x100.png/cc0000/ffffff', 8, 109, 5, 157, 'Google Pay', 'dtownsb', 'rbrimmb@yellowpages.com', '2021-09-19', 6, 106, 87),
(13, '8656138197', 'Yogurt - Plain', 'http://dummyimage.com/232x100.png/dddddd/000000', 7, 67, 18, 65, '', 'rstallenc', 'gwennamc@mozilla.com', '2021-08-20', 6, 56, 193),
(14, '2210677025', 'Muffin Hinge 117n', 'http://dummyimage.com/163x100.png/ff4444/ffffff', 1, 167, 11, 25, '7-11 代碼繳費', 'bpignyd', 'lronaldd@yandex.ru', '2021-12-08', 3, 223, 43),
(15, '7736103798', 'Lid - Translucent, 3.5 And 6 Oz', 'http://dummyimage.com/191x100.png/ff4444/ffffff', 1, 193, 16, 140, 'Apple Pay', 'elightewoode', 'mrignalle@qq.com', '2021-03-20', 1, 60, 246),
(16, '5729139012', 'Duck - Legs', 'http://dummyimage.com/169x100.png/ff4444/ffffff', 4, 137, 7, 32, 'Credit Card', 'anewberyf', 'iodeveyf@npr.org', '2021-12-27', 2, 102, 14),
(17, '2277906336', 'Wine - Rhine Riesling Wolf Blass', 'http://dummyimage.com/162x100.png/ff4444/ffffff', 4, 172, 15, 40, 'Credit Card', 'tiacopinig', 'fchatwoodg@mayoclinic.com', '2021-03-12', 6, 146, 21),
(18, '6014401199', 'Salt - Sea', 'http://dummyimage.com/125x100.png/cc0000/ffffff', 8, 52, 17, 161, '', 'sspellissyh', 'rbelvardh@exblog.jp', '2021-07-23', 2, 238, 110),
(19, '1921937181', 'Lobster - Canned Premium', 'http://dummyimage.com/233x100.png/ff4444/ffffff', 7, 138, 12, 157, 'Google Pay', 'dtruitti', 'hrevilli@aboutads.info', '2021-12-02', 6, 246, 133),
(20, '4882524805', 'Tequila Rose Cream Liquor', 'http://dummyimage.com/179x100.png/cc0000/ffffff', 4, 16, 8, 12, 'Google Pay', 'mstokoej', 'sjurczikj@time.com', '2022-01-03', 1, 225, 51),
(21, '6018028867', 'Beef - Top Sirloin - Aaa', 'http://dummyimage.com/243x100.png/5fa2dd/ffffff', 9, 107, 9, 34, '', 'abarckek', 'asteningk@slashdot.org', '2021-06-20', 3, 40, 54),
(22, '4421483206', 'Steampan - Half Size Shallow', 'http://dummyimage.com/248x100.png/ff4444/ffffff', 7, 42, 19, 13, 'Google Pay', 'rsievel', 'jfarmarl@barnesandnoble.com', '2021-12-27', 2, 56, 41),
(23, '1401968937', 'Chicken - Leg / Back Attach', 'http://dummyimage.com/240x100.png/5fa2dd/ffffff', 4, 169, 16, 150, 'Apple Pay', 'blarretm', 'smaddysonm@unesco.org', '2022-01-30', 6, 34, 163),
(24, '2235025196', 'English Muffin', 'http://dummyimage.com/213x100.png/ff4444/ffffff', 1, 197, 19, 39, '', 'cmonellin', 'hbeern@tumblr.com', '2021-08-14', 2, 186, 55),
(25, '8840173218', 'Wine - Niagara,vqa Reisling', 'http://dummyimage.com/170x100.png/cc0000/ffffff', 7, 19, 13, 52, '7-11 代碼繳費', 'spatricko', 'abedsono@howstuffworks.com', '2021-05-31', 3, 113, 198),
(26, '7883150871', 'Butcher Twine 4r', 'http://dummyimage.com/227x100.png/5fa2dd/ffffff', 1, 99, 3, 105, '7-11 代碼繳費', 'jwickersonp', 'ckidgellp@java.com', '2021-09-07', 2, 60, 129),
(27, '5168795382', 'Cake - Pancake', 'http://dummyimage.com/146x100.png/dddddd/000000', 3, 24, 17, 170, '', 'mdeyenhardtq', 'dwalderq@engadget.com', '2021-05-20', 5, 226, 222),
(28, '4394019362', 'Coffee - Ristretto Coffee Capsule', 'http://dummyimage.com/182x100.png/ff4444/ffffff', 5, 123, 7, 101, 'Credit Card', 'alandersr', 'cbursnollr@macromedia.com', '2021-04-29', 4, 113, 203),
(29, '0660563770', 'Tomatoes - Diced, Canned', 'http://dummyimage.com/219x100.png/ff4444/ffffff', 5, 88, 15, 102, '7-11 代碼繳費', 'fcarletts', 'heyerss@webs.com', '2022-01-06', 5, 131, 248),
(30, '8097292262', 'Tea - Herbal - 6 Asst', 'http://dummyimage.com/173x100.png/5fa2dd/ffffff', 7, 164, 15, 139, '', 'mspatarit', 'alaugat@google.es', '2021-09-12', 2, 17, 151),
(31, '8612443458', 'Compound - Passion Fruit', 'http://dummyimage.com/144x100.png/cc0000/ffffff', 9, 71, 16, 38, 'Credit Card', 'zfedderu', 'thaighu@bandcamp.com', '2021-09-11', 2, 77, 174),
(32, '9010619362', 'Pork - Chop, Frenched', 'http://dummyimage.com/107x100.png/5fa2dd/ffffff', 2, 41, 10, 137, 'Credit Card', 'camossv', 'hadawayv@phpbb.com', '2021-12-29', 1, 88, 123),
(33, '5194452861', 'Kohlrabi', 'http://dummyimage.com/242x100.png/dddddd/000000', 5, 87, 6, 102, 'Credit Card', 'eblinckow', 'imcfarlanw@github.com', '2021-07-06', 2, 6, 145),
(34, '6812845965', 'Anisette - Mcguiness', 'http://dummyimage.com/136x100.png/cc0000/ffffff', 8, 185, 3, 45, 'Google Pay', 'sclemersonx', 'gdunkx@4shared.com', '2021-06-28', 5, 245, 101),
(35, '1818835010', 'Mangostein', 'http://dummyimage.com/200x100.png/dddddd/000000', 1, 108, 5, 145, 'Google Pay', 'fcussinsy', 'avanarsdally@about.me', '2021-04-22', 1, 123, 26),
(36, '2254924249', 'Puree - Passion Fruit', 'http://dummyimage.com/144x100.png/dddddd/000000', 9, 146, 9, 113, 'Apple Pay', 'ldealeyz', 'esaltwellz@thetimes.co.uk', '2021-08-07', 1, 30, 36),
(37, '2822007934', 'Bread - Onion Focaccia', 'http://dummyimage.com/183x100.png/5fa2dd/ffffff', 8, 40, 11, 122, '7-11 代碼繳費', 'ceich10', 'roxborrow10@marriott.com', '2021-11-13', 5, 117, 92),
(38, '9505474318', 'Cactus Pads', 'http://dummyimage.com/111x100.png/dddddd/000000', 4, 63, 18, 89, 'Apple Pay', 'mlesieur11', 'zsibbit11@t-online.de', '2021-06-01', 5, 16, 102),
(39, '8049898768', 'Bread - Rosemary Focaccia', 'http://dummyimage.com/187x100.png/cc0000/ffffff', 4, 49, 14, 104, '7-11 代碼繳費', 'eexell12', 'awellings12@arstechnica.com', '2021-06-14', 2, 4, 137),
(40, '5231682993', 'Skewers - Bamboo', 'http://dummyimage.com/153x100.png/cc0000/ffffff', 5, 27, 12, 104, 'Credit Card', 'bstailey13', 'gende13@indiatimes.com', '2021-08-06', 2, 148, 7),
(41, '7537630933', 'Eggplant - Regular', 'http://dummyimage.com/126x100.png/ff4444/ffffff', 7, 196, 6, 178, '7-11 代碼繳費', 'mheymann14', 'cpizer14@shinystat.com', '2022-02-01', 2, 58, 18),
(42, '2343659249', 'Beef - Salted', 'http://dummyimage.com/177x100.png/ff4444/ffffff', 7, 47, 6, 155, 'Apple Pay', 'bmapstone15', 'cvellden15@wufoo.com', '2021-05-02', 4, 173, 178),
(43, '2322492760', 'Vinegar - Tarragon', 'http://dummyimage.com/171x100.png/dddddd/000000', 8, 124, 4, 150, '', 'fhaughin16', 'dbrownstein16@army.mil', '2021-03-04', 6, 169, 39),
(44, '4910862420', 'Sprouts - Bean', 'http://dummyimage.com/115x100.png/5fa2dd/ffffff', 4, 58, 11, 93, '7-11 代碼繳費', 'gpelz17', 'nharmant17@nature.com', '2021-08-31', 4, 34, 200),
(45, '4167245140', 'Bread - Rolls, Rye', 'http://dummyimage.com/227x100.png/ff4444/ffffff', 9, 88, 3, 21, 'Credit Card', 'cnutting18', 'wandreichik18@whitehouse.gov', '2022-01-27', 6, 11, 10),
(46, '8555334500', 'Dragon Fruit', 'http://dummyimage.com/179x100.png/5fa2dd/ffffff', 9, 149, 7, 157, 'Credit Card', 'agoing19', 'cchansonnau19@plala.or.jp', '2021-09-19', 3, 131, 3),
(47, '6880418562', 'Spoon - Soup, Plastic', 'http://dummyimage.com/213x100.png/5fa2dd/ffffff', 2, 105, 5, 168, 'Google Pay', 'srawsthorn1a', 'olamperti1a@yellowpages.com', '2022-02-11', 2, 249, 74),
(48, '5154409132', 'Tomato - Green', 'http://dummyimage.com/196x100.png/dddddd/000000', 7, 183, 10, 79, 'Credit Card', 'rgurton1b', 'tvandevlies1b@goodreads.com', '2022-01-26', 2, 183, 60),
(49, '3048484191', 'Chocolate - Dark Callets', 'http://dummyimage.com/204x100.png/ff4444/ffffff', 2, 91, 5, 42, '', 'mpudding1c', 'emcilharga1c@weibo.com', '2022-01-18', 4, 169, 152),
(50, '5430508136', 'Sugar - Fine', 'http://dummyimage.com/197x100.png/5fa2dd/ffffff', 9, 156, 3, 150, '', 'kgriffoen1d', 'wcarrell1d@deviantart.com', '2021-07-17', 5, 230, 103),
(51, '8013556085', 'Soup Campbells - Tomato Bisque', 'http://dummyimage.com/114x100.png/5fa2dd/ffffff', 6, 11, 7, 13, '', 'ibiddles1e', 'atythe1e@sina.com.cn', '2021-09-06', 4, 226, 52),
(52, '1734790385', 'Bread - French Stick', 'http://dummyimage.com/196x100.png/ff4444/ffffff', 3, 131, 6, 52, '7-11 代碼繳費', 'wmanifield1f', 'aebenezer1f@hibu.com', '2021-09-23', 6, 186, 225),
(53, '2732747033', 'Asparagus - Frozen', 'http://dummyimage.com/216x100.png/dddddd/000000', 4, 159, 18, 102, 'Google Pay', 'zlongshaw1g', 'rbassett1g@smugmug.com', '2021-02-25', 1, 133, 214),
(54, '1616037970', 'Ham - Black Forest', 'http://dummyimage.com/218x100.png/cc0000/ffffff', 3, 11, 13, 62, '7-11 代碼繳費', 'ngethin1h', 'mguswell1h@dot.gov', '2021-06-19', 1, 6, 117),
(55, '9374618745', 'Split Peas - Green, Dry', 'http://dummyimage.com/114x100.png/ff4444/ffffff', 5, 96, 14, 123, '', 'kconn1i', 'cbudden1i@surveymonkey.com', '2021-05-26', 5, 96, 106),
(56, '5782362529', 'Wine - Sherry Dry Sack, William', 'http://dummyimage.com/124x100.png/ff4444/ffffff', 6, 188, 6, 92, 'Credit Card', 'kpedroni1j', 'nduffit1j@irs.gov', '2021-03-18', 5, 74, 114),
(57, '2447759169', 'Amaretto', 'http://dummyimage.com/129x100.png/dddddd/000000', 1, 173, 8, 158, 'Google Pay', 'gbettam1k', 'mpatey1k@php.net', '2021-07-06', 3, 225, 215),
(58, '9569520833', 'Dragon Fruit', 'http://dummyimage.com/184x100.png/5fa2dd/ffffff', 9, 34, 9, 54, 'Google Pay', 'tmcdool1l', 'rgidden1l@google.ru', '2021-02-21', 3, 228, 151),
(59, '1895328004', 'Table Cloth 81x81 White', 'http://dummyimage.com/144x100.png/5fa2dd/ffffff', 6, 11, 18, 89, 'Google Pay', 'gnelm1m', 'sclibbery1m@desdev.cn', '2021-04-18', 6, 21, 54),
(60, '1974834107', 'Sprouts - Pea', 'http://dummyimage.com/116x100.png/ff4444/ffffff', 6, 172, 7, 161, '7-11 代碼繳費', 'hcourtenay1n', 'mjirak1n@seattletimes.com', '2022-02-11', 4, 31, 42),
(61, '6495376626', 'Snapple - Iced Tea Peach', 'http://dummyimage.com/246x100.png/5fa2dd/ffffff', 4, 172, 15, 32, 'Google Pay', 'dknok1o', 'ipllu1o@symantec.com', '2021-05-17', 4, 179, 16),
(62, '3110130092', 'Flour Pastry Super Fine', 'http://dummyimage.com/160x100.png/cc0000/ffffff', 4, 173, 5, 155, 'Google Pay', 'tborgnet1p', 'ccreed1p@forbes.com', '2021-12-03', 1, 81, 216),
(63, '7359255686', 'Bread - Bagels, Plain', 'http://dummyimage.com/108x100.png/ff4444/ffffff', 6, 160, 5, 107, 'Apple Pay', 'kworkman1q', 'bscholfield1q@reddit.com', '2021-05-01', 3, 204, 101),
(64, '9225279329', 'Bread - Rye', 'http://dummyimage.com/186x100.png/ff4444/ffffff', 5, 103, 10, 141, 'Apple Pay', 'lbernini1r', 'ocrigin1r@cam.ac.uk', '2021-04-16', 4, 52, 132),
(65, '5372607831', 'Bread Base - Goodhearth', 'http://dummyimage.com/233x100.png/cc0000/ffffff', 9, 166, 17, 89, 'Apple Pay', 'cswait1s', 'sklimsch1s@si.edu', '2021-07-18', 4, 208, 77),
(66, '9312667882', 'Pepper - White, Whole', 'http://dummyimage.com/161x100.png/5fa2dd/ffffff', 4, 167, 15, 58, 'Credit Card', 'gwoller1t', 'eheckner1t@xrea.com', '2021-04-07', 2, 13, 56),
(67, '2010272471', 'Sprouts - Peppercress', 'http://dummyimage.com/115x100.png/5fa2dd/ffffff', 7, 155, 3, 167, 'Apple Pay', 'asheers1u', 'sdirocca1u@yellowbook.com', '2021-03-18', 3, 118, 103),
(68, '7571598087', 'Bag - Regular Kraft 20 Lb', 'http://dummyimage.com/159x100.png/5fa2dd/ffffff', 5, 108, 7, 129, '7-11 代碼繳費', 'glouder1v', 'lbinks1v@vk.com', '2021-06-10', 3, 145, 231),
(69, '5927344577', 'Lemonade - Pineapple Passion', 'http://dummyimage.com/129x100.png/cc0000/ffffff', 1, 58, 17, 167, 'Credit Card', 'lyandle1w', 'bshalliker1w@w3.org', '2022-02-02', 3, 135, 212),
(70, '0247086495', 'Beer - Fruli', 'http://dummyimage.com/170x100.png/ff4444/ffffff', 6, 45, 8, 38, 'Apple Pay', 'acrossfield1x', 'ecampany1x@about.me', '2021-11-20', 3, 100, 189),
(71, '2983846997', 'Brandy Apricot', 'http://dummyimage.com/124x100.png/ff4444/ffffff', 4, 179, 9, 32, '7-11 代碼繳費', 'cslaughter1y', 'sgager1y@tinypic.com', '2021-10-12', 1, 212, 43),
(72, '8799258595', 'Cheese - Colby', 'http://dummyimage.com/196x100.png/dddddd/000000', 2, 167, 13, 148, 'Apple Pay', 'rgaye1z', 'vshasnan1z@narod.ru', '2022-01-22', 4, 37, 30),
(73, '8738106035', 'Quail Eggs - Canned', 'http://dummyimage.com/208x100.png/ff4444/ffffff', 8, 64, 3, 113, 'Google Pay', 'hmalyon20', 'vcuffe20@oaic.gov.au', '2022-01-07', 2, 246, 232),
(74, '5004482969', 'Cookie Trail Mix', 'http://dummyimage.com/207x100.png/5fa2dd/ffffff', 5, 172, 13, 65, '', 'bmccurtain21', 'bbernardi21@amazon.co.uk', '2021-12-15', 5, 88, 197),
(75, '9377541182', 'Doilies - 10, Paper', 'http://dummyimage.com/163x100.png/cc0000/ffffff', 5, 168, 13, 15, 'Credit Card', 'gwimpey22', 'sgiddins22@wix.com', '2021-08-29', 5, 144, 63),
(76, '9831462335', 'Sobe - Liz Blizz', 'http://dummyimage.com/218x100.png/dddddd/000000', 9, 34, 8, 88, '', 'mkelby23', 'durian23@auda.org.au', '2021-08-04', 5, 160, 238),
(77, '8315777610', 'Milkettes - 2%', 'http://dummyimage.com/141x100.png/5fa2dd/ffffff', 5, 24, 12, 142, '', 'bfranzewitch24', 'eglowinski24@npr.org', '2022-02-12', 2, 220, 154),
(78, '7188581789', 'Mussels - Cultivated', 'http://dummyimage.com/121x100.png/dddddd/000000', 9, 11, 12, 44, 'Credit Card', 'oderrington25', 'nkernan25@dailymail.co.uk', '2021-08-13', 4, 102, 114),
(79, '1311263101', 'Broom Handle', 'http://dummyimage.com/236x100.png/5fa2dd/ffffff', 2, 81, 11, 69, '', 'dlemmertz26', 'cpiel26@bloglines.com', '2021-03-12', 4, 127, 230),
(80, '1832385647', 'Veal - Leg, Provimi - 50 Lb Max', 'http://dummyimage.com/184x100.png/5fa2dd/ffffff', 8, 152, 9, 22, 'Google Pay', 'graddon27', 'nsparshett27@comsenz.com', '2021-08-27', 1, 39, 86),
(81, '9239672583', 'Danishes - Mini Raspberry', 'http://dummyimage.com/180x100.png/cc0000/ffffff', 6, 18, 12, 47, 'Apple Pay', 'cduffil28', 'ntschirschky28@sohu.com', '2021-06-13', 3, 90, 66),
(82, '0215832574', 'Oregano - Dry, Rubbed', 'http://dummyimage.com/122x100.png/5fa2dd/ffffff', 5, 73, 6, 59, 'Credit Card', 'fhegges29', 'gcoundley29@utexas.edu', '2022-02-13', 3, 39, 215),
(83, '4665146802', 'Bread Fig And Almond', 'http://dummyimage.com/116x100.png/5fa2dd/ffffff', 5, 184, 11, 15, 'Credit Card', 'amosconi2a', 'kgrisewood2a@booking.com', '2021-04-03', 4, 230, 86),
(84, '1865667722', 'Peas - Frozen', 'http://dummyimage.com/109x100.png/ff4444/ffffff', 7, 153, 9, 81, 'Credit Card', 'klowndsbrough2b', 'fpanchin2b@stanford.edu', '2022-02-14', 2, 184, 52),
(85, '0647171449', 'Tahini Paste', 'http://dummyimage.com/103x100.png/5fa2dd/ffffff', 3, 135, 5, 9, '7-11 代碼繳費', 'cbushnell2c', 'rfarbrother2c@abc.net.au', '2021-10-14', 5, 207, 202),
(86, '0947709002', 'Cookie - Dough Variety', 'http://dummyimage.com/198x100.png/ff4444/ffffff', 8, 29, 19, 113, 'Google Pay', 'freddoch2d', 'prickert2d@devhub.com', '2022-01-21', 3, 237, 67),
(87, '8695637107', 'Kiwi', 'http://dummyimage.com/102x100.png/cc0000/ffffff', 4, 119, 15, 25, 'Apple Pay', 'rmarciskewski2e', 'cyegorkin2e@wsj.com', '2021-08-15', 1, 194, 244),
(88, '6611521321', 'Shark - Loin', 'http://dummyimage.com/185x100.png/ff4444/ffffff', 4, 115, 9, 95, 'Apple Pay', 'cjaycocks2f', 'tmoyse2f@oracle.com', '2021-06-27', 6, 208, 212),
(89, '1633999831', 'Club Soda - Schweppes, 355 Ml', 'http://dummyimage.com/200x100.png/dddddd/000000', 4, 161, 15, 141, '7-11 代碼繳費', 'tlikly2g', 'asilly2g@imgur.com', '2021-12-07', 6, 128, 141),
(90, '5090707065', 'Venison - Racks Frenched', 'http://dummyimage.com/226x100.png/dddddd/000000', 3, 125, 5, 166, 'Apple Pay', 'imckeney2h', 'zheinzel2h@icq.com', '2021-06-02', 3, 90, 132),
(91, '0017081181', 'Muffin - Mix - Bran And Maple 15l', 'http://dummyimage.com/206x100.png/dddddd/000000', 2, 73, 6, 137, '', 'gbradford2i', 'jgotecliffe2i@apache.org', '2021-04-29', 6, 179, 215),
(92, '0869429892', 'Mushroom - Shitake, Dry', 'http://dummyimage.com/129x100.png/5fa2dd/ffffff', 7, 146, 18, 157, 'Google Pay', 'ntirte2j', 'vhutson2j@livejournal.com', '2021-04-01', 3, 228, 174),
(93, '9171396861', 'Pork - Tenderloin, Frozen', 'http://dummyimage.com/216x100.png/cc0000/ffffff', 2, 22, 14, 113, 'Credit Card', 'dblindmann2k', 'hfoale2k@networksolutions.com', '2021-02-20', 1, 186, 139),
(94, '9223640547', 'Wine - White, Schroder And Schyl', 'http://dummyimage.com/102x100.png/dddddd/000000', 2, 130, 8, 37, '7-11 代碼繳費', 'khegg2l', 'ebruckent2l@gov.uk', '2021-11-20', 1, 182, 161),
(95, '6700602092', 'Onions - Vidalia', 'http://dummyimage.com/241x100.png/ff4444/ffffff', 7, 74, 18, 167, 'Google Pay', 'leloi2m', 'fperkinson2m@jiathis.com', '2021-11-19', 6, 101, 64),
(96, '3898594785', 'Grenadine', 'http://dummyimage.com/212x100.png/ff4444/ffffff', 2, 118, 9, 167, '7-11 代碼繳費', 'dmarquand2n', 'meicke2n@army.mil', '2021-11-29', 5, 44, 205),
(97, '4226230833', 'Beef - Kindney, Whole', 'http://dummyimage.com/156x100.png/5fa2dd/ffffff', 6, 24, 19, 57, '', 'cquickenden2o', 'pcoger2o@com.com', '2021-10-30', 1, 124, 184),
(98, '3343135100', 'Rice - Sushi', 'http://dummyimage.com/101x100.png/cc0000/ffffff', 8, 150, 3, 147, '', 'achadwick2p', 'sgrix2p@domainmarket.com', '2021-12-19', 2, 186, 203),
(99, '9384228079', 'Ecolab - Hobart Washarm End Cap', 'http://dummyimage.com/187x100.png/dddddd/000000', 6, 90, 5, 21, 'Google Pay', 'zomullaney2q', 'pmooreed2q@google.com.au', '2022-02-03', 2, 12, 64),
(100, '3418108024', 'Coffee - Irish Cream', 'http://dummyimage.com/103x100.png/cc0000/ffffff', 7, 192, 5, 116, '', 'nbims2r', 'ereast2r@naver.com', '2021-04-03', 2, 88, 100),
(101, '6463511544', 'Beer - Mill St Organic', 'http://dummyimage.com/198x100.png/dddddd/000000', 1, 181, 3, 17, 'Credit Card', 'blemon2s', 'elawrenson2s@cbsnews.com', '2021-07-09', 3, 104, 89),
(102, '9464513055', 'Sugar - Cubes', 'http://dummyimage.com/226x100.png/cc0000/ffffff', 3, 52, 4, 53, 'Apple Pay', 'gsergean2t', 'dbulter2t@slashdot.org', '2021-12-16', 2, 9, 116),
(103, '0885022165', 'Aspic - Light', 'http://dummyimage.com/121x100.png/ff4444/ffffff', 6, 93, 14, 168, 'Credit Card', 'zbushe2u', 'ghousley2u@intel.com', '2021-05-12', 5, 133, 36),
(104, '5630726420', 'Salmon - Atlantic, Skin On', 'http://dummyimage.com/231x100.png/ff4444/ffffff', 4, 100, 19, 76, '', 'hthomesson2v', 'dcoleford2v@sitemeter.com', '2021-04-24', 2, 2, 193),
(105, '2491777681', 'Honey - Liquid', 'http://dummyimage.com/185x100.png/5fa2dd/ffffff', 2, 174, 12, 92, 'Google Pay', 'atruett2w', 'lchrismas2w@reuters.com', '2021-12-20', 5, 58, 59),
(106, '6382555444', 'Wine - Mondavi Coastal Private', 'http://dummyimage.com/159x100.png/cc0000/ffffff', 1, 155, 6, 27, '', 'shaydney2x', 'lfawltey2x@exblog.jp', '2021-12-09', 4, 61, 54),
(107, '7228202821', 'Muffin Puck Ww Carrot', 'http://dummyimage.com/104x100.png/ff4444/ffffff', 3, 148, 12, 129, 'Apple Pay', 'cbush2y', 'gilling2y@liveinternet.ru', '2021-06-10', 3, 101, 67),
(108, '2643746953', 'Soup - Knorr, Ministrone', 'http://dummyimage.com/222x100.png/cc0000/ffffff', 5, 188, 4, 42, '7-11 代碼繳費', 'zstrowthers2z', 'arobak2z@google.com.br', '2021-04-06', 6, 119, 71),
(109, '2002812756', 'Extract - Almond', 'http://dummyimage.com/134x100.png/ff4444/ffffff', 3, 187, 16, 49, 'Credit Card', 'jbricham30', 'bbortoloni30@shinystat.com', '2021-08-22', 2, 133, 233),
(110, '4387694270', 'Oil - Olive', 'http://dummyimage.com/119x100.png/dddddd/000000', 9, 169, 5, 153, '', 'aworden31', 'mmcgebenay31@google.com.au', '2021-11-20', 2, 221, 141),
(111, '0161462952', 'Wine - Wyndham Estate Bin 777', 'http://dummyimage.com/104x100.png/ff4444/ffffff', 4, 28, 14, 174, 'Credit Card', 'kflahive32', 'ccossar32@artisteer.com', '2021-09-09', 2, 69, 78),
(112, '9679628736', 'Doilies - 7, Paper', 'http://dummyimage.com/213x100.png/ff4444/ffffff', 7, 198, 12, 177, 'Apple Pay', 'droddam33', 'jdecruze33@diigo.com', '2021-12-09', 2, 144, 195),
(113, '1445087502', 'Capers - Ox Eye Daisy', 'http://dummyimage.com/154x100.png/dddddd/000000', 2, 176, 4, 45, 'Credit Card', 'bpampling34', 'frattery34@springer.com', '2022-01-13', 6, 139, 42),
(114, '5264082294', 'Leeks - Large', 'http://dummyimage.com/178x100.png/5fa2dd/ffffff', 4, 136, 19, 55, 'Google Pay', 'bbailess35', 'gmazzey35@photobucket.com', '2021-05-19', 4, 98, 78),
(115, '0210356979', 'Tart Shells - Barquettes, Savory', 'http://dummyimage.com/199x100.png/5fa2dd/ffffff', 5, 68, 13, 94, '7-11 代碼繳費', 'jvandenvelden36', 'rlafrentz36@mail.ru', '2021-05-05', 3, 170, 242),
(116, '3970826128', 'Turkey - Ground. Lean', 'http://dummyimage.com/135x100.png/dddddd/000000', 8, 88, 19, 32, '7-11 代碼繳費', 'jtabard37', 'jbrazer37@blogtalkradio.com', '2021-10-30', 3, 140, 54),
(117, '5573240285', 'Tomatoes Tear Drop', 'http://dummyimage.com/169x100.png/cc0000/ffffff', 6, 47, 15, 54, '', 'dcromie38', 'cjanuary38@businessinsider.com', '2021-09-08', 3, 184, 201),
(118, '9879564308', 'Danishes - Mini Raspberry', 'http://dummyimage.com/139x100.png/cc0000/ffffff', 9, 171, 6, 15, 'Credit Card', 'ainsole39', 'skenafaque39@latimes.com', '2021-09-23', 1, 117, 88),
(119, '9262482272', 'English Muffin', 'http://dummyimage.com/227x100.png/ff4444/ffffff', 6, 90, 5, 75, '', 'emctrustrie3a', 'spodd3a@shinystat.com', '2021-08-28', 4, 151, 58),
(120, '2730143491', 'Coconut Milk - Unsweetened', 'http://dummyimage.com/137x100.png/ff4444/ffffff', 2, 37, 9, 153, '', 'mmacglory3b', 'ngain3b@arstechnica.com', '2021-05-12', 6, 164, 42),
(121, '4727051397', 'Coffee Caramel Biscotti', 'http://dummyimage.com/242x100.png/ff4444/ffffff', 5, 49, 6, 106, 'Apple Pay', 'hsaurin3c', 'rnettleship3c@bandcamp.com', '2021-04-10', 5, 95, 85),
(122, '0052150917', 'Flour Dark Rye', 'http://dummyimage.com/231x100.png/ff4444/ffffff', 2, 28, 9, 15, 'Google Pay', 'kyushkov3d', 'mkleinstein3d@netvibes.com', '2021-07-31', 3, 169, 59),
(123, '4943944132', 'Allspice - Jamaican', 'http://dummyimage.com/216x100.png/dddddd/000000', 7, 179, 4, 108, 'Apple Pay', 'hseacombe3e', 'pewins3e@ehow.com', '2021-11-23', 1, 186, 64),
(124, '3398216056', 'Ginsing - Fresh', 'http://dummyimage.com/209x100.png/5fa2dd/ffffff', 4, 13, 3, 154, 'Credit Card', 'hbeedham3f', 'mmacmakin3f@psu.edu', '2022-02-10', 1, 242, 89),
(125, '7934416075', 'Soup - Clam Chowder, Dry Mix', 'http://dummyimage.com/136x100.png/cc0000/ffffff', 1, 122, 9, 43, '7-11 代碼繳費', 'ktwigger3g', 'bbrittoner3g@bbb.org', '2022-02-03', 5, 125, 143),
(126, '7545801555', 'Madeira', 'http://dummyimage.com/193x100.png/ff4444/ffffff', 8, 158, 8, 101, 'Credit Card', 'ahullah3h', 'sguenther3h@hugedomains.com', '2021-07-22', 3, 190, 113),
(127, '9224191290', 'Steamers White', 'http://dummyimage.com/155x100.png/5fa2dd/ffffff', 8, 102, 9, 130, 'Apple Pay', 'jtop3i', 'wjeffreys3i@uol.com.br', '2021-09-22', 6, 36, 167),
(128, '4189616362', 'Thyme - Lemon, Fresh', 'http://dummyimage.com/185x100.png/cc0000/ffffff', 9, 186, 14, 97, 'Credit Card', 'abartolini3j', 'dtoffel3j@tinyurl.com', '2021-11-04', 6, 242, 174),
(129, '8291719810', 'Table Cloth 90x90 White', 'http://dummyimage.com/230x100.png/dddddd/000000', 2, 133, 16, 46, 'Credit Card', 'tfarrand3k', 'tgarcia3k@qq.com', '2021-06-15', 6, 242, 4),
(130, '2795074141', 'Rum - Cream, Amarula', 'http://dummyimage.com/238x100.png/5fa2dd/ffffff', 6, 122, 5, 179, '', 'nfantin3l', 'lcaldeyroux3l@howstuffworks.com', '2021-12-16', 5, 149, 72),
(131, '3123348156', 'Potatoes - Idaho 80 Count', 'http://dummyimage.com/113x100.png/5fa2dd/ffffff', 6, 162, 10, 91, 'Apple Pay', 'pisard3m', 'idelacey3m@cafepress.com', '2021-11-17', 6, 97, 105),
(132, '7071165327', 'Crab Meat Claw Pasteurise', 'http://dummyimage.com/239x100.png/5fa2dd/ffffff', 3, 74, 18, 116, 'Apple Pay', 'hchallenor3n', 'noffiler3n@canalblog.com', '2021-05-29', 2, 189, 74),
(133, '5246821277', 'Beef - Top Butt', 'http://dummyimage.com/194x100.png/5fa2dd/ffffff', 1, 142, 10, 144, 'Apple Pay', 'rfahrenbacher3o', 'aerb3o@twitter.com', '2022-01-07', 1, 26, 42),
(134, '4295399140', 'Lamb - Shoulder, Boneless', 'http://dummyimage.com/143x100.png/cc0000/ffffff', 8, 180, 4, 35, 'Apple Pay', 'vcutcliffe3p', 'selam3p@auda.org.au', '2022-01-25', 6, 17, 147),
(135, '6933206963', 'Gin - Gilbeys London, Dry', 'http://dummyimage.com/107x100.png/5fa2dd/ffffff', 3, 109, 4, 119, '', 'mkent3q', 'dlarret3q@answers.com', '2021-06-26', 1, 164, 246),
(136, '0377332364', 'Cheese - Grie Des Champ', 'http://dummyimage.com/176x100.png/5fa2dd/ffffff', 3, 54, 10, 13, 'Apple Pay', 'clennarde3r', 'hmccloughen3r@deliciousdays.com', '2021-09-06', 5, 220, 26),
(137, '6613891401', 'Monkfish Fresh - Skin Off', 'http://dummyimage.com/221x100.png/ff4444/ffffff', 1, 88, 3, 31, '', 'mwainer3s', 'cgiamo3s@bbb.org', '2021-10-09', 6, 203, 242),
(138, '1637689667', 'Chicken - Breast, 5 - 7 Oz', 'http://dummyimage.com/243x100.png/5fa2dd/ffffff', 7, 70, 16, 71, 'Credit Card', 'ghannah3t', 'csigart3t@wikipedia.org', '2022-02-06', 6, 84, 176),
(139, '3485745561', 'Chinese Foods - Thick Noodles', 'http://dummyimage.com/169x100.png/cc0000/ffffff', 7, 58, 5, 56, '7-11 代碼繳費', 'lpottery3u', 'bhelstrip3u@google.cn', '2021-03-22', 5, 97, 220),
(140, '8152397709', 'Shortbread - Cookie Crumbs', 'http://dummyimage.com/136x100.png/dddddd/000000', 8, 60, 6, 171, 'Credit Card', 'fstacey3v', 'egoves3v@blogspot.com', '2022-01-02', 2, 102, 27),
(141, '9201774842', 'Cabbage Roll', 'http://dummyimage.com/141x100.png/dddddd/000000', 8, 30, 11, 168, '', 'hmurtagh3w', 'ndevey3w@ycombinator.com', '2021-05-28', 3, 134, 220),
(142, '3829407009', 'Miso - Soy Bean Paste', 'http://dummyimage.com/222x100.png/ff4444/ffffff', 2, 37, 11, 73, 'Google Pay', 'cnoore3x', 'hdella3x@irs.gov', '2021-03-25', 1, 21, 58),
(143, '3571607791', 'Baking Powder', 'http://dummyimage.com/107x100.png/5fa2dd/ffffff', 6, 32, 11, 134, '', 'ffumagalli3y', 'atorregiani3y@dropbox.com', '2021-03-22', 3, 61, 127),
(144, '8566465687', 'White Baguette', 'http://dummyimage.com/177x100.png/5fa2dd/ffffff', 5, 194, 11, 134, 'Credit Card', 'tlorent3z', 'ldurgan3z@japanpost.jp', '2021-06-13', 4, 49, 8),
(145, '4514798037', 'Tomatoes - Plum, Canned', 'http://dummyimage.com/183x100.png/dddddd/000000', 9, 193, 8, 149, '7-11 代碼繳費', 'vgianilli40', 'aarnaudin40@indiatimes.com', '2022-02-15', 3, 192, 61),
(146, '5161850345', 'Vinegar - Champagne', 'http://dummyimage.com/122x100.png/ff4444/ffffff', 5, 103, 12, 113, '7-11 代碼繳費', 'kvolk41', 'npalliser41@engadget.com', '2021-08-12', 3, 84, 197),
(147, '1360779027', 'Longos - Lasagna Veg', 'http://dummyimage.com/116x100.png/ff4444/ffffff', 5, 58, 9, 28, 'Credit Card', 'baslie42', 'tpinnington42@alibaba.com', '2021-11-07', 6, 151, 19),
(148, '9245894169', 'Butter Sweet', 'http://dummyimage.com/104x100.png/ff4444/ffffff', 6, 19, 10, 12, 'Apple Pay', 'tlebrom43', 'fquakley43@xinhuanet.com', '2021-12-23', 6, 129, 73),
(149, '0405610122', 'Cheese - Augre Des Champs', 'http://dummyimage.com/229x100.png/dddddd/000000', 4, 167, 15, 84, 'Apple Pay', 'wmcconnell44', 'gsaffon44@prnewswire.com', '2021-05-03', 1, 63, 107),
(150, '7179286230', 'Basil - Seedlings Cookstown', 'http://dummyimage.com/140x100.png/ff4444/ffffff', 7, 166, 3, 58, 'Google Pay', 'kmille45', 'desmonde45@de.vu', '2022-02-13', 4, 29, 113),
(151, '7304584106', 'Vinegar - Balsamic', 'http://dummyimage.com/182x100.png/ff4444/ffffff', 4, 194, 7, 168, '', 'glindenberg46', 'epittwood46@wix.com', '2021-08-25', 3, 237, 199),
(152, '4306324834', 'Longos - Burritos', 'http://dummyimage.com/118x100.png/ff4444/ffffff', 8, 62, 13, 48, '', 'elangham47', 'ahattigan47@biglobe.ne.jp', '2021-05-25', 6, 220, 64),
(153, '0891479678', 'Jam - Apricot', 'http://dummyimage.com/185x100.png/ff4444/ffffff', 5, 86, 16, 172, 'Apple Pay', 'glangforth48', 'mmcguff48@zdnet.com', '2021-09-12', 4, 33, 99),
(154, '9730410453', 'Lentils - Green Le Puy', 'http://dummyimage.com/210x100.png/dddddd/000000', 7, 63, 18, 17, 'Apple Pay', 'blenz49', 'igrinstead49@china.com.cn', '2021-05-25', 1, 69, 111),
(155, '1323441948', 'Tea - Jasmin Green', 'http://dummyimage.com/201x100.png/ff4444/ffffff', 1, 39, 15, 111, 'Apple Pay', 'tmuttock4a', 'pkelsall4a@histats.com', '2021-05-26', 4, 239, 136),
(156, '5886080414', 'Tuna - Sushi Grade', 'http://dummyimage.com/138x100.png/dddddd/000000', 9, 16, 15, 17, '7-11 代碼繳費', 'rliptrod4b', 'thaggett4b@ucsd.edu', '2021-09-29', 2, 162, 49),
(157, '8701581813', 'Pastry - Carrot Muffin - Mini', 'http://dummyimage.com/195x100.png/cc0000/ffffff', 7, 180, 12, 115, 'Apple Pay', 'smalarkey4c', 'fveryan4c@buzzfeed.com', '2021-04-23', 2, 41, 11),
(158, '4566156265', 'Cheese - St. Andre', 'http://dummyimage.com/217x100.png/dddddd/000000', 1, 153, 6, 50, 'Credit Card', 'klockey4d', 'pskeel4d@amazon.com', '2021-05-19', 4, 3, 186),
(159, '0279439482', 'Beer - Creemore', 'http://dummyimage.com/131x100.png/cc0000/ffffff', 1, 14, 5, 34, 'Credit Card', 'igeroldo4e', 'sledwidge4e@aboutads.info', '2022-01-10', 4, 165, 48),
(160, '2278834444', 'Corn - On The Cob', 'http://dummyimage.com/202x100.png/ff4444/ffffff', 7, 63, 10, 88, '7-11 代碼繳費', 'zsanderson4f', 'jsherratt4f@soup.io', '2022-01-16', 1, 189, 61),
(161, '7349141785', 'Garam Marsala', 'http://dummyimage.com/180x100.png/5fa2dd/ffffff', 5, 27, 14, 58, '7-11 代碼繳費', 'agorvette4g', 'msaturley4g@blogspot.com', '2022-01-18', 1, 124, 179),
(162, '5421476383', 'Cheese - Cheddar, Medium', 'http://dummyimage.com/212x100.png/cc0000/ffffff', 3, 95, 4, 62, 'Google Pay', 'jabrahams4h', 'mcrisford4h@gov.uk', '2021-12-24', 3, 92, 192),
(163, '7754079895', 'Wine - Shiraz Wolf Blass Premium', 'http://dummyimage.com/154x100.png/5fa2dd/ffffff', 8, 172, 10, 8, 'Apple Pay', 'tgladeche4i', 'cdockrill4i@nationalgeographic.com', '2021-06-21', 3, 52, 40),
(164, '4775633783', 'Pasta - Tortellini, Fresh', 'http://dummyimage.com/118x100.png/cc0000/ffffff', 4, 163, 5, 16, 'Credit Card', 'kmarshallsay4j', 'ajoncic4j@dot.gov', '2022-01-23', 6, 198, 82),
(165, '5537434067', 'Cumin - Ground', 'http://dummyimage.com/122x100.png/ff4444/ffffff', 6, 150, 19, 163, 'Credit Card', 'drarity4k', 'bnollet4k@webs.com', '2021-10-06', 5, 68, 86),
(166, '8540621096', 'Flour - Corn, Fine', 'http://dummyimage.com/224x100.png/dddddd/000000', 7, 83, 9, 96, 'Credit Card', 'bianitti4l', 'bhenric4l@noaa.gov', '2021-09-30', 6, 160, 213),
(167, '9601683127', 'Bacardi Raspberry', 'http://dummyimage.com/112x100.png/5fa2dd/ffffff', 9, 88, 11, 159, 'Apple Pay', 'kordelt4m', 'adudney4m@vk.com', '2021-04-23', 5, 130, 77),
(168, '2723927024', 'Soup Campbells Turkey Veg.', 'http://dummyimage.com/240x100.png/5fa2dd/ffffff', 7, 112, 7, 96, 'Apple Pay', 'dthridgould4n', 'mpiet4n@howstuffworks.com', '2021-06-21', 2, 195, 108),
(169, '4527542346', 'Red Cod Fillets - 225g', 'http://dummyimage.com/157x100.png/5fa2dd/ffffff', 3, 175, 6, 69, 'Google Pay', 'csantostefano4o', 'wmossbee4o@comsenz.com', '2021-03-18', 3, 245, 165),
(170, '1422039617', 'Pie Filling - Apple', 'http://dummyimage.com/208x100.png/cc0000/ffffff', 8, 38, 7, 138, 'Credit Card', 'afandrey4p', 'lguerreau4p@ted.com', '2021-06-25', 6, 228, 44),
(171, '6500514971', 'Grapes - Green', 'http://dummyimage.com/204x100.png/cc0000/ffffff', 6, 40, 19, 157, '', 'draw4q', 'hbasezzi4q@nydailynews.com', '2021-02-23', 2, 180, 124),
(172, '2211808441', 'Truffle - Whole Black Peeled', 'http://dummyimage.com/100x100.png/5fa2dd/ffffff', 4, 136, 16, 75, 'Credit Card', 'kburbridge4r', 'qtrorey4r@google.com.br', '2021-07-14', 4, 159, 91),
(173, '3602046974', 'Mint - Fresh', 'http://dummyimage.com/104x100.png/ff4444/ffffff', 3, 97, 5, 94, '7-11 代碼繳費', 'jmandre4s', 'acrummy4s@live.com', '2021-12-11', 6, 45, 206),
(174, '8411491366', 'Versatainer Nc - 888', 'http://dummyimage.com/214x100.png/5fa2dd/ffffff', 1, 66, 7, 26, 'Google Pay', 'fclifton4t', 'showie4t@google.ru', '2021-07-29', 4, 189, 36),
(175, '9809960506', 'Veal - Eye Of Round', 'http://dummyimage.com/176x100.png/cc0000/ffffff', 4, 117, 6, 138, '', 'cmoncey4u', 'swinchurst4u@reverbnation.com', '2021-09-04', 3, 196, 209),
(176, '5040340567', 'Tray - Foam, Square 4 - S', 'http://dummyimage.com/192x100.png/5fa2dd/ffffff', 6, 77, 7, 88, 'Apple Pay', 'kjansema4v', 'lnewton4v@unesco.org', '2021-04-08', 5, 129, 4),
(177, '3743401266', 'Wine - Chianti Classico Riserva', 'http://dummyimage.com/192x100.png/dddddd/000000', 6, 188, 17, 143, '7-11 代碼繳費', 'ctavner4w', 'wbainbridge4w@jugem.jp', '2021-08-26', 5, 81, 166),
(178, '8615294410', 'Juice - Ocean Spray Cranberry', 'http://dummyimage.com/248x100.png/5fa2dd/ffffff', 9, 160, 14, 167, '7-11 代碼繳費', 'dberrey4x', 'agreger4x@twitpic.com', '2021-06-12', 2, 133, 56),
(179, '0128112182', 'Napkin - Beverge, White 2 - Ply', 'http://dummyimage.com/215x100.png/5fa2dd/ffffff', 3, 33, 13, 37, 'Google Pay', 'eantrum4y', 'tmccane4y@addtoany.com', '2021-08-01', 2, 246, 212),
(180, '9426821988', 'Pork - European Side Bacon', 'http://dummyimage.com/232x100.png/ff4444/ffffff', 6, 70, 15, 42, '7-11 代碼繳費', 'awateridge4z', 'cgyurkovics4z@mlb.com', '2021-11-10', 2, 47, 221),
(181, '2539344119', 'Juice - Grapefruit, 341 Ml', 'http://dummyimage.com/147x100.png/dddddd/000000', 2, 72, 4, 25, 'Apple Pay', 'hkliesl50', 'rcornick50@freewebs.com', '2021-07-12', 3, 118, 224),
(182, '0151137080', 'Dry Ice', 'http://dummyimage.com/119x100.png/5fa2dd/ffffff', 6, 178, 11, 145, '7-11 代碼繳費', 'banwell51', 'vllywarch51@pbs.org', '2021-05-08', 3, 21, 7),
(183, '5683103959', 'Pineapple - Regular', 'http://dummyimage.com/224x100.png/5fa2dd/ffffff', 5, 128, 19, 52, 'Google Pay', 'asparry52', 'kludmann52@hexun.com', '2021-10-21', 3, 164, 117),
(184, '2499663707', 'Oil - Olive', 'http://dummyimage.com/143x100.png/ff4444/ffffff', 9, 123, 17, 61, '', 'crehm53', 'beccleston53@nifty.com', '2022-02-02', 1, 180, 56),
(185, '6664296926', 'Potatoes - Mini Red', 'http://dummyimage.com/161x100.png/cc0000/ffffff', 3, 188, 19, 43, 'Credit Card', 'agasnoll54', 'kbazeley54@columbia.edu', '2021-03-28', 4, 35, 159),
(186, '0660784998', 'Sobe - Orange Carrot', 'http://dummyimage.com/148x100.png/ff4444/ffffff', 3, 162, 16, 91, 'Credit Card', 'adavitashvili55', 'egrieve55@oracle.com', '2021-07-19', 6, 142, 117),
(187, '7817678243', 'Butter - Unsalted', 'http://dummyimage.com/195x100.png/ff4444/ffffff', 1, 42, 14, 171, 'Credit Card', 'cdorrins56', 'fhuetson56@cbslocal.com', '2021-11-05', 1, 113, 64),
(188, '1605657409', 'Cheese - Stilton', 'http://dummyimage.com/240x100.png/5fa2dd/ffffff', 6, 88, 6, 113, 'Google Pay', 'bcranke57', 'alavies57@bloglovin.com', '2021-11-29', 3, 22, 51),
(189, '9394725563', 'Crawfish', 'http://dummyimage.com/154x100.png/ff4444/ffffff', 6, 73, 11, 94, 'Apple Pay', 'nzecchinelli58', 'mravenhills58@dedecms.com', '2021-04-11', 6, 128, 27),
(190, '1966020244', 'Table Cloth 90x90 Colour', 'http://dummyimage.com/214x100.png/ff4444/ffffff', 9, 180, 12, 53, 'Google Pay', 'dlidington59', 'lnairn59@nifty.com', '2021-11-17', 6, 135, 74),
(191, '9358108622', 'Scallops - Live In Shell', 'http://dummyimage.com/209x100.png/cc0000/ffffff', 1, 97, 4, 131, 'Google Pay', 'bpumfrett5a', 'kohearn5a@nifty.com', '2022-01-28', 4, 89, 43),
(192, '3794485041', 'Lamb Leg - Bone - In Nz', 'http://dummyimage.com/239x100.png/dddddd/000000', 1, 189, 15, 54, '', 'ahulme5b', 'gsheerin5b@sfgate.com', '2021-04-05', 1, 155, 175),
(193, '7074192406', 'Temperature Recording Station', 'http://dummyimage.com/235x100.png/ff4444/ffffff', 9, 167, 8, 63, '7-11 代碼繳費', 'isiney5c', 'ajacobsz5c@google.pl', '2021-03-05', 5, 192, 97),
(194, '7610427500', 'Chevere Logs', 'http://dummyimage.com/184x100.png/ff4444/ffffff', 3, 164, 11, 168, 'Apple Pay', 'lrobottham5d', 'tmourant5d@columbia.edu', '2021-12-22', 1, 141, 24),
(195, '8539006782', 'Rice - Wild', 'http://dummyimage.com/162x100.png/dddddd/000000', 2, 177, 4, 75, 'Apple Pay', 'kblaine5e', 'daphale5e@huffingtonpost.com', '2021-09-07', 2, 206, 127),
(196, '0421410361', 'Asparagus - White, Fresh', 'http://dummyimage.com/169x100.png/cc0000/ffffff', 4, 154, 12, 75, 'Credit Card', 'ltwallin5f', 'cenefer5f@biglobe.ne.jp', '2021-05-22', 3, 79, 159),
(197, '6297263345', 'Chicken - Leg / Back Attach', 'http://dummyimage.com/191x100.png/dddddd/000000', 5, 116, 14, 78, 'Apple Pay', 'mmcnamee5g', 'sberston5g@si.edu', '2021-12-19', 1, 224, 34),
(198, '0042579023', 'Wine - Vineland Estate Semi - Dry', 'http://dummyimage.com/222x100.png/5fa2dd/ffffff', 6, 102, 11, 92, '', 'gsalleir5h', 'eludgate5h@noaa.gov', '2021-02-16', 6, 137, 98),
(199, '5388864553', 'Rice Wine - Aji Mirin', 'http://dummyimage.com/107x100.png/dddddd/000000', 8, 61, 17, 140, 'Credit Card', 'bdalgarnocht5i', 'gwicklin5i@chicagotribune.com', '2021-11-01', 1, 246, 52),
(200, '5600852142', 'Coffee - French Vanilla Frothy', 'http://dummyimage.com/241x100.png/5fa2dd/ffffff', 2, 102, 8, 149, 'Credit Card', 'asibbson5j', 'dshimon5j@theguardian.com', '2022-01-31', 2, 180, 110),
(201, '7937233370', 'Boogies', 'http://dummyimage.com/221x100.png/cc0000/ffffff', 8, 18, 8, 87, 'Credit Card', 'nkuhnel5k', 'anewbatt5k@live.com', '2021-09-27', 2, 145, 184),
(202, '6035514421', 'Veal - Brisket, Provimi,bnls', 'http://dummyimage.com/147x100.png/dddddd/000000', 9, 26, 15, 124, '7-11 代碼繳費', 'djedrzejewsky5l', 'mallum5l@google.es', '2021-07-03', 1, 203, 207),
(203, '9208702006', 'Shallots', 'http://dummyimage.com/248x100.png/ff4444/ffffff', 7, 184, 11, 74, 'Google Pay', 'hnoddles5m', 'dprimrose5m@arizona.edu', '2021-07-28', 1, 153, 153),
(204, '9080836931', 'Pesto - Primerba, Paste', 'http://dummyimage.com/249x100.png/cc0000/ffffff', 5, 103, 8, 164, 'Apple Pay', 'aredwall5n', 'hthuillier5n@arstechnica.com', '2021-08-31', 2, 11, 84),
(205, '7775938781', 'Chocolate - Dark Callets', 'http://dummyimage.com/183x100.png/ff4444/ffffff', 2, 76, 6, 22, 'Google Pay', 'pwrathall5o', 'pdionisii5o@yandex.ru', '2021-04-20', 4, 50, 205),
(206, '6896031972', 'Chocolate Bar - Reese Pieces', 'http://dummyimage.com/145x100.png/cc0000/ffffff', 9, 140, 10, 158, '7-11 代碼繳費', 'sjowers5p', 'jvirr5p@cnbc.com', '2021-07-07', 6, 240, 245),
(207, '7052246554', 'Longos - Greek Salad', 'http://dummyimage.com/215x100.png/cc0000/ffffff', 7, 17, 17, 157, 'Apple Pay', 'bnordass5q', 'bather5q@so-net.ne.jp', '2021-10-31', 3, 221, 28),
(208, '4605211586', 'Scallops 60/80 Iqf', 'http://dummyimage.com/114x100.png/dddddd/000000', 9, 137, 3, 68, 'Credit Card', 'jfiddiman5r', 'bschlagh5r@loc.gov', '2021-09-21', 2, 65, 53),
(209, '7779384748', 'Broom - Push', 'http://dummyimage.com/226x100.png/dddddd/000000', 3, 174, 9, 16, '7-11 代碼繳費', 'froskeilly5s', 'mfellenor5s@ucla.edu', '2021-07-23', 4, 211, 65),
(210, '1304505790', 'Sugar - Palm', 'http://dummyimage.com/124x100.png/5fa2dd/ffffff', 7, 106, 19, 178, '7-11 代碼繳費', 'smingardo5t', 'wridgeway5t@dedecms.com', '2021-08-24', 2, 33, 226),
(211, '3445729255', 'Clams - Canned', 'http://dummyimage.com/174x100.png/cc0000/ffffff', 1, 92, 8, 82, 'Apple Pay', 'mtullot5u', 'rgaven5u@auda.org.au', '2021-02-17', 3, 108, 162),
(212, '5643728907', 'Cheese - Brick With Pepper', 'http://dummyimage.com/195x100.png/5fa2dd/ffffff', 3, 103, 9, 61, 'Credit Card', 'jdennis5v', 'gconsterdine5v@arizona.edu', '2021-08-23', 1, 38, 217),
(213, '9980660252', 'Ostrich - Fan Fillet', 'http://dummyimage.com/118x100.png/cc0000/ffffff', 9, 71, 13, 124, 'Google Pay', 'bkenrick5w', 'awelland5w@salon.com', '2021-07-10', 4, 13, 149),
(214, '8646447103', 'Cheese - Brie, Cups 125g', 'http://dummyimage.com/142x100.png/cc0000/ffffff', 2, 145, 8, 156, 'Apple Pay', 'nbonellie5x', 'fshawcroft5x@statcounter.com', '2021-12-19', 6, 208, 178),
(215, '6502980872', 'Trueblue - Blueberry', 'http://dummyimage.com/233x100.png/cc0000/ffffff', 9, 79, 17, 76, '', 'dpedroli5y', 'apolet5y@hostgator.com', '2021-08-11', 6, 35, 17),
(216, '2324675897', 'Coke - Diet, 355 Ml', 'http://dummyimage.com/123x100.png/cc0000/ffffff', 4, 128, 14, 107, '', 'elansley5z', 'zhacquard5z@privacy.gov.au', '2021-02-27', 4, 51, 57),
(217, '3851258673', 'Coffee Beans - Chocolate', 'http://dummyimage.com/249x100.png/5fa2dd/ffffff', 3, 179, 15, 118, '7-11 代碼繳費', 'rmapes60', 'fiacovino60@ihg.com', '2021-09-28', 5, 19, 219),
(218, '0085762202', 'Pie Pecan', 'http://dummyimage.com/175x100.png/5fa2dd/ffffff', 8, 192, 6, 36, '', 'rbelsey61', 'rtows61@goo.gl', '2021-12-31', 5, 89, 52),
(219, '1918174369', 'Beans - Fava, Canned', 'http://dummyimage.com/186x100.png/cc0000/ffffff', 9, 123, 9, 117, '', 'fdetoc62', 'gelphinston62@house.gov', '2022-01-11', 1, 117, 193),
(220, '4902422697', 'Soup - French Onion', 'http://dummyimage.com/188x100.png/dddddd/000000', 3, 38, 10, 160, 'Apple Pay', 'swebb63', 'wschuricht63@163.com', '2022-01-16', 1, 169, 167),
(221, '1059069598', 'Quail - Eggs, Fresh', 'http://dummyimage.com/156x100.png/5fa2dd/ffffff', 6, 130, 13, 43, '7-11 代碼繳費', 'hmanifold64', 'jplumb64@g.co', '2021-04-16', 5, 83, 4),
(222, '7364903321', 'Muskox - French Rack', 'http://dummyimage.com/154x100.png/ff4444/ffffff', 4, 107, 10, 148, '', 'escad65', 'gshorto65@freewebs.com', '2021-04-05', 4, 158, 210),
(223, '9837968060', 'Blueberries - Frozen', 'http://dummyimage.com/211x100.png/5fa2dd/ffffff', 4, 177, 12, 178, 'Credit Card', 'gsayer66', 'cdidello66@taobao.com', '2021-08-03', 1, 124, 64),
(224, '4923592222', 'Broom And Brush Rack Black', 'http://dummyimage.com/105x100.png/dddddd/000000', 1, 29, 16, 82, '7-11 代碼繳費', 'gjostan67', 'rvonoertzen67@hp.com', '2021-11-08', 6, 21, 239),
(225, '1628301643', 'Wine - Valpolicella Masi', 'http://dummyimage.com/142x100.png/ff4444/ffffff', 5, 171, 17, 148, 'Apple Pay', 'mwallas68', 'nhindenberger68@infoseek.co.jp', '2022-01-26', 2, 54, 97),
(226, '8087076427', 'Broom - Push', 'http://dummyimage.com/244x100.png/cc0000/ffffff', 4, 89, 12, 139, 'Apple Pay', 'mbrockhouse69', 'rosgardby69@mit.edu', '2021-05-20', 1, 244, 218),
(227, '6331372369', 'Langers - Mango Nectar', 'http://dummyimage.com/131x100.png/cc0000/ffffff', 8, 127, 14, 166, '', 'mturnor6a', 'epillington6a@boston.com', '2021-11-13', 1, 72, 15),
(228, '9460064108', 'Potatoes - Idaho 80 Count', 'http://dummyimage.com/167x100.png/5fa2dd/ffffff', 1, 169, 10, 146, 'Google Pay', 'mtotterdell6b', 'jdrowsfield6b@wp.com', '2021-03-24', 6, 95, 112),
(229, '7398142536', 'Island Oasis - Sweet And Sour Mix', 'http://dummyimage.com/118x100.png/ff4444/ffffff', 8, 191, 14, 130, '', 'cgwyn6c', 'yelverstone6c@reference.com', '2021-07-14', 1, 181, 239),
(230, '2951963955', 'Olives - Black, Pitted', 'http://dummyimage.com/234x100.png/ff4444/ffffff', 3, 121, 11, 51, '7-11 代碼繳費', 'acalcraft6d', 'mmcsorley6d@simplemachines.org', '2021-05-07', 5, 152, 166),
(231, '0762152842', 'Cheese - Parmigiano Reggiano', 'http://dummyimage.com/175x100.png/5fa2dd/ffffff', 7, 130, 9, 60, 'Apple Pay', 'bdommett6e', 'ebuttrey6e@macromedia.com', '2021-03-01', 2, 148, 128),
(232, '1991846495', 'Lobster - Base', 'http://dummyimage.com/225x100.png/dddddd/000000', 7, 181, 18, 174, '7-11 代碼繳費', 'stibols6f', 'scases6f@archive.org', '2021-04-01', 6, 141, 15),
(233, '1296419789', 'Chinese Foods - Cantonese', 'http://dummyimage.com/154x100.png/dddddd/000000', 7, 174, 7, 150, '7-11 代碼繳費', 'swooffinden6g', 'dollivierre6g@smugmug.com', '2021-09-22', 1, 207, 32),
(234, '4018207646', 'Hickory Smoke, Liquid', 'http://dummyimage.com/115x100.png/cc0000/ffffff', 9, 186, 10, 9, 'Apple Pay', 'bcharleston6h', 'lsnoad6h@vkontakte.ru', '2021-11-06', 3, 186, 47),
(235, '1408404176', 'Cheese - Brie, Cups 125g', 'http://dummyimage.com/115x100.png/cc0000/ffffff', 4, 54, 13, 176, 'Credit Card', 'cludwig6i', 'rhewertson6i@themeforest.net', '2021-10-30', 1, 110, 98),
(236, '8597453516', 'Broom And Brush Rack Black', 'http://dummyimage.com/230x100.png/cc0000/ffffff', 8, 128, 15, 147, '', 'mbrewse6j', 'lbusswell6j@cbslocal.com', '2021-11-23', 3, 44, 237),
(237, '5197829907', 'Daikon Radish', 'http://dummyimage.com/192x100.png/ff4444/ffffff', 3, 61, 19, 63, '', 'ebanker6k', 'aaffuso6k@ycombinator.com', '2021-11-03', 6, 249, 46),
(238, '6785156408', 'Beer - Moosehead', 'http://dummyimage.com/168x100.png/ff4444/ffffff', 4, 160, 10, 31, '7-11 代碼繳費', 'klukianov6l', 'ablayney6l@oracle.com', '2021-03-05', 5, 105, 94),
(239, '6039863927', 'Tuna - Sushi Grade', 'http://dummyimage.com/185x100.png/5fa2dd/ffffff', 8, 189, 11, 39, 'Google Pay', 'nmquhan6m', 'lforeman6m@hostgator.com', '2021-07-06', 2, 237, 11),
(240, '2375477146', 'Squash - Sunburst', 'http://dummyimage.com/203x100.png/dddddd/000000', 2, 195, 13, 67, '7-11 代碼繳費', 'mteek6n', 'aravenhills6n@wiley.com', '2021-09-28', 5, 37, 184),
(241, '7263822652', 'Sauce - Mint', 'http://dummyimage.com/206x100.png/cc0000/ffffff', 3, 73, 7, 130, '', 'cbeckensall6o', 'tannies6o@pcworld.com', '2021-04-15', 3, 10, 35),
(242, '5368847599', 'Heavy Duty Dust Pan', 'http://dummyimage.com/142x100.png/cc0000/ffffff', 3, 62, 10, 92, '7-11 代碼繳費', 'tspurrior6p', 'amack6p@biglobe.ne.jp', '2021-07-31', 2, 144, 157),
(243, '2617533107', 'Nantucket - 518ml', 'http://dummyimage.com/174x100.png/ff4444/ffffff', 6, 62, 15, 103, 'Google Pay', 'ttongs6q', 'jhair6q@hp.com', '2022-01-26', 3, 168, 30),
(244, '1153699532', 'Nut - Almond, Blanched, Sliced', 'http://dummyimage.com/135x100.png/5fa2dd/ffffff', 4, 134, 3, 60, 'Credit Card', 'mskyner6r', 'lrustman6r@squarespace.com', '2021-09-28', 1, 97, 195),
(245, '2236427603', 'Pants Custom Dry Clean', 'http://dummyimage.com/235x100.png/dddddd/000000', 6, 194, 3, 112, '7-11 代碼繳費', 'adarinton6s', 'jneaves6s@sogou.com', '2021-05-17', 6, 214, 33),
(246, '0974327980', 'Compound - Mocha', 'http://dummyimage.com/122x100.png/dddddd/000000', 6, 22, 5, 174, '7-11 代碼繳費', 'dkurt6t', 'asalack6t@google.it', '2021-08-11', 3, 209, 157),
(247, '9663361549', 'Fireball Whisky', 'http://dummyimage.com/234x100.png/5fa2dd/ffffff', 6, 131, 16, 161, 'Google Pay', 'mconstantine6u', 'shailston6u@blogtalkradio.com', '2021-11-13', 1, 20, 12),
(248, '6659710116', 'Shallots', 'http://dummyimage.com/158x100.png/ff4444/ffffff', 2, 24, 8, 22, 'Apple Pay', 'risakov6v', 'msplaven6v@ow.ly', '2021-12-30', 6, 204, 79),
(249, '0652405169', 'Lettuce - Sea / Sea Asparagus', 'http://dummyimage.com/187x100.png/cc0000/ffffff', 6, 118, 3, 41, '', 'vmccartan6w', 'ddouthwaite6w@cocolog-nifty.com', '2021-02-23', 5, 63, 152),
(250, '2197132253', 'Corn - Mini', 'http://dummyimage.com/160x100.png/dddddd/000000', 3, 151, 3, 12, 'Apple Pay', 'fcranch6x', 'agorelli6x@dagondesign.com', '2021-08-01', 1, 212, 5);

-- --------------------------------------------------------

--
-- Table structure for table `order_detail`
--

DROP TABLE IF EXISTS `order_detail`;
CREATE TABLE `order_detail` (
  `id` int(11) NOT NULL,
  `product_name` varchar(50) DEFAULT NULL,
  `product_price` int(11) DEFAULT NULL,
  `created_at` date DEFAULT NULL,
  `order_id` int(11) DEFAULT NULL,
  `product_id` int(11) DEFAULT NULL
) ENGINE=InnoDB DEFAULT CHARSET=utf8mb4;

--
-- Dumping data for table `order_detail`
--

INSERT INTO `order_detail` (`id`, `product_name`, `product_price`, `created_at`, `order_id`, `product_id`) VALUES
(1, 'Taro Root', 13, '2021-12-02', 154, 210),
(2, 'Extract Vanilla Pure', 24, '2021-05-04', 90, 66),
(3, 'Beef - Ox Tongue', 11, '2021-06-26', 64, 32),
(4, 'Bread - Flat Bread', 18, '2021-12-05', 144, 247),
(5, 'Pineapple - Canned, Rings', 14, '2021-03-12', 248, 185),
(6, 'Pepper - Red, Finger Hot', 19, '2021-11-30', 20, 188),
(7, 'Garam Masala Powder', 9, '2021-02-27', 241, 222),
(8, 'Ginger - Pickled', 11, '2021-09-10', 126, 61),
(9, 'Beer - Guiness', 12, '2021-03-27', 196, 209),
(10, 'Maintenance Removal Charge', 31, '2021-07-02', 80, 245),
(11, 'Lobster - Live', 18, '2021-08-19', 95, 199),
(12, 'Wine - Sawmill Creek Autumn', 34, '2021-04-09', 99, 181),
(13, 'Pork Casing', 25, '2021-10-27', 42, 134),
(14, 'Carbonated Water - Strawberry', 29, '2021-04-30', 153, 22),
(15, 'Glove - Cutting', 37, '2021-07-30', 199, 6),
(16, 'Table Cloth 81x81 Colour', 19, '2021-11-24', 37, 239),
(17, 'Wine - Magnotta, Merlot Sr Vqa', 32, '2021-11-04', 101, 186),
(18, 'Coconut - Shredded, Unsweet', 10, '2021-12-13', 138, 187),
(19, 'Pork Casing', 18, '2021-10-03', 139, 35),
(20, 'Red Snapper - Fresh, Whole', 28, '2021-06-15', 35, 239),
(21, 'Soup - Knorr, Ministrone', 24, '2021-06-08', 56, 172),
(22, 'Plate - Foam, Bread And Butter', 36, '2021-05-12', 163, 235),
(23, 'Extract - Raspberry', 31, '2021-12-05', 19, 96),
(24, 'Wine - White, Lindemans Bin 95', 16, '2021-12-25', 151, 214),
(25, 'Trueblue - Blueberry 12x473ml', 23, '2021-07-19', 11, 195),
(26, 'Tea - Decaf Lipton', 31, '2021-02-18', 175, 92),
(27, 'Juice - Cranberry 284ml', 18, '2021-03-31', 247, 194),
(28, 'Cocoa Powder - Natural', 34, '2021-02-17', 20, 84),
(29, 'Chicken Breast Halal', 27, '2021-04-09', 3, 181),
(30, 'Nori Sea Weed', 31, '2021-10-22', 48, 175),
(31, 'Grenadillo', 27, '2021-06-11', 155, 217),
(32, 'Daves Island Stinger', 39, '2022-01-25', 185, 95),
(33, 'Garlic - Primerba, Paste', 14, '2021-06-15', 161, 81),
(34, 'Wine - Red, Colio Cabernet', 25, '2021-05-24', 190, 69),
(35, 'Cloves - Ground', 15, '2022-01-10', 68, 228),
(36, 'Pepper - Jalapeno', 22, '2021-07-13', 74, 168),
(37, 'Food Colouring - Pink', 18, '2021-04-18', 139, 74),
(38, 'Tuna - Sushi Grade', 23, '2021-03-05', 237, 64),
(39, '7up Diet, 355 Ml', 31, '2022-01-27', 53, 195),
(40, 'Wine - Masi Valpolocell', 27, '2021-12-06', 250, 196),
(41, 'Noodles - Cellophane, Thin', 30, '2022-02-14', 60, 220),
(42, 'Energy Drink - Franks Pineapple', 22, '2021-08-02', 193, 90),
(43, 'Peach - Fresh', 35, '2022-01-07', 132, 190),
(44, 'Squid - U 5', 25, '2021-12-07', 164, 34),
(45, 'Venison - Denver Leg Boneless', 27, '2021-09-29', 229, 129),
(46, 'Wine - Red, Pinot Noir, Chateau', 36, '2021-11-30', 174, 114),
(47, 'Coffee - Ristretto Coffee Capsule', 18, '2021-09-22', 229, 32),
(48, 'Tea - Darjeeling, Azzura', 33, '2021-05-09', 226, 12),
(49, 'Milk - 1%', 33, '2021-05-12', 199, 215),
(50, 'Scampi Tail', 35, '2021-07-06', 25, 2),
(51, 'Sherry - Dry', 31, '2021-08-04', 218, 189),
(52, 'Chicken Giblets', 13, '2021-12-10', 95, 168),
(53, 'Bols Melon Liqueur', 22, '2021-07-06', 11, 191),
(54, 'Onions - White', 11, '2021-04-08', 54, 97),
(55, 'Wine - Prosecco Valdobiaddene', 12, '2021-03-27', 112, 178),
(56, 'Evaporated Milk - Skim', 20, '2021-05-02', 229, 56),
(57, 'Veal - Leg', 22, '2021-11-01', 121, 232),
(58, 'Split Peas - Green, Dry', 33, '2021-10-22', 59, 105),
(59, 'Island Oasis - Peach Daiquiri', 14, '2021-03-01', 216, 233),
(60, 'Pate - Cognac', 10, '2021-06-28', 158, 130),
(61, 'Eel Fresh', 22, '2021-03-09', 248, 141),
(62, 'Sultanas', 26, '2021-05-13', 179, 82),
(63, 'Cheese Cloth No 60', 24, '2021-09-23', 14, 15),
(64, 'Scallops - 20/30', 20, '2021-10-15', 211, 227),
(65, 'Radish', 28, '2021-07-23', 211, 177),
(66, 'Chips - Assorted', 26, '2021-09-24', 45, 50),
(67, 'Coffee Cup 8oz 5338cd', 31, '2021-07-24', 129, 227),
(68, 'Tuna - Fresh', 39, '2021-11-22', 217, 51),
(69, 'Spice - Chili Powder Mexican', 21, '2021-02-22', 45, 79),
(70, 'Mushroom - Lg - Cello', 16, '2021-03-26', 235, 71),
(71, 'Pork - Belly Fresh', 22, '2021-09-09', 239, 222),
(72, 'Wine - Guy Sage Touraine', 33, '2021-09-01', 161, 111),
(73, 'Nestea - Iced Tea', 23, '2021-11-27', 48, 222),
(74, 'Bread - Multigrain Oval', 17, '2022-01-14', 180, 39),
(75, 'Pear - Packum', 36, '2022-02-15', 42, 204),
(76, 'Cheese - Victor Et Berthold', 12, '2021-11-18', 245, 93),
(77, 'Chicken - Wings, Tip Off', 32, '2021-07-11', 95, 206),
(78, 'Rhubarb', 10, '2022-01-07', 223, 171),
(79, 'Chocolate - Unsweetened', 34, '2022-02-07', 178, 220),
(80, 'Veal - Bones', 27, '2021-05-22', 201, 25),
(81, 'Mushroom - Morel Frozen', 23, '2021-04-19', 232, 47),
(82, 'Tart Shells - Savory, 4', 12, '2021-12-23', 132, 2),
(83, 'Sauce - Soya, Dark', 21, '2021-11-20', 222, 238),
(84, 'Salmon - Atlantic, Skin On', 21, '2021-06-26', 44, 53),
(85, 'Brandy - Bar', 18, '2021-12-22', 186, 93),
(86, 'Oregano - Dry, Rubbed', 10, '2021-04-25', 73, 66),
(87, 'Curry Paste - Madras', 14, '2021-10-02', 35, 223),
(88, 'Longos - Chicken Caeser Salad', 12, '2021-04-20', 234, 30),
(89, 'Tea - Jasmin Green', 23, '2021-07-21', 50, 16),
(90, 'Apple - Northern Spy', 12, '2021-08-18', 21, 215),
(91, 'C - Plus, Orange', 14, '2021-11-19', 228, 97),
(92, 'Wine - Ruffino Chianti Classico', 15, '2021-07-26', 12, 163),
(93, 'Capers - Ox Eye Daisy', 14, '2021-08-14', 21, 134),
(94, 'Wine - Niagara,vqa Reisling', 34, '2021-07-15', 142, 135),
(95, 'Venison - Liver', 20, '2021-03-31', 30, 160),
(96, 'Sauce Bbq Smokey', 35, '2021-03-10', 90, 116),
(97, 'Tuna - Yellowfin', 36, '2021-09-23', 64, 98),
(98, 'Lettuce - Red Leaf', 15, '2022-01-13', 117, 130),
(99, 'Soup - Campbells Chili Veg', 28, '2021-08-16', 62, 72),
(100, 'Petit Baguette', 11, '2021-11-10', 243, 211),
(101, 'Okra', 17, '2021-12-17', 174, 56),
(102, 'Beef - Striploin Aa', 24, '2021-12-18', 238, 85),
(103, 'Chocolate - Mi - Amere Semi', 17, '2021-06-27', 250, 39),
(104, 'Cup - 3.5oz, Foam', 14, '2021-04-23', 203, 107),
(105, 'Syrup - Monin, Swiss Choclate', 12, '2021-04-11', 136, 179),
(106, 'Soup - Campbells, Creamy', 19, '2021-06-25', 230, 56),
(107, 'Buffalo - Short Rib Fresh', 20, '2021-09-25', 148, 97),
(108, 'Yokaline', 29, '2021-11-22', 189, 131),
(109, 'Curry Paste - Madras', 18, '2021-05-02', 12, 59),
(110, 'Cheese - Comte', 23, '2022-01-11', 77, 140),
(111, 'Energy Drink - Redbull 355ml', 21, '2021-05-28', 72, 112),
(112, 'Wine - Baron De Rothschild', 11, '2021-05-26', 60, 8),
(113, 'Asparagus - Mexican', 34, '2021-05-16', 148, 176),
(114, 'Oil - Truffle, Black', 23, '2021-05-24', 162, 90),
(115, 'Milk - 2%', 32, '2022-02-04', 82, 248),
(116, 'Squash - Guords', 22, '2022-01-25', 120, 167),
(117, 'Pepsi - Diet, 355 Ml', 20, '2021-08-08', 67, 11),
(118, 'Lamb - Loin, Trimmed, Boneless', 17, '2021-10-03', 248, 188),
(119, 'Pork - Side Ribs', 32, '2021-11-12', 139, 61),
(120, 'Pork - Loin, Bone - In', 30, '2021-12-14', 8, 241),
(121, 'Mushroom - Morel Frozen', 31, '2021-10-28', 69, 29),
(122, 'Rum - Cream, Amarula', 10, '2021-04-09', 102, 63),
(123, 'Pork - Loin, Center Cut', 15, '2021-12-11', 45, 206),
(124, 'Milk - 2% 250 Ml', 36, '2021-07-08', 133, 83),
(125, 'Chives - Fresh', 15, '2021-09-18', 117, 32),
(126, 'White Baguette', 39, '2022-01-30', 175, 8),
(127, 'Coffee - Decaffeinato Coffee', 34, '2021-09-15', 16, 66),
(128, 'Brownies - Two Bite, Chocolate', 18, '2021-12-26', 215, 236),
(129, 'Lamb - Shanks', 24, '2022-01-08', 1, 68),
(130, 'Bag - Bread, White, Plain', 14, '2021-10-29', 172, 245),
(131, 'Eggplant - Baby', 31, '2021-09-06', 202, 89),
(132, 'Pecan Raisin - Tarts', 9, '2021-05-16', 82, 232),
(133, 'Celery Root', 18, '2021-03-09', 247, 133),
(134, 'Peas Snow', 14, '2021-06-13', 90, 142),
(135, 'Lambcasing', 38, '2021-06-05', 210, 109),
(136, 'Soup Campbells - Italian Wedding', 30, '2021-04-25', 248, 172),
(137, 'Pate - Cognac', 13, '2021-11-04', 222, 139),
(138, 'Coffee - Decafenated', 26, '2021-06-02', 95, 185),
(139, 'Vol Au Vents', 12, '2021-10-16', 49, 248),
(140, 'Mop Head - Cotton, 24 Oz', 28, '2021-08-02', 209, 225),
(141, 'Sherbet - Raspberry', 34, '2021-04-17', 42, 115),
(142, 'Clams - Littleneck, Whole', 30, '2021-04-11', 212, 55),
(143, 'Wine - Clavet Saint Emilion', 10, '2021-06-14', 19, 164),
(144, 'Water - Mineral, Natural', 26, '2021-03-23', 146, 183),
(145, 'Brandy Cherry - Mcguinness', 19, '2021-12-24', 109, 150),
(146, 'Flour - Corn, Fine', 26, '2021-12-07', 150, 3),
(147, 'Lentils - Green Le Puy', 28, '2021-07-02', 39, 95),
(148, 'Kellogs Special K Cereal', 10, '2022-01-25', 33, 25),
(149, 'Flour - Fast / Rapid', 25, '2021-08-17', 157, 221),
(150, 'Munchies Honey Sweet Trail Mix', 21, '2021-11-17', 140, 56),
(151, 'Muffin - Zero Transfat', 35, '2021-08-29', 23, 143),
(152, 'Bread - White, Unsliced', 28, '2021-03-01', 83, 135),
(153, 'Onions - Cippolini', 9, '2021-09-11', 48, 18),
(154, 'Cheese - Goat', 19, '2021-09-18', 33, 125),
(155, 'Kellogs Raisan Bran Bars', 13, '2021-03-23', 4, 246),
(156, 'Squash - Butternut', 9, '2021-07-23', 17, 15),
(157, 'Cranberries - Dry', 35, '2021-06-10', 78, 59),
(158, 'Bar Mix - Lemon', 36, '2021-05-15', 218, 5),
(159, 'Muffin Mix - Lemon Cranberry', 25, '2021-03-17', 146, 187),
(160, 'Wine - Red, Metus Rose', 12, '2021-06-20', 244, 135),
(161, 'Lamb Leg - Bone - In Nz', 23, '2021-06-28', 13, 11),
(162, 'Appetizer - Southwestern', 26, '2022-02-14', 69, 73),
(163, 'Muffin Mix - Lemon Cranberry', 24, '2021-07-23', 57, 67),
(164, 'Spice - Onion Powder Granulated', 30, '2021-03-16', 10, 228),
(165, 'Salmon - Atlantic, No Skin', 31, '2021-06-06', 109, 45),
(166, 'Chicken - Base, Ultimate', 19, '2021-08-23', 83, 73),
(167, 'Puree - Guava', 29, '2021-04-09', 189, 215),
(168, 'Pork - Suckling Pig', 36, '2021-06-26', 61, 21),
(169, 'Beef - Salted', 26, '2021-12-10', 86, 175),
(170, 'Stock - Beef, Brown', 11, '2021-03-22', 212, 3),
(171, 'Icecream - Dibs', 22, '2022-01-29', 14, 211),
(172, 'Beets - Mini Golden', 31, '2021-05-10', 225, 241),
(173, 'Bread - Frozen Basket Variety', 24, '2021-11-03', 193, 31),
(174, 'Bread - Bagels, Mini', 26, '2021-03-30', 19, 24),
(175, 'Wine - Taylors Reserve', 14, '2021-04-08', 131, 174),
(176, 'Mushroom - Morel Frozen', 35, '2021-10-20', 168, 153),
(177, 'Doilies - 5, Paper', 15, '2022-01-09', 158, 177),
(178, 'Jameson Irish Whiskey', 19, '2021-03-27', 59, 237),
(179, 'Milkettes - 2%', 17, '2021-11-11', 10, 133),
(180, 'Icecream - Dstk Strw Chseck', 23, '2021-03-13', 148, 70),
(181, 'Bread - Corn Muffaletta', 33, '2021-05-21', 167, 206),
(182, 'Wine - Rioja Campo Viejo', 29, '2021-02-27', 73, 168),
(183, 'Duck - Breast', 32, '2021-11-28', 226, 34),
(184, 'Jam - Blackberry, 20 Ml Jar', 22, '2021-05-16', 57, 8),
(185, 'Stock - Beef, Brown', 26, '2021-03-09', 104, 153),
(186, 'Truffle Cups - Brown', 23, '2021-12-04', 118, 82),
(187, 'Wine - Red, Gallo, Merlot', 29, '2021-08-20', 237, 215),
(188, 'Juice - Lagoon Mango', 18, '2021-07-16', 33, 120),
(189, 'French Kiss Vanilla', 28, '2021-09-17', 172, 214),
(190, 'Container - Hngd Cll Blk 7x7x3', 19, '2021-03-02', 238, 218),
(191, 'Wine - Alsace Riesling Reserve', 9, '2021-11-26', 30, 108),
(192, 'Bread Sour Rolls', 35, '2021-04-10', 244, 83),
(193, 'Bread - Wheat Baguette', 30, '2021-11-20', 27, 92),
(194, 'Juice - Pineapple, 48 Oz', 28, '2021-07-11', 221, 16),
(195, 'Potatoes - Peeled', 31, '2022-01-27', 41, 45),
(196, 'Kiwi', 26, '2021-06-26', 143, 194),
(197, 'Cookie Double Choco', 35, '2021-06-01', 214, 174),
(198, 'Capon - Breast, Double, Wing On', 34, '2021-04-13', 176, 223),
(199, 'Smoked Paprika', 22, '2021-07-13', 218, 166),
(200, 'Tomatoes Tear Drop', 36, '2021-07-28', 102, 170),
(201, 'Thyme - Dried', 32, '2021-06-05', 193, 132),
(202, 'Cloves - Whole', 36, '2021-07-29', 144, 38),
(203, 'Wine - Balbach Riverside', 13, '2021-04-07', 39, 97),
(204, 'Tea - Green', 29, '2021-03-21', 34, 46),
(205, 'Pepper - Jalapeno', 18, '2021-10-16', 194, 201),
(206, 'Crab - Imitation Flakes', 12, '2021-10-19', 25, 223),
(207, 'Samosa - Veg', 20, '2022-01-05', 168, 134),
(208, 'Pears - Fiorelle', 34, '2022-01-12', 132, 124),
(209, 'Bacardi Breezer - Tropical', 35, '2022-01-06', 11, 147),
(210, 'Lamb Leg - Bone - In Nz', 17, '2021-06-11', 246, 187),
(211, 'Beer - Guiness', 27, '2021-03-26', 70, 163),
(212, 'Chilli Paste, Hot Sambal Oelek', 11, '2021-05-17', 28, 82),
(213, 'Pickle - Dill', 20, '2021-08-20', 106, 156),
(214, 'Pepper - Chili Powder', 9, '2021-05-07', 54, 161),
(215, 'Table Cloth - 53x69 Colour', 37, '2021-09-05', 199, 37),
(216, 'Mint - Fresh', 27, '2021-04-03', 187, 218),
(217, 'Sauce Tomato Pouch', 10, '2021-06-06', 96, 90),
(218, 'Potatoes - Idaho 100 Count', 9, '2021-07-09', 146, 215),
(219, 'Shrimp - 100 / 200 Cold Water', 23, '2021-05-14', 213, 170),
(220, 'Pecan Raisin - Tarts', 26, '2021-10-17', 46, 56),
(221, 'Dehydrated Kelp Kombo', 27, '2021-06-27', 48, 111),
(222, 'Frangelico', 14, '2021-07-11', 109, 30),
(223, 'Wine - White, Schroder And Schyl', 36, '2021-06-20', 243, 193),
(224, 'Stock - Beef, Brown', 30, '2021-06-07', 221, 58),
(225, 'Rambutan', 23, '2021-04-26', 207, 153),
(226, 'Pork - Loin, Boneless', 12, '2021-07-15', 214, 53),
(227, 'Goat - Leg', 13, '2021-07-14', 71, 67),
(228, 'Carbonated Water - Raspberry', 35, '2021-05-23', 170, 142),
(229, 'Ice Cream - Life Savers', 13, '2021-11-17', 165, 248),
(230, 'Chickensplit Half', 18, '2021-02-23', 169, 213),
(231, 'Truffle Cups Green', 19, '2021-12-02', 6, 236),
(232, 'Cheese - Bakers Cream Cheese', 20, '2021-06-18', 129, 187),
(233, 'Madeira', 39, '2021-11-28', 30, 94),
(234, 'Juice Peach Nectar', 36, '2021-12-22', 194, 215),
(235, 'Chocolate - Dark', 9, '2021-07-04', 83, 240),
(236, 'Quail - Jumbo Boneless', 9, '2021-10-18', 23, 24),
(237, 'Ice Cream - Fudge Bars', 24, '2021-11-17', 230, 218),
(238, 'Gin - Gilbeys London, Dry', 25, '2021-12-18', 12, 178),
(239, 'Pickerel - Fillets', 13, '2021-09-11', 179, 31),
(240, 'Container - Hngd Cll Blk 7x7x3', 20, '2021-07-17', 224, 234),
(241, 'Energy Drink', 28, '2021-11-18', 2, 9),
(242, 'Broom And Broom Rack White', 10, '2021-03-16', 48, 135),
(243, 'Honey - Comb', 11, '2022-01-27', 206, 176),
(244, 'Truffle Shells - Semi - Sweet', 20, '2021-10-13', 86, 223),
(245, 'Table Cloth 54x72 White', 11, '2021-02-18', 214, 1),
(246, 'Ocean Spray - Ruby Red', 33, '2021-07-21', 222, 121),
(247, 'Madeira', 30, '2021-12-14', 102, 50),
(248, 'Squash - Acorn', 24, '2021-12-11', 41, 149),
(249, 'Sole - Fillet', 14, '2021-11-21', 197, 166),
(250, 'Salmon - Canned', 37, '2021-09-25', 182, 151);

-- --------------------------------------------------------

--
-- Table structure for table `order_status`
--

DROP TABLE IF EXISTS `order_status`;
CREATE TABLE `order_status` (
  `id` int(11) NOT NULL,
  `name` varchar(50) NOT NULL,
  `descp` varchar(50) NOT NULL,
  `created_at` date NOT NULL
) ENGINE=InnoDB DEFAULT CHARSET=utf8mb4;

--
-- Dumping data for table `order_status`
--

INSERT INTO `order_status` (`id`, `name`, `descp`, `created_at`) VALUES
(1, 'pending', '待付款', '2022-02-17'),
(2, 'cancel', '已取消', '2022-02-17'),
(3, 'paid', '已付款', '2022-02-17'),
(4, 'refund', '退款中', '2022-02-17'),
(5, 'refunded', '已退款', '2022-02-17'),
(6, 'close', '已關閉', '2022-02-17');

-- --------------------------------------------------------

--
-- Table structure for table `payment_method`
--

DROP TABLE IF EXISTS `payment_method`;
CREATE TABLE `payment_method` (
  `id` int(11) NOT NULL,
  `name` varchar(50) NOT NULL,
  `descp` varchar(50) NOT NULL,
  `created_at` date NOT NULL,
  `valid` int(11) NOT NULL
) ENGINE=InnoDB DEFAULT CHARSET=utf8mb4;

--
-- Dumping data for table `payment_method`
--

INSERT INTO `payment_method` (`id`, `name`, `descp`, `created_at`, `valid`) VALUES
(1, 'Apple Pay', 'Apple 支付', '2022-02-17', 1),
(2, 'Google Pay', 'Google 支付', '2022-02-17', 1),
(3, 'Line Pay', 'Line 第三方支付', '2022-02-17', 1),
(4, '7-11', '代碼繳費', '2022-02-17', 1);

-- --------------------------------------------------------

--
-- Table structure for table `products`
--

DROP TABLE IF EXISTS `products`;
CREATE TABLE `products` (
  `id` int(11) UNSIGNED NOT NULL,
  `name` varchar(50) DEFAULT NULL,
  `descp` text DEFAULT NULL,
  `img` varchar(50) DEFAULT NULL,
  `price` int(11) UNSIGNED DEFAULT NULL,
  `currency` varchar(3) DEFAULT NULL,
  `favorites` int(11) UNSIGNED DEFAULT NULL,
  `owners` int(11) UNSIGNED DEFAULT NULL,
  `stars` decimal(2,1) DEFAULT NULL,
  `created_at` date DEFAULT NULL,
  `expired_at` date DEFAULT NULL,
  `product_status_id` int(11) UNSIGNED DEFAULT NULL,
  `product_series_id` int(11) UNSIGNED DEFAULT NULL
) ENGINE=InnoDB DEFAULT CHARSET=utf8mb4;

--
-- Dumping data for table `products`
--

INSERT INTO `products` (`id`, `name`, `descp`, `img`, `price`, `currency`, `favorites`, `owners`, `stars`, `created_at`, `expired_at`, `product_status_id`, `product_series_id`) VALUES
(1, 'Grapefruit - White', 'Nulla ut erat id mauris vulputate elementum. Nullam varius. Nulla facilisi.\n\nCras non velit nec nisi vulputate nonummy. Maecenas tincidunt lacus at velit. Vivamus vel nulla eget eros elementum pellentesque.\n\nQuisque porta volutpat erat. Quisque erat eros, viverra eget, congue eget, semper rutrum, nulla. Nunc purus.', 'data:image/png;base64,iVBORw0KGgoAAAANSUhEUgAAABAA', 65, 'NT', 383, 260, '1.8', '2021-12-21', '2021-04-26', 3, 5),
(2, 'Pickles - Gherkins', 'Duis aliquam convallis nunc. Proin at turpis a pede posuere nonummy. Integer non velit.\n\nDonec diam neque, vestibulum eget, vulputate ut, ultrices vel, augue. Vestibulum ante ipsum primis in faucibus orci luctus et ultrices posuere cubilia Curae; Donec pharetra, magna vestibulum aliquet ultrices, erat tortor sollicitudin mi, sit amet lobortis sapien sapien non mi. Integer ac neque.\n\nDuis bibendum. Morbi non quam nec dui luctus rutrum. Nulla tellus.\n\nIn sagittis dui vel nisl. Duis ac nibh. Fusce lacus purus, aliquet at, feugiat non, pretium quis, lectus.', 'data:image/png;base64,iVBORw0KGgoAAAANSUhEUgAAABAA', 73, 'NT', 416, 63, '2.1', '2021-11-17', '2021-07-03', 4, 1),
(3, 'Table Cloth - 53x69 Colour', 'Donec diam neque, vestibulum eget, vulputate ut, ultrices vel, augue. Vestibulum ante ipsum primis in faucibus orci luctus et ultrices posuere cubilia Curae; Donec pharetra, magna vestibulum aliquet ultrices, erat tortor sollicitudin mi, sit amet lobortis sapien sapien non mi. Integer ac neque.', 'data:image/png;base64,iVBORw0KGgoAAAANSUhEUgAAABAA', 23, 'NT', 96, 168, '2.7', '2021-11-21', '2021-11-25', 1, 5),
(4, 'Dc - Sakura Fu', 'In quis justo. Maecenas rhoncus aliquam lacus. Morbi quis tortor id nulla ultrices aliquet.\n\nMaecenas leo odio, condimentum id, luctus nec, molestie sed, justo. Pellentesque viverra pede ac diam. Cras pellentesque volutpat dui.', 'data:image/png;base64,iVBORw0KGgoAAAANSUhEUgAAABAA', 31, 'NT', 331, 140, '3.5', '2021-07-31', '2021-03-25', 4, 5),
(5, 'Soup - French Onion, Dry', 'Cum sociis natoque penatibus et magnis dis parturient montes, nascetur ridiculus mus. Vivamus vestibulum sagittis sapien. Cum sociis natoque penatibus et magnis dis parturient montes, nascetur ridiculus mus.\n\nEtiam vel augue. Vestibulum rutrum rutrum neque. Aenean auctor gravida sem.', 'data:image/png;base64,iVBORw0KGgoAAAANSUhEUgAAABAA', 50, 'NT', 275, 154, '4.0', '2021-11-21', '2021-06-06', 1, 1),
(6, 'Vermacelli - Sprinkles, Assorted', 'Curabitur in libero ut massa volutpat convallis. Morbi odio odio, elementum eu, interdum eu, tincidunt in, leo. Maecenas pulvinar lobortis est.\n\nPhasellus sit amet erat. Nulla tempus. Vivamus in felis eu sapien cursus vestibulum.\n\nProin eu mi. Nulla ac enim. In tempor, turpis nec euismod scelerisque, quam turpis adipiscing lorem, vitae mattis nibh ligula nec sem.', 'data:image/png;base64,iVBORw0KGgoAAAANSUhEUgAAABAA', 54, 'NT', 150, 218, '1.4', '2021-04-04', '2021-12-31', 4, 3),
(7, 'Sauce - Black Current, Dry Mix', 'Fusce posuere felis sed lacus. Morbi sem mauris, laoreet ut, rhoncus aliquet, pulvinar sed, nisl. Nunc rhoncus dui vel sem.\n\nSed sagittis. Nam congue, risus semper porta volutpat, quam pede lobortis ligula, sit amet eleifend pede libero quis orci. Nullam molestie nibh in lectus.\n\nPellentesque at nulla. Suspendisse potenti. Cras in purus eu magna vulputate luctus.\n\nCum sociis natoque penatibus et magnis dis parturient montes, nascetur ridiculus mus. Vivamus vestibulum sagittis sapien. Cum sociis natoque penatibus et magnis dis parturient montes, nascetur ridiculus mus.', 'data:image/png;base64,iVBORw0KGgoAAAANSUhEUgAAABAA', 66, 'NT', 208, 141, '3.0', '2021-07-18', '2022-02-03', 5, 5),
(8, 'Five Alive Citrus', 'Lorem ipsum dolor sit amet, consectetuer adipiscing elit. Proin risus. Praesent lectus.\n\nVestibulum quam sapien, varius ut, blandit non, interdum in, ante. Vestibulum ante ipsum primis in faucibus orci luctus et ultrices posuere cubilia Curae; Duis faucibus accumsan odio. Curabitur convallis.\n\nDuis consequat dui nec nisi volutpat eleifend. Donec ut dolor. Morbi vel lectus in quam fringilla rhoncus.\n\nMauris enim leo, rhoncus sed, vestibulum sit amet, cursus id, turpis. Integer aliquet, massa id lobortis convallis, tortor risus dapibus augue, vel accumsan tellus nisi eu orci. Mauris lacinia sapien quis libero.', 'data:image/png;base64,iVBORw0KGgoAAAANSUhEUgAAABAA', 41, 'NT', 43, 238, '0.9', '2022-01-14', '2021-02-16', 3, 2),
(9, 'V8 - Tropical Blend', 'Cras non velit nec nisi vulputate nonummy. Maecenas tincidunt lacus at velit. Vivamus vel nulla eget eros elementum pellentesque.\n\nQuisque porta volutpat erat. Quisque erat eros, viverra eget, congue eget, semper rutrum, nulla. Nunc purus.', 'data:image/png;base64,iVBORw0KGgoAAAANSUhEUgAAABAA', 55, 'NT', 94, 207, '4.7', '2021-09-10', '2021-06-22', 3, 3),
(10, 'Marsala - Sperone, Fine, D.o.c.', 'Curabitur gravida nisi at nibh. In hac habitasse platea dictumst. Aliquam augue quam, sollicitudin vitae, consectetuer eget, rutrum at, lorem.', 'data:image/png;base64,iVBORw0KGgoAAAANSUhEUgAAABAA', 49, 'NT', 407, 117, '1.7', '2021-11-12', '2021-04-19', 4, 2),
(11, 'Cheese - Goat', 'Praesent blandit. Nam nulla. Integer pede justo, lacinia eget, tincidunt eget, tempus vel, pede.', 'data:image/png;base64,iVBORw0KGgoAAAANSUhEUgAAABAA', 37, 'NT', 182, 42, '4.4', '2021-10-11', '2021-10-06', 1, 4),
(12, 'Ketchup - Tomato', 'Curabitur gravida nisi at nibh. In hac habitasse platea dictumst. Aliquam augue quam, sollicitudin vitae, consectetuer eget, rutrum at, lorem.\n\nInteger tincidunt ante vel ipsum. Praesent blandit lacinia erat. Vestibulum sed magna at nunc commodo placerat.\n\nPraesent blandit. Nam nulla. Integer pede justo, lacinia eget, tincidunt eget, tempus vel, pede.', 'data:image/png;base64,iVBORw0KGgoAAAANSUhEUgAAABAA', 79, 'NT', 323, 223, '5.0', '2021-08-14', '2021-02-24', 1, 6),
(13, 'Banana - Green', 'In hac habitasse platea dictumst. Etiam faucibus cursus urna. Ut tellus.', 'data:image/png;base64,iVBORw0KGgoAAAANSUhEUgAAABAA', 58, 'NT', 259, 54, '4.7', '2021-11-21', '2021-06-04', 5, 4),
(14, 'Cut Wakame - Hanawakaba', 'Vestibulum quam sapien, varius ut, blandit non, interdum in, ante. Vestibulum ante ipsum primis in faucibus orci luctus et ultrices posuere cubilia Curae; Duis faucibus accumsan odio. Curabitur convallis.', 'data:image/png;base64,iVBORw0KGgoAAAANSUhEUgAAABAA', 66, 'NT', 166, 128, '2.0', '2021-03-17', '2021-03-15', 5, 4),
(15, 'Strawberries - California', 'Duis consequat dui nec nisi volutpat eleifend. Donec ut dolor. Morbi vel lectus in quam fringilla rhoncus.\n\nMauris enim leo, rhoncus sed, vestibulum sit amet, cursus id, turpis. Integer aliquet, massa id lobortis convallis, tortor risus dapibus augue, vel accumsan tellus nisi eu orci. Mauris lacinia sapien quis libero.', 'data:image/png;base64,iVBORw0KGgoAAAANSUhEUgAAABAA', 51, 'NT', 322, 172, '2.6', '2021-09-08', '2022-01-02', 4, 4),
(16, 'Pastry - Chocolate Chip Muffin', 'Cum sociis natoque penatibus et magnis dis parturient montes, nascetur ridiculus mus. Vivamus vestibulum sagittis sapien. Cum sociis natoque penatibus et magnis dis parturient montes, nascetur ridiculus mus.\n\nEtiam vel augue. Vestibulum rutrum rutrum neque. Aenean auctor gravida sem.', 'data:image/png;base64,iVBORw0KGgoAAAANSUhEUgAAABAA', 64, 'NT', 493, 103, '4.5', '2021-10-24', '2021-12-02', 1, 6),
(17, 'Nougat - Paste / Cream', 'Aliquam quis turpis eget elit sodales scelerisque. Mauris sit amet eros. Suspendisse accumsan tortor quis turpis.\n\nSed ante. Vivamus tortor. Duis mattis egestas metus.\n\nAenean fermentum. Donec ut mauris eget massa tempor convallis. Nulla neque libero, convallis eget, eleifend luctus, ultricies eu, nibh.', 'data:image/png;base64,iVBORw0KGgoAAAANSUhEUgAAABAA', 78, 'NT', 221, 141, '5.0', '2021-11-23', '2022-01-01', 5, 2),
(18, 'Chocolate - Semi Sweet, Calets', 'In hac habitasse platea dictumst. Etiam faucibus cursus urna. Ut tellus.\n\nNulla ut erat id mauris vulputate elementum. Nullam varius. Nulla facilisi.\n\nCras non velit nec nisi vulputate nonummy. Maecenas tincidunt lacus at velit. Vivamus vel nulla eget eros elementum pellentesque.\n\nQuisque porta volutpat erat. Quisque erat eros, viverra eget, congue eget, semper rutrum, nulla. Nunc purus.', 'data:image/png;base64,iVBORw0KGgoAAAANSUhEUgAAABAA', 72, 'NT', 171, 267, '3.2', '2022-03-02', '2021-04-08', 4, 4),
(19, 'Uniform Linen Charge', 'Nullam porttitor lacus at turpis. Donec posuere metus vitae ipsum. Aliquam non mauris.', 'data:image/png;base64,iVBORw0KGgoAAAANSUhEUgAAABAA', 61, 'NT', 169, 181, '3.2', '2021-04-08', '2021-05-29', 2, 3),
(20, 'Dc - Frozen Momji', 'Suspendisse potenti. In eleifend quam a odio. In hac habitasse platea dictumst.', 'data:image/png;base64,iVBORw0KGgoAAAANSUhEUgAAABAA', 29, 'NT', 401, 190, '5.0', '2021-07-07', '2021-07-12', 3, 5),
(21, 'Longos - Assorted Sandwich', 'Maecenas tristique, est et tempus semper, est quam pharetra magna, ac consequat metus sapien ut nunc. Vestibulum ante ipsum primis in faucibus orci luctus et ultrices posuere cubilia Curae; Mauris viverra diam vitae quam. Suspendisse potenti.\n\nNullam porttitor lacus at turpis. Donec posuere metus vitae ipsum. Aliquam non mauris.', 'data:image/png;base64,iVBORw0KGgoAAAANSUhEUgAAABAA', 64, 'NT', 414, 94, '2.5', '2021-09-10', '2022-01-13', 5, 6),
(22, 'Chevere Logs', 'Suspendisse potenti. In eleifend quam a odio. In hac habitasse platea dictumst.\n\nMaecenas ut massa quis augue luctus tincidunt. Nulla mollis molestie lorem. Quisque ut erat.\n\nCurabitur gravida nisi at nibh. In hac habitasse platea dictumst. Aliquam augue quam, sollicitudin vitae, consectetuer eget, rutrum at, lorem.', 'data:image/png;base64,iVBORw0KGgoAAAANSUhEUgAAABAA', 67, 'NT', 347, 238, '1.7', '2021-06-29', '2021-10-24', 1, 5),
(23, 'Juice - Ocean Spray Kiwi', 'Proin leo odio, porttitor id, consequat in, consequat ut, nulla. Sed accumsan felis. Ut at dolor quis odio consequat varius.\n\nInteger ac leo. Pellentesque ultrices mattis odio. Donec vitae nisi.', 'data:image/png;base64,iVBORw0KGgoAAAANSUhEUgAAABAA', 43, 'NT', 435, 33, '3.8', '2021-02-18', '2021-02-21', 1, 6),
(24, 'Tandoori Curry Paste', 'In congue. Etiam justo. Etiam pretium iaculis justo.', 'data:image/png;base64,iVBORw0KGgoAAAANSUhEUgAAABAA', 65, 'NT', 179, 120, '1.6', '2022-01-24', '2022-01-11', 5, 1),
(25, 'Wine - Red, Pelee Island Merlot', 'Suspendisse potenti. In eleifend quam a odio. In hac habitasse platea dictumst.\n\nMaecenas ut massa quis augue luctus tincidunt. Nulla mollis molestie lorem. Quisque ut erat.', 'data:image/png;base64,iVBORw0KGgoAAAANSUhEUgAAABAA', 76, 'NT', 121, 47, '2.2', '2021-03-31', '2021-06-04', 4, 4),
(26, 'Wine - Sake', 'Integer ac leo. Pellentesque ultrices mattis odio. Donec vitae nisi.\n\nNam ultrices, libero non mattis pulvinar, nulla pede ullamcorper augue, a suscipit nulla elit ac nulla. Sed vel enim sit amet nunc viverra dapibus. Nulla suscipit ligula in lacus.', 'data:image/png;base64,iVBORw0KGgoAAAANSUhEUgAAABAA', 59, 'NT', 510, 125, '5.0', '2021-09-04', '2021-12-04', 2, 6),
(27, 'Rye Special Old', 'Duis aliquam convallis nunc. Proin at turpis a pede posuere nonummy. Integer non velit.', 'data:image/png;base64,iVBORw0KGgoAAAANSUhEUgAAABAA', 45, 'NT', 429, 145, '3.3', '2021-07-16', '2021-10-29', 5, 5),
(28, 'Pepper - Red Bell', 'In hac habitasse platea dictumst. Etiam faucibus cursus urna. Ut tellus.\n\nNulla ut erat id mauris vulputate elementum. Nullam varius. Nulla facilisi.\n\nCras non velit nec nisi vulputate nonummy. Maecenas tincidunt lacus at velit. Vivamus vel nulla eget eros elementum pellentesque.\n\nQuisque porta volutpat erat. Quisque erat eros, viverra eget, congue eget, semper rutrum, nulla. Nunc purus.', 'data:image/png;base64,iVBORw0KGgoAAAANSUhEUgAAABAA', 60, 'NT', 318, 157, '3.3', '2021-09-18', '2021-09-12', 1, 6),
(29, 'Veal - Tenderloin, Untrimmed', 'Quisque porta volutpat erat. Quisque erat eros, viverra eget, congue eget, semper rutrum, nulla. Nunc purus.', 'data:image/png;base64,iVBORw0KGgoAAAANSUhEUgAAABAA', 53, 'NT', 194, 114, '4.3', '2021-05-04', '2022-01-03', 4, 3),
(30, 'Flour - Strong', 'Praesent blandit. Nam nulla. Integer pede justo, lacinia eget, tincidunt eget, tempus vel, pede.\n\nMorbi porttitor lorem id ligula. Suspendisse ornare consequat lectus. In est risus, auctor sed, tristique in, tempus sit amet, sem.\n\nFusce consequat. Nulla nisl. Nunc nisl.', 'data:image/png;base64,iVBORw0KGgoAAAANSUhEUgAAABAA', 35, 'NT', 400, 243, '4.6', '2021-07-08', '2021-05-24', 4, 6),
(31, 'Flavouring Vanilla Artificial', 'Fusce consequat. Nulla nisl. Nunc nisl.\n\nDuis bibendum, felis sed interdum venenatis, turpis enim blandit mi, in porttitor pede justo eu massa. Donec dapibus. Duis at velit eu est congue elementum.\n\nIn hac habitasse platea dictumst. Morbi vestibulum, velit id pretium iaculis, diam erat fermentum justo, nec condimentum neque sapien placerat ante. Nulla justo.\n\nAliquam quis turpis eget elit sodales scelerisque. Mauris sit amet eros. Suspendisse accumsan tortor quis turpis.', 'data:image/png;base64,iVBORw0KGgoAAAANSUhEUgAAABAA', 58, 'NT', 118, 257, '3.4', '2021-11-01', '2021-07-16', 5, 3),
(32, 'Soup - Beef Conomme, Dry', 'In sagittis dui vel nisl. Duis ac nibh. Fusce lacus purus, aliquet at, feugiat non, pretium quis, lectus.', 'data:image/png;base64,iVBORw0KGgoAAAANSUhEUgAAABAA', 49, 'NT', 357, 139, '1.2', '2021-07-27', '2021-06-20', 5, 6),
(33, 'Chicken - Leg, Fresh', 'Proin leo odio, porttitor id, consequat in, consequat ut, nulla. Sed accumsan felis. Ut at dolor quis odio consequat varius.\n\nInteger ac leo. Pellentesque ultrices mattis odio. Donec vitae nisi.\n\nNam ultrices, libero non mattis pulvinar, nulla pede ullamcorper augue, a suscipit nulla elit ac nulla. Sed vel enim sit amet nunc viverra dapibus. Nulla suscipit ligula in lacus.', 'data:image/png;base64,iVBORw0KGgoAAAANSUhEUgAAABAA', 22, 'NT', 353, 209, '1.3', '2021-06-13', '2021-12-31', 3, 6),
(34, 'Wine - Manischewitz Concord', 'Duis bibendum. Morbi non quam nec dui luctus rutrum. Nulla tellus.\n\nIn sagittis dui vel nisl. Duis ac nibh. Fusce lacus purus, aliquet at, feugiat non, pretium quis, lectus.\n\nSuspendisse potenti. In eleifend quam a odio. In hac habitasse platea dictumst.\n\nMaecenas ut massa quis augue luctus tincidunt. Nulla mollis molestie lorem. Quisque ut erat.', 'data:image/png;base64,iVBORw0KGgoAAAANSUhEUgAAABAA', 49, 'NT', 76, 80, '1.9', '2021-08-05', '2021-08-10', 3, 6),
(35, 'Salt - Sea', 'Proin leo odio, porttitor id, consequat in, consequat ut, nulla. Sed accumsan felis. Ut at dolor quis odio consequat varius.\n\nInteger ac leo. Pellentesque ultrices mattis odio. Donec vitae nisi.\n\nNam ultrices, libero non mattis pulvinar, nulla pede ullamcorper augue, a suscipit nulla elit ac nulla. Sed vel enim sit amet nunc viverra dapibus. Nulla suscipit ligula in lacus.', 'data:image/png;base64,iVBORw0KGgoAAAANSUhEUgAAABAA', 68, 'NT', 177, 70, '1.5', '2021-02-16', '2021-08-14', 5, 3),
(36, 'Tart - Pecan Butter Squares', 'Curabitur at ipsum ac tellus semper interdum. Mauris ullamcorper purus sit amet nulla. Quisque arcu libero, rutrum ac, lobortis vel, dapibus at, diam.', 'data:image/png;base64,iVBORw0KGgoAAAANSUhEUgAAABAA', 46, 'NT', 67, 70, '2.0', '2021-06-13', '2021-11-19', 4, 6),
(37, 'Longan', 'Fusce posuere felis sed lacus. Morbi sem mauris, laoreet ut, rhoncus aliquet, pulvinar sed, nisl. Nunc rhoncus dui vel sem.\n\nSed sagittis. Nam congue, risus semper porta volutpat, quam pede lobortis ligula, sit amet eleifend pede libero quis orci. Nullam molestie nibh in lectus.\n\nPellentesque at nulla. Suspendisse potenti. Cras in purus eu magna vulputate luctus.\n\nCum sociis natoque penatibus et magnis dis parturient montes, nascetur ridiculus mus. Vivamus vestibulum sagittis sapien. Cum sociis natoque penatibus et magnis dis parturient montes, nascetur ridiculus mus.', 'data:image/png;base64,iVBORw0KGgoAAAANSUhEUgAAABAA', 63, 'NT', 355, 238, '4.7', '2021-11-07', '2021-06-25', 3, 5),
(38, 'Coffee - Colombian, Portioned', 'Duis bibendum, felis sed interdum venenatis, turpis enim blandit mi, in porttitor pede justo eu massa. Donec dapibus. Duis at velit eu est congue elementum.\n\nIn hac habitasse platea dictumst. Morbi vestibulum, velit id pretium iaculis, diam erat fermentum justo, nec condimentum neque sapien placerat ante. Nulla justo.\n\nAliquam quis turpis eget elit sodales scelerisque. Mauris sit amet eros. Suspendisse accumsan tortor quis turpis.\n\nSed ante. Vivamus tortor. Duis mattis egestas metus.', 'data:image/png;base64,iVBORw0KGgoAAAANSUhEUgAAABAA', 22, 'NT', 437, 174, '3.8', '2022-01-06', '2021-08-07', 4, 6),
(39, 'Wine - Balbach Riverside', 'Morbi non lectus. Aliquam sit amet diam in magna bibendum imperdiet. Nullam orci pede, venenatis non, sodales sed, tincidunt eu, felis.\n\nFusce posuere felis sed lacus. Morbi sem mauris, laoreet ut, rhoncus aliquet, pulvinar sed, nisl. Nunc rhoncus dui vel sem.\n\nSed sagittis. Nam congue, risus semper porta volutpat, quam pede lobortis ligula, sit amet eleifend pede libero quis orci. Nullam molestie nibh in lectus.', 'data:image/png;base64,iVBORw0KGgoAAAANSUhEUgAAABAA', 26, 'NT', 94, 34, '3.5', '2021-07-18', '2021-05-02', 3, 5),
(40, 'Cod - Fillets', 'Cum sociis natoque penatibus et magnis dis parturient montes, nascetur ridiculus mus. Vivamus vestibulum sagittis sapien. Cum sociis natoque penatibus et magnis dis parturient montes, nascetur ridiculus mus.\n\nEtiam vel augue. Vestibulum rutrum rutrum neque. Aenean auctor gravida sem.\n\nPraesent id massa id nisl venenatis lacinia. Aenean sit amet justo. Morbi ut odio.\n\nCras mi pede, malesuada in, imperdiet et, commodo vulputate, justo. In blandit ultrices enim. Lorem ipsum dolor sit amet, consectetuer adipiscing elit.', 'data:image/png;base64,iVBORw0KGgoAAAANSUhEUgAAABAA', 75, 'NT', 293, 130, '3.2', '2021-06-01', '2021-05-06', 3, 2),
(41, 'Nut - Pecan, Halves', 'Cum sociis natoque penatibus et magnis dis parturient montes, nascetur ridiculus mus. Vivamus vestibulum sagittis sapien. Cum sociis natoque penatibus et magnis dis parturient montes, nascetur ridiculus mus.\n\nEtiam vel augue. Vestibulum rutrum rutrum neque. Aenean auctor gravida sem.', 'data:image/png;base64,iVBORw0KGgoAAAANSUhEUgAAABAA', 42, 'NT', 490, 216, '4.3', '2022-01-31', '2021-10-12', 5, 3),
(42, 'Eggplant - Baby', 'Phasellus in felis. Donec semper sapien a libero. Nam dui.\n\nProin leo odio, porttitor id, consequat in, consequat ut, nulla. Sed accumsan felis. Ut at dolor quis odio consequat varius.\n\nInteger ac leo. Pellentesque ultrices mattis odio. Donec vitae nisi.', 'data:image/png;base64,iVBORw0KGgoAAAANSUhEUgAAABAA', 66, 'NT', 166, 37, '5.0', '2021-08-29', '2021-12-13', 4, 6),
(43, 'Cookie Chocolate Chip With', 'Integer ac leo. Pellentesque ultrices mattis odio. Donec vitae nisi.\n\nNam ultrices, libero non mattis pulvinar, nulla pede ullamcorper augue, a suscipit nulla elit ac nulla. Sed vel enim sit amet nunc viverra dapibus. Nulla suscipit ligula in lacus.\n\nCurabitur at ipsum ac tellus semper interdum. Mauris ullamcorper purus sit amet nulla. Quisque arcu libero, rutrum ac, lobortis vel, dapibus at, diam.', 'data:image/png;base64,iVBORw0KGgoAAAANSUhEUgAAABAA', 24, 'NT', 322, 246, '1.8', '2021-06-10', '2021-07-21', 2, 6),
(44, 'Rabbit - Legs', 'Vestibulum quam sapien, varius ut, blandit non, interdum in, ante. Vestibulum ante ipsum primis in faucibus orci luctus et ultrices posuere cubilia Curae; Duis faucibus accumsan odio. Curabitur convallis.\n\nDuis consequat dui nec nisi volutpat eleifend. Donec ut dolor. Morbi vel lectus in quam fringilla rhoncus.\n\nMauris enim leo, rhoncus sed, vestibulum sit amet, cursus id, turpis. Integer aliquet, massa id lobortis convallis, tortor risus dapibus augue, vel accumsan tellus nisi eu orci. Mauris lacinia sapien quis libero.\n\nNullam sit amet turpis elementum ligula vehicula consequat. Morbi a ipsum. Integer a nibh.', 'data:image/png;base64,iVBORw0KGgoAAAANSUhEUgAAABAA', 69, 'NT', 422, 209, '3.5', '2021-11-21', '2022-01-26', 5, 2),
(45, 'Island Oasis - Ice Cream Mix', 'Proin eu mi. Nulla ac enim. In tempor, turpis nec euismod scelerisque, quam turpis adipiscing lorem, vitae mattis nibh ligula nec sem.\n\nDuis aliquam convallis nunc. Proin at turpis a pede posuere nonummy. Integer non velit.\n\nDonec diam neque, vestibulum eget, vulputate ut, ultrices vel, augue. Vestibulum ante ipsum primis in faucibus orci luctus et ultrices posuere cubilia Curae; Donec pharetra, magna vestibulum aliquet ultrices, erat tortor sollicitudin mi, sit amet lobortis sapien sapien non mi. Integer ac neque.', 'data:image/png;base64,iVBORw0KGgoAAAANSUhEUgAAABAA', 33, 'NT', 118, 96, '2.1', '2021-05-16', '2021-12-13', 1, 2),
(46, 'Soup - Knorr, French Onion', 'Cum sociis natoque penatibus et magnis dis parturient montes, nascetur ridiculus mus. Vivamus vestibulum sagittis sapien. Cum sociis natoque penatibus et magnis dis parturient montes, nascetur ridiculus mus.\n\nEtiam vel augue. Vestibulum rutrum rutrum neque. Aenean auctor gravida sem.\n\nPraesent id massa id nisl venenatis lacinia. Aenean sit amet justo. Morbi ut odio.\n\nCras mi pede, malesuada in, imperdiet et, commodo vulputate, justo. In blandit ultrices enim. Lorem ipsum dolor sit amet, consectetuer adipiscing elit.', 'data:image/png;base64,iVBORw0KGgoAAAANSUhEUgAAABAA', 67, 'NT', 102, 148, '4.8', '2021-10-14', '2021-08-20', 3, 1),
(47, 'Steampan - Lid For Half Size', 'Morbi non lectus. Aliquam sit amet diam in magna bibendum imperdiet. Nullam orci pede, venenatis non, sodales sed, tincidunt eu, felis.\n\nFusce posuere felis sed lacus. Morbi sem mauris, laoreet ut, rhoncus aliquet, pulvinar sed, nisl. Nunc rhoncus dui vel sem.\n\nSed sagittis. Nam congue, risus semper porta volutpat, quam pede lobortis ligula, sit amet eleifend pede libero quis orci. Nullam molestie nibh in lectus.\n\nPellentesque at nulla. Suspendisse potenti. Cras in purus eu magna vulputate luctus.', 'data:image/png;base64,iVBORw0KGgoAAAANSUhEUgAAABAA', 21, 'NT', 247, 122, '3.4', '2021-06-12', '2021-05-01', 3, 6),
(48, 'Sprite, Diet - 355ml', 'Fusce consequat. Nulla nisl. Nunc nisl.', 'data:image/png;base64,iVBORw0KGgoAAAANSUhEUgAAABAA', 28, 'NT', 244, 265, '2.3', '2021-03-19', '2021-09-17', 4, 6),
(49, 'Jam - Raspberry,jar', 'Duis aliquam convallis nunc. Proin at turpis a pede posuere nonummy. Integer non velit.\n\nDonec diam neque, vestibulum eget, vulputate ut, ultrices vel, augue. Vestibulum ante ipsum primis in faucibus orci luctus et ultrices posuere cubilia Curae; Donec pharetra, magna vestibulum aliquet ultrices, erat tortor sollicitudin mi, sit amet lobortis sapien sapien non mi. Integer ac neque.', 'data:image/png;base64,iVBORw0KGgoAAAANSUhEUgAAABAA', 57, 'NT', 151, 195, '1.3', '2021-09-07', '2022-02-13', 3, 4),
(50, 'Muffin Puck Ww Carrot', 'In quis justo. Maecenas rhoncus aliquam lacus. Morbi quis tortor id nulla ultrices aliquet.\n\nMaecenas leo odio, condimentum id, luctus nec, molestie sed, justo. Pellentesque viverra pede ac diam. Cras pellentesque volutpat dui.\n\nMaecenas tristique, est et tempus semper, est quam pharetra magna, ac consequat metus sapien ut nunc. Vestibulum ante ipsum primis in faucibus orci luctus et ultrices posuere cubilia Curae; Mauris viverra diam vitae quam. Suspendisse potenti.\n\nNullam porttitor lacus at turpis. Donec posuere metus vitae ipsum. Aliquam non mauris.', 'data:image/png;base64,iVBORw0KGgoAAAANSUhEUgAAABAA', 64, 'NT', 138, 68, '2.8', '2022-03-05', '2021-09-26', 1, 1),
(51, 'Ice - Clear, 300 Lb For Carving', 'Phasellus in felis. Donec semper sapien a libero. Nam dui.\n\nProin leo odio, porttitor id, consequat in, consequat ut, nulla. Sed accumsan felis. Ut at dolor quis odio consequat varius.', 'data:image/png;base64,iVBORw0KGgoAAAANSUhEUgAAABAA', 25, 'NT', 507, 112, '1.8', '2021-08-11', '2021-06-02', 5, 4),
(52, 'Nut - Cashews, Whole, Raw', 'Etiam vel augue. Vestibulum rutrum rutrum neque. Aenean auctor gravida sem.\n\nPraesent id massa id nisl venenatis lacinia. Aenean sit amet justo. Morbi ut odio.\n\nCras mi pede, malesuada in, imperdiet et, commodo vulputate, justo. In blandit ultrices enim. Lorem ipsum dolor sit amet, consectetuer adipiscing elit.', 'data:image/png;base64,iVBORw0KGgoAAAANSUhEUgAAABAA', 37, 'NT', 155, 93, '3.6', '2021-10-27', '2021-06-15', 4, 1),
(53, 'Bandage - Finger Cots', 'Cum sociis natoque penatibus et magnis dis parturient montes, nascetur ridiculus mus. Vivamus vestibulum sagittis sapien. Cum sociis natoque penatibus et magnis dis parturient montes, nascetur ridiculus mus.\n\nEtiam vel augue. Vestibulum rutrum rutrum neque. Aenean auctor gravida sem.\n\nPraesent id massa id nisl venenatis lacinia. Aenean sit amet justo. Morbi ut odio.', 'data:image/png;base64,iVBORw0KGgoAAAANSUhEUgAAABAA', 67, 'NT', 126, 102, '2.4', '2021-03-07', '2021-03-11', 2, 4),
(54, 'Asparagus - Green, Fresh', 'Sed ante. Vivamus tortor. Duis mattis egestas metus.\n\nAenean fermentum. Donec ut mauris eget massa tempor convallis. Nulla neque libero, convallis eget, eleifend luctus, ultricies eu, nibh.\n\nQuisque id justo sit amet sapien dignissim vestibulum. Vestibulum ante ipsum primis in faucibus orci luctus et ultrices posuere cubilia Curae; Nulla dapibus dolor vel est. Donec odio justo, sollicitudin ut, suscipit a, feugiat et, eros.\n\nVestibulum ac est lacinia nisi venenatis tristique. Fusce congue, diam id ornare imperdiet, sapien urna pretium nisl, ut volutpat sapien arcu sed augue. Aliquam erat volutpat.', 'data:image/png;base64,iVBORw0KGgoAAAANSUhEUgAAABAA', 70, 'NT', 506, 176, '3.8', '2021-03-02', '2021-04-22', 2, 2),
(55, 'Muffin Orange Individual', 'In congue. Etiam justo. Etiam pretium iaculis justo.\n\nIn hac habitasse platea dictumst. Etiam faucibus cursus urna. Ut tellus.', 'data:image/png;base64,iVBORw0KGgoAAAANSUhEUgAAABAA', 63, 'NT', 464, 245, '3.8', '2021-03-24', '2021-07-26', 2, 5),
(56, 'Steam Pan - Half Size Deep', 'Sed ante. Vivamus tortor. Duis mattis egestas metus.', 'data:image/png;base64,iVBORw0KGgoAAAANSUhEUgAAABAA', 63, 'NT', 61, 65, '1.4', '2021-05-24', '2022-01-22', 1, 2),
(57, 'Tart - Raisin And Pecan', 'Cum sociis natoque penatibus et magnis dis parturient montes, nascetur ridiculus mus. Vivamus vestibulum sagittis sapien. Cum sociis natoque penatibus et magnis dis parturient montes, nascetur ridiculus mus.', 'data:image/png;base64,iVBORw0KGgoAAAANSUhEUgAAABAA', 76, 'NT', 427, 221, '0.9', '2021-06-04', '2022-02-09', 1, 4),
(58, 'Latex Rubber Gloves Size 9', 'Curabitur gravida nisi at nibh. In hac habitasse platea dictumst. Aliquam augue quam, sollicitudin vitae, consectetuer eget, rutrum at, lorem.\n\nInteger tincidunt ante vel ipsum. Praesent blandit lacinia erat. Vestibulum sed magna at nunc commodo placerat.\n\nPraesent blandit. Nam nulla. Integer pede justo, lacinia eget, tincidunt eget, tempus vel, pede.\n\nMorbi porttitor lorem id ligula. Suspendisse ornare consequat lectus. In est risus, auctor sed, tristique in, tempus sit amet, sem.', 'data:image/png;base64,iVBORw0KGgoAAAANSUhEUgAAABAA', 38, 'NT', 320, 257, '4.6', '2021-04-27', '2021-03-04', 4, 6),
(59, 'Pie Shells 10', 'In hac habitasse platea dictumst. Etiam faucibus cursus urna. Ut tellus.', 'data:image/png;base64,iVBORw0KGgoAAAANSUhEUgAAABAA', 76, 'NT', 425, 211, '2.8', '2021-12-28', '2021-05-19', 1, 2),
(60, 'Artichokes - Knobless, White', 'Praesent id massa id nisl venenatis lacinia. Aenean sit amet justo. Morbi ut odio.\n\nCras mi pede, malesuada in, imperdiet et, commodo vulputate, justo. In blandit ultrices enim. Lorem ipsum dolor sit amet, consectetuer adipiscing elit.', 'data:image/png;base64,iVBORw0KGgoAAAANSUhEUgAAABAA', 39, 'NT', 489, 160, '2.4', '2021-02-20', '2021-12-13', 4, 1),
(61, 'Sugar - Invert', 'Maecenas ut massa quis augue luctus tincidunt. Nulla mollis molestie lorem. Quisque ut erat.\n\nCurabitur gravida nisi at nibh. In hac habitasse platea dictumst. Aliquam augue quam, sollicitudin vitae, consectetuer eget, rutrum at, lorem.\n\nInteger tincidunt ante vel ipsum. Praesent blandit lacinia erat. Vestibulum sed magna at nunc commodo placerat.', 'data:image/png;base64,iVBORw0KGgoAAAANSUhEUgAAABAA', 41, 'NT', 440, 54, '3.7', '2021-08-04', '2021-05-27', 5, 4),
(62, 'Cheese - Bakers Cream Cheese', 'Praesent blandit. Nam nulla. Integer pede justo, lacinia eget, tincidunt eget, tempus vel, pede.\n\nMorbi porttitor lorem id ligula. Suspendisse ornare consequat lectus. In est risus, auctor sed, tristique in, tempus sit amet, sem.\n\nFusce consequat. Nulla nisl. Nunc nisl.\n\nDuis bibendum, felis sed interdum venenatis, turpis enim blandit mi, in porttitor pede justo eu massa. Donec dapibus. Duis at velit eu est congue elementum.', 'data:image/png;base64,iVBORw0KGgoAAAANSUhEUgAAABAA', 49, 'NT', 121, 51, '2.7', '2021-12-16', '2021-04-16', 3, 6),
(63, 'Wine - Jafflin Bourgongone', 'Phasellus sit amet erat. Nulla tempus. Vivamus in felis eu sapien cursus vestibulum.\n\nProin eu mi. Nulla ac enim. In tempor, turpis nec euismod scelerisque, quam turpis adipiscing lorem, vitae mattis nibh ligula nec sem.', 'data:image/png;base64,iVBORw0KGgoAAAANSUhEUgAAABAA', 31, 'NT', 436, 233, '1.0', '2021-07-19', '2021-07-08', 2, 2),
(64, 'Wine - White, Mosel Gold', 'Suspendisse potenti. In eleifend quam a odio. In hac habitasse platea dictumst.\n\nMaecenas ut massa quis augue luctus tincidunt. Nulla mollis molestie lorem. Quisque ut erat.\n\nCurabitur gravida nisi at nibh. In hac habitasse platea dictumst. Aliquam augue quam, sollicitudin vitae, consectetuer eget, rutrum at, lorem.\n\nInteger tincidunt ante vel ipsum. Praesent blandit lacinia erat. Vestibulum sed magna at nunc commodo placerat.', 'data:image/png;base64,iVBORw0KGgoAAAANSUhEUgAAABAA', 43, 'NT', 137, 255, '1.7', '2022-01-21', '2021-05-13', 4, 2),
(65, 'Fish - Artic Char, Cold Smoked', 'In sagittis dui vel nisl. Duis ac nibh. Fusce lacus purus, aliquet at, feugiat non, pretium quis, lectus.', 'data:image/png;base64,iVBORw0KGgoAAAANSUhEUgAAABAA', 51, 'NT', 335, 180, '1.1', '2021-04-05', '2021-05-10', 2, 2),
(66, 'Pepper - Green', 'Praesent id massa id nisl venenatis lacinia. Aenean sit amet justo. Morbi ut odio.\n\nCras mi pede, malesuada in, imperdiet et, commodo vulputate, justo. In blandit ultrices enim. Lorem ipsum dolor sit amet, consectetuer adipiscing elit.\n\nProin interdum mauris non ligula pellentesque ultrices. Phasellus id sapien in sapien iaculis congue. Vivamus metus arcu, adipiscing molestie, hendrerit at, vulputate vitae, nisl.', 'data:image/png;base64,iVBORw0KGgoAAAANSUhEUgAAABAA', 39, 'NT', 109, 117, '3.0', '2021-12-14', '2021-09-15', 4, 2),
(67, 'Lettuce - Green Leaf', 'Duis aliquam convallis nunc. Proin at turpis a pede posuere nonummy. Integer non velit.', 'data:image/png;base64,iVBORw0KGgoAAAANSUhEUgAAABAA', 55, 'NT', 51, 253, '2.4', '2022-02-04', '2022-01-25', 3, 1),
(68, 'Mousse - Passion Fruit', 'Proin leo odio, porttitor id, consequat in, consequat ut, nulla. Sed accumsan felis. Ut at dolor quis odio consequat varius.\n\nInteger ac leo. Pellentesque ultrices mattis odio. Donec vitae nisi.', 'data:image/png;base64,iVBORw0KGgoAAAANSUhEUgAAABAA', 20, 'NT', 344, 218, '5.0', '2021-10-05', '2021-11-20', 4, 5),
(69, 'Apple - Custard', 'Quisque porta volutpat erat. Quisque erat eros, viverra eget, congue eget, semper rutrum, nulla. Nunc purus.\n\nPhasellus in felis. Donec semper sapien a libero. Nam dui.\n\nProin leo odio, porttitor id, consequat in, consequat ut, nulla. Sed accumsan felis. Ut at dolor quis odio consequat varius.', 'data:image/png;base64,iVBORw0KGgoAAAANSUhEUgAAABAA', 60, 'NT', 277, 208, '3.8', '2021-06-27', '2021-04-16', 4, 3),
(70, 'Wine - Port Late Bottled Vintage', 'Sed sagittis. Nam congue, risus semper porta volutpat, quam pede lobortis ligula, sit amet eleifend pede libero quis orci. Nullam molestie nibh in lectus.\n\nPellentesque at nulla. Suspendisse potenti. Cras in purus eu magna vulputate luctus.\n\nCum sociis natoque penatibus et magnis dis parturient montes, nascetur ridiculus mus. Vivamus vestibulum sagittis sapien. Cum sociis natoque penatibus et magnis dis parturient montes, nascetur ridiculus mus.\n\nEtiam vel augue. Vestibulum rutrum rutrum neque. Aenean auctor gravida sem.', 'data:image/png;base64,iVBORw0KGgoAAAANSUhEUgAAABAA', 43, 'NT', 161, 125, '4.8', '2021-04-28', '2021-02-28', 4, 2),
(71, 'Capon - Breast, Wing On', 'Cras non velit nec nisi vulputate nonummy. Maecenas tincidunt lacus at velit. Vivamus vel nulla eget eros elementum pellentesque.\n\nQuisque porta volutpat erat. Quisque erat eros, viverra eget, congue eget, semper rutrum, nulla. Nunc purus.\n\nPhasellus in felis. Donec semper sapien a libero. Nam dui.\n\nProin leo odio, porttitor id, consequat in, consequat ut, nulla. Sed accumsan felis. Ut at dolor quis odio consequat varius.', 'data:image/png;base64,iVBORw0KGgoAAAANSUhEUgAAABAA', 75, 'NT', 313, 136, '4.0', '2021-09-05', '2021-02-17', 5, 1),
(72, 'Beef Tenderloin Aaa', 'Maecenas tristique, est et tempus semper, est quam pharetra magna, ac consequat metus sapien ut nunc. Vestibulum ante ipsum primis in faucibus orci luctus et ultrices posuere cubilia Curae; Mauris viverra diam vitae quam. Suspendisse potenti.\n\nNullam porttitor lacus at turpis. Donec posuere metus vitae ipsum. Aliquam non mauris.\n\nMorbi non lectus. Aliquam sit amet diam in magna bibendum imperdiet. Nullam orci pede, venenatis non, sodales sed, tincidunt eu, felis.', 'data:image/png;base64,iVBORw0KGgoAAAANSUhEUgAAABAA', 67, 'NT', 254, 238, '0.6', '2021-02-26', '2021-11-20', 2, 4),
(73, 'Wine - Ej Gallo Sierra Valley', 'Nam ultrices, libero non mattis pulvinar, nulla pede ullamcorper augue, a suscipit nulla elit ac nulla. Sed vel enim sit amet nunc viverra dapibus. Nulla suscipit ligula in lacus.\n\nCurabitur at ipsum ac tellus semper interdum. Mauris ullamcorper purus sit amet nulla. Quisque arcu libero, rutrum ac, lobortis vel, dapibus at, diam.', 'data:image/png;base64,iVBORw0KGgoAAAANSUhEUgAAABAA', 39, 'NT', 530, 126, '3.1', '2021-07-05', '2021-12-29', 4, 1),
(74, 'Hinge W Undercut', 'Maecenas leo odio, condimentum id, luctus nec, molestie sed, justo. Pellentesque viverra pede ac diam. Cras pellentesque volutpat dui.', 'data:image/png;base64,iVBORw0KGgoAAAANSUhEUgAAABAA', 79, 'NT', 371, 152, '0.8', '2021-11-22', '2021-07-06', 4, 6),
(75, 'Oil - Canola', 'Morbi porttitor lorem id ligula. Suspendisse ornare consequat lectus. In est risus, auctor sed, tristique in, tempus sit amet, sem.\n\nFusce consequat. Nulla nisl. Nunc nisl.\n\nDuis bibendum, felis sed interdum venenatis, turpis enim blandit mi, in porttitor pede justo eu massa. Donec dapibus. Duis at velit eu est congue elementum.\n\nIn hac habitasse platea dictumst. Morbi vestibulum, velit id pretium iaculis, diam erat fermentum justo, nec condimentum neque sapien placerat ante. Nulla justo.', 'data:image/png;base64,iVBORw0KGgoAAAANSUhEUgAAABAA', 72, 'NT', 337, 182, '1.1', '2022-01-06', '2021-08-13', 5, 3),
(76, 'Mousse - Mango', 'Proin interdum mauris non ligula pellentesque ultrices. Phasellus id sapien in sapien iaculis congue. Vivamus metus arcu, adipiscing molestie, hendrerit at, vulputate vitae, nisl.\n\nAenean lectus. Pellentesque eget nunc. Donec quis orci eget orci vehicula condimentum.', 'data:image/png;base64,iVBORw0KGgoAAAANSUhEUgAAABAA', 41, 'NT', 106, 128, '2.1', '2021-08-14', '2021-04-24', 5, 1),
(77, 'Savory', 'Morbi non lectus. Aliquam sit amet diam in magna bibendum imperdiet. Nullam orci pede, venenatis non, sodales sed, tincidunt eu, felis.', 'data:image/png;base64,iVBORw0KGgoAAAANSUhEUgAAABAA', 51, 'NT', 112, 156, '4.7', '2021-03-30', '2021-10-19', 4, 1),
(78, 'Bread - Pain Au Liat X12', 'Duis bibendum. Morbi non quam nec dui luctus rutrum. Nulla tellus.\n\nIn sagittis dui vel nisl. Duis ac nibh. Fusce lacus purus, aliquet at, feugiat non, pretium quis, lectus.', 'data:image/png;base64,iVBORw0KGgoAAAANSUhEUgAAABAA', 59, 'NT', 299, 178, '2.8', '2021-04-13', '2022-01-03', 3, 6),
(79, 'Tomatoes - Cherry, Yellow', 'Proin eu mi. Nulla ac enim. In tempor, turpis nec euismod scelerisque, quam turpis adipiscing lorem, vitae mattis nibh ligula nec sem.\n\nDuis aliquam convallis nunc. Proin at turpis a pede posuere nonummy. Integer non velit.', 'data:image/png;base64,iVBORw0KGgoAAAANSUhEUgAAABAA', 54, 'NT', 105, 56, '3.9', '2022-03-10', '2021-12-21', 5, 4),
(80, 'Oil - Coconut', 'Phasellus in felis. Donec semper sapien a libero. Nam dui.\n\nProin leo odio, porttitor id, consequat in, consequat ut, nulla. Sed accumsan felis. Ut at dolor quis odio consequat varius.\n\nInteger ac leo. Pellentesque ultrices mattis odio. Donec vitae nisi.\n\nNam ultrices, libero non mattis pulvinar, nulla pede ullamcorper augue, a suscipit nulla elit ac nulla. Sed vel enim sit amet nunc viverra dapibus. Nulla suscipit ligula in lacus.', 'data:image/png;base64,iVBORw0KGgoAAAANSUhEUgAAABAA', 58, 'NT', 200, 220, '3.3', '2021-04-12', '2021-03-01', 1, 4),
(81, 'Cilantro / Coriander - Fresh', 'Nulla ut erat id mauris vulputate elementum. Nullam varius. Nulla facilisi.\n\nCras non velit nec nisi vulputate nonummy. Maecenas tincidunt lacus at velit. Vivamus vel nulla eget eros elementum pellentesque.', 'data:image/png;base64,iVBORw0KGgoAAAANSUhEUgAAABAA', 69, 'NT', 255, 111, '3.1', '2021-11-01', '2021-10-05', 2, 3),
(82, 'Bok Choy - Baby', 'In congue. Etiam justo. Etiam pretium iaculis justo.\n\nIn hac habitasse platea dictumst. Etiam faucibus cursus urna. Ut tellus.', 'data:image/png;base64,iVBORw0KGgoAAAANSUhEUgAAABAA', 36, 'NT', 102, 36, '4.0', '2021-05-23', '2021-08-28', 2, 3),
(83, 'Pectin', 'Cras mi pede, malesuada in, imperdiet et, commodo vulputate, justo. In blandit ultrices enim. Lorem ipsum dolor sit amet, consectetuer adipiscing elit.\n\nProin interdum mauris non ligula pellentesque ultrices. Phasellus id sapien in sapien iaculis congue. Vivamus metus arcu, adipiscing molestie, hendrerit at, vulputate vitae, nisl.\n\nAenean lectus. Pellentesque eget nunc. Donec quis orci eget orci vehicula condimentum.', 'data:image/png;base64,iVBORw0KGgoAAAANSUhEUgAAABAA', 47, 'NT', 204, 236, '1.8', '2022-02-17', '2021-05-20', 3, 2),
(84, 'Sparkling Wine - Rose, Freixenet', 'Praesent id massa id nisl venenatis lacinia. Aenean sit amet justo. Morbi ut odio.', 'data:image/png;base64,iVBORw0KGgoAAAANSUhEUgAAABAA', 73, 'NT', 138, 75, '3.4', '2022-03-05', '2021-08-10', 2, 6),
(85, 'Yams', 'Aenean fermentum. Donec ut mauris eget massa tempor convallis. Nulla neque libero, convallis eget, eleifend luctus, ultricies eu, nibh.\n\nQuisque id justo sit amet sapien dignissim vestibulum. Vestibulum ante ipsum primis in faucibus orci luctus et ultrices posuere cubilia Curae; Nulla dapibus dolor vel est. Donec odio justo, sollicitudin ut, suscipit a, feugiat et, eros.', 'data:image/png;base64,iVBORw0KGgoAAAANSUhEUgAAABAA', 58, 'NT', 451, 201, '1.3', '2021-08-15', '2021-03-01', 3, 3),
(86, 'Napkin Colour', 'Curabitur gravida nisi at nibh. In hac habitasse platea dictumst. Aliquam augue quam, sollicitudin vitae, consectetuer eget, rutrum at, lorem.\n\nInteger tincidunt ante vel ipsum. Praesent blandit lacinia erat. Vestibulum sed magna at nunc commodo placerat.\n\nPraesent blandit. Nam nulla. Integer pede justo, lacinia eget, tincidunt eget, tempus vel, pede.', 'data:image/png;base64,iVBORw0KGgoAAAANSUhEUgAAABAA', 22, 'NT', 350, 116, '3.4', '2022-02-17', '2021-04-08', 1, 2),
(87, 'Sausage - Meat', 'In hac habitasse platea dictumst. Etiam faucibus cursus urna. Ut tellus.', 'data:image/png;base64,iVBORw0KGgoAAAANSUhEUgAAABAA', 40, 'NT', 102, 192, '4.3', '2021-06-12', '2021-08-29', 2, 1),
(88, 'Savory', 'Praesent blandit. Nam nulla. Integer pede justo, lacinia eget, tincidunt eget, tempus vel, pede.\n\nMorbi porttitor lorem id ligula. Suspendisse ornare consequat lectus. In est risus, auctor sed, tristique in, tempus sit amet, sem.\n\nFusce consequat. Nulla nisl. Nunc nisl.', 'data:image/png;base64,iVBORw0KGgoAAAANSUhEUgAAABAA', 19, 'NT', 76, 184, '2.3', '2021-02-27', '2021-04-14', 2, 2),
(89, 'Soup - Campbells Mac N Cheese', 'Duis bibendum, felis sed interdum venenatis, turpis enim blandit mi, in porttitor pede justo eu massa. Donec dapibus. Duis at velit eu est congue elementum.\n\nIn hac habitasse platea dictumst. Morbi vestibulum, velit id pretium iaculis, diam erat fermentum justo, nec condimentum neque sapien placerat ante. Nulla justo.', 'data:image/png;base64,iVBORw0KGgoAAAANSUhEUgAAABAA', 75, 'NT', 343, 90, '4.3', '2021-05-24', '2022-01-25', 3, 6),
(90, 'Wine - White, Riesling, Semi - Dry', 'Proin leo odio, porttitor id, consequat in, consequat ut, nulla. Sed accumsan felis. Ut at dolor quis odio consequat varius.\n\nInteger ac leo. Pellentesque ultrices mattis odio. Donec vitae nisi.\n\nNam ultrices, libero non mattis pulvinar, nulla pede ullamcorper augue, a suscipit nulla elit ac nulla. Sed vel enim sit amet nunc viverra dapibus. Nulla suscipit ligula in lacus.', 'data:image/png;base64,iVBORw0KGgoAAAANSUhEUgAAABAA', 34, 'NT', 206, 40, '3.9', '2021-05-15', '2021-03-16', 3, 6),
(91, 'Cheese Cloth No 100', 'Fusce posuere felis sed lacus. Morbi sem mauris, laoreet ut, rhoncus aliquet, pulvinar sed, nisl. Nunc rhoncus dui vel sem.', 'data:image/png;base64,iVBORw0KGgoAAAANSUhEUgAAABAA', 40, 'NT', 32, 120, '3.8', '2021-10-22', '2021-11-16', 1, 4),
(92, 'Brandy Cherry - Mcguinness', 'Suspendisse potenti. In eleifend quam a odio. In hac habitasse platea dictumst.\n\nMaecenas ut massa quis augue luctus tincidunt. Nulla mollis molestie lorem. Quisque ut erat.', 'data:image/png;base64,iVBORw0KGgoAAAANSUhEUgAAABAA', 37, 'NT', 518, 82, '1.3', '2021-06-26', '2021-05-12', 3, 5),
(93, 'Pepper - Chipotle, Canned', 'Sed sagittis. Nam congue, risus semper porta volutpat, quam pede lobortis ligula, sit amet eleifend pede libero quis orci. Nullam molestie nibh in lectus.\n\nPellentesque at nulla. Suspendisse potenti. Cras in purus eu magna vulputate luctus.\n\nCum sociis natoque penatibus et magnis dis parturient montes, nascetur ridiculus mus. Vivamus vestibulum sagittis sapien. Cum sociis natoque penatibus et magnis dis parturient montes, nascetur ridiculus mus.', 'data:image/png;base64,iVBORw0KGgoAAAANSUhEUgAAABAA', 28, 'NT', 477, 102, '4.1', '2021-08-13', '2021-08-03', 3, 3),
(94, 'Iced Tea Concentrate', 'Quisque porta volutpat erat. Quisque erat eros, viverra eget, congue eget, semper rutrum, nulla. Nunc purus.', 'data:image/png;base64,iVBORw0KGgoAAAANSUhEUgAAABAA', 71, 'NT', 482, 176, '3.4', '2021-11-01', '2021-11-14', 3, 2),
(95, 'Lettuce - Escarole', 'Nullam sit amet turpis elementum ligula vehicula consequat. Morbi a ipsum. Integer a nibh.', 'data:image/png;base64,iVBORw0KGgoAAAANSUhEUgAAABAA', 62, 'NT', 419, 129, '2.5', '2021-12-23', '2021-04-15', 1, 3),
(96, 'Oil - Cooking Spray', 'Aliquam quis turpis eget elit sodales scelerisque. Mauris sit amet eros. Suspendisse accumsan tortor quis turpis.\n\nSed ante. Vivamus tortor. Duis mattis egestas metus.', 'data:image/png;base64,iVBORw0KGgoAAAANSUhEUgAAABAA', 27, 'NT', 474, 267, '2.1', '2021-11-06', '2021-04-18', 4, 2),
(97, 'Lettuce - Escarole', 'Nam ultrices, libero non mattis pulvinar, nulla pede ullamcorper augue, a suscipit nulla elit ac nulla. Sed vel enim sit amet nunc viverra dapibus. Nulla suscipit ligula in lacus.', 'data:image/png;base64,iVBORw0KGgoAAAANSUhEUgAAABAA', 51, 'NT', 488, 126, '3.6', '2022-03-01', '2022-01-08', 2, 6),
(98, 'Bread - Roll, Whole Wheat', 'Aenean lectus. Pellentesque eget nunc. Donec quis orci eget orci vehicula condimentum.\n\nCurabitur in libero ut massa volutpat convallis. Morbi odio odio, elementum eu, interdum eu, tincidunt in, leo. Maecenas pulvinar lobortis est.\n\nPhasellus sit amet erat. Nulla tempus. Vivamus in felis eu sapien cursus vestibulum.', 'data:image/png;base64,iVBORw0KGgoAAAANSUhEUgAAABAA', 35, 'NT', 399, 93, '3.2', '2021-09-06', '2021-09-12', 1, 1),
(99, 'Water - Green Tea Refresher', 'Maecenas tristique, est et tempus semper, est quam pharetra magna, ac consequat metus sapien ut nunc. Vestibulum ante ipsum primis in faucibus orci luctus et ultrices posuere cubilia Curae; Mauris viverra diam vitae quam. Suspendisse potenti.\n\nNullam porttitor lacus at turpis. Donec posuere metus vitae ipsum. Aliquam non mauris.\n\nMorbi non lectus. Aliquam sit amet diam in magna bibendum imperdiet. Nullam orci pede, venenatis non, sodales sed, tincidunt eu, felis.', 'data:image/png;base64,iVBORw0KGgoAAAANSUhEUgAAABAA', 45, 'NT', 473, 145, '5.0', '2021-04-29', '2021-07-03', 2, 1),
(100, 'Jicama', 'Aenean lectus. Pellentesque eget nunc. Donec quis orci eget orci vehicula condimentum.\n\nCurabitur in libero ut massa volutpat convallis. Morbi odio odio, elementum eu, interdum eu, tincidunt in, leo. Maecenas pulvinar lobortis est.\n\nPhasellus sit amet erat. Nulla tempus. Vivamus in felis eu sapien cursus vestibulum.', 'data:image/png;base64,iVBORw0KGgoAAAANSUhEUgAAABAA', 34, 'NT', 47, 95, '1.7', '2021-05-22', '2021-10-24', 5, 5),
(101, 'Scampi Tail', 'Praesent blandit. Nam nulla. Integer pede justo, lacinia eget, tincidunt eget, tempus vel, pede.', 'data:image/png;base64,iVBORw0KGgoAAAANSUhEUgAAABAA', 44, 'NT', 239, 210, '1.1', '2021-09-21', '2021-05-22', 3, 6),
(102, 'Basil - Thai', 'Duis bibendum. Morbi non quam nec dui luctus rutrum. Nulla tellus.\n\nIn sagittis dui vel nisl. Duis ac nibh. Fusce lacus purus, aliquet at, feugiat non, pretium quis, lectus.\n\nSuspendisse potenti. In eleifend quam a odio. In hac habitasse platea dictumst.', 'data:image/png;base64,iVBORw0KGgoAAAANSUhEUgAAABAA', 70, 'NT', 80, 134, '0.5', '2021-10-02', '2021-11-03', 3, 1),
(103, 'Champagne - Brights, Dry', 'Duis bibendum. Morbi non quam nec dui luctus rutrum. Nulla tellus.\n\nIn sagittis dui vel nisl. Duis ac nibh. Fusce lacus purus, aliquet at, feugiat non, pretium quis, lectus.', 'data:image/png;base64,iVBORw0KGgoAAAANSUhEUgAAABAA', 73, 'NT', 530, 166, '2.9', '2022-01-13', '2021-09-03', 3, 6),
(104, 'Hot Choc Vending', 'Donec diam neque, vestibulum eget, vulputate ut, ultrices vel, augue. Vestibulum ante ipsum primis in faucibus orci luctus et ultrices posuere cubilia Curae; Donec pharetra, magna vestibulum aliquet ultrices, erat tortor sollicitudin mi, sit amet lobortis sapien sapien non mi. Integer ac neque.', 'data:image/png;base64,iVBORw0KGgoAAAANSUhEUgAAABAA', 66, 'NT', 437, 134, '2.1', '2021-09-28', '2021-11-06', 2, 6),
(105, 'Cookie Chocolate Chip With', 'Maecenas tristique, est et tempus semper, est quam pharetra magna, ac consequat metus sapien ut nunc. Vestibulum ante ipsum primis in faucibus orci luctus et ultrices posuere cubilia Curae; Mauris viverra diam vitae quam. Suspendisse potenti.\n\nNullam porttitor lacus at turpis. Donec posuere metus vitae ipsum. Aliquam non mauris.\n\nMorbi non lectus. Aliquam sit amet diam in magna bibendum imperdiet. Nullam orci pede, venenatis non, sodales sed, tincidunt eu, felis.', 'data:image/png;base64,iVBORw0KGgoAAAANSUhEUgAAABAA', 47, 'NT', 441, 149, '3.3', '2021-11-28', '2021-03-14', 5, 1),
(106, 'Tuna - Bluefin', 'Maecenas leo odio, condimentum id, luctus nec, molestie sed, justo. Pellentesque viverra pede ac diam. Cras pellentesque volutpat dui.', 'data:image/png;base64,iVBORw0KGgoAAAANSUhEUgAAABAA', 67, 'NT', 80, 187, '1.0', '2022-01-27', '2021-12-22', 1, 6),
(107, 'Foil - 4oz Custard Cup', 'Maecenas ut massa quis augue luctus tincidunt. Nulla mollis molestie lorem. Quisque ut erat.\n\nCurabitur gravida nisi at nibh. In hac habitasse platea dictumst. Aliquam augue quam, sollicitudin vitae, consectetuer eget, rutrum at, lorem.\n\nInteger tincidunt ante vel ipsum. Praesent blandit lacinia erat. Vestibulum sed magna at nunc commodo placerat.', 'data:image/png;base64,iVBORw0KGgoAAAANSUhEUgAAABAA', 77, 'NT', 488, 256, '2.2', '2022-01-06', '2021-12-30', 2, 5),
(108, 'Pectin', 'Cum sociis natoque penatibus et magnis dis parturient montes, nascetur ridiculus mus. Vivamus vestibulum sagittis sapien. Cum sociis natoque penatibus et magnis dis parturient montes, nascetur ridiculus mus.\n\nEtiam vel augue. Vestibulum rutrum rutrum neque. Aenean auctor gravida sem.\n\nPraesent id massa id nisl venenatis lacinia. Aenean sit amet justo. Morbi ut odio.', 'data:image/png;base64,iVBORw0KGgoAAAANSUhEUgAAABAA', 68, 'NT', 273, 54, '3.0', '2021-10-10', '2021-07-22', 3, 2),
(109, 'Wine - Riesling Alsace Ac 2001', 'Proin leo odio, porttitor id, consequat in, consequat ut, nulla. Sed accumsan felis. Ut at dolor quis odio consequat varius.', 'data:image/png;base64,iVBORw0KGgoAAAANSUhEUgAAABAA', 33, 'NT', 401, 101, '1.1', '2021-12-08', '2021-09-05', 3, 6),
(110, 'Dikon', 'Vestibulum quam sapien, varius ut, blandit non, interdum in, ante. Vestibulum ante ipsum primis in faucibus orci luctus et ultrices posuere cubilia Curae; Duis faucibus accumsan odio. Curabitur convallis.\n\nDuis consequat dui nec nisi volutpat eleifend. Donec ut dolor. Morbi vel lectus in quam fringilla rhoncus.\n\nMauris enim leo, rhoncus sed, vestibulum sit amet, cursus id, turpis. Integer aliquet, massa id lobortis convallis, tortor risus dapibus augue, vel accumsan tellus nisi eu orci. Mauris lacinia sapien quis libero.\n\nNullam sit amet turpis elementum ligula vehicula consequat. Morbi a ipsum. Integer a nibh.', 'data:image/png;base64,iVBORw0KGgoAAAANSUhEUgAAABAA', 23, 'NT', 227, 82, '3.9', '2022-01-31', '2021-08-08', 4, 6),
(111, 'Tilapia - Fillets', 'In hac habitasse platea dictumst. Morbi vestibulum, velit id pretium iaculis, diam erat fermentum justo, nec condimentum neque sapien placerat ante. Nulla justo.\n\nAliquam quis turpis eget elit sodales scelerisque. Mauris sit amet eros. Suspendisse accumsan tortor quis turpis.\n\nSed ante. Vivamus tortor. Duis mattis egestas metus.\n\nAenean fermentum. Donec ut mauris eget massa tempor convallis. Nulla neque libero, convallis eget, eleifend luctus, ultricies eu, nibh.', 'data:image/png;base64,iVBORw0KGgoAAAANSUhEUgAAABAA', 30, 'NT', 130, 65, '2.2', '2021-04-04', '2021-05-27', 4, 4);
INSERT INTO `products` (`id`, `name`, `descp`, `img`, `price`, `currency`, `favorites`, `owners`, `stars`, `created_at`, `expired_at`, `product_status_id`, `product_series_id`) VALUES
(112, 'Crab - Back Fin Meat, Canned', 'Mauris enim leo, rhoncus sed, vestibulum sit amet, cursus id, turpis. Integer aliquet, massa id lobortis convallis, tortor risus dapibus augue, vel accumsan tellus nisi eu orci. Mauris lacinia sapien quis libero.\n\nNullam sit amet turpis elementum ligula vehicula consequat. Morbi a ipsum. Integer a nibh.', 'data:image/png;base64,iVBORw0KGgoAAAANSUhEUgAAABAA', 60, 'NT', 65, 119, '4.7', '2021-10-28', '2021-10-02', 2, 3),
(113, 'Soup V8 Roasted Red Pepper', 'Vestibulum ac est lacinia nisi venenatis tristique. Fusce congue, diam id ornare imperdiet, sapien urna pretium nisl, ut volutpat sapien arcu sed augue. Aliquam erat volutpat.', 'data:image/png;base64,iVBORw0KGgoAAAANSUhEUgAAABAA', 27, 'NT', 105, 97, '3.9', '2021-11-14', '2021-04-02', 2, 6),
(114, 'Cabbage - Nappa', 'Maecenas leo odio, condimentum id, luctus nec, molestie sed, justo. Pellentesque viverra pede ac diam. Cras pellentesque volutpat dui.\n\nMaecenas tristique, est et tempus semper, est quam pharetra magna, ac consequat metus sapien ut nunc. Vestibulum ante ipsum primis in faucibus orci luctus et ultrices posuere cubilia Curae; Mauris viverra diam vitae quam. Suspendisse potenti.\n\nNullam porttitor lacus at turpis. Donec posuere metus vitae ipsum. Aliquam non mauris.', 'data:image/png;base64,iVBORw0KGgoAAAANSUhEUgAAABAA', 37, 'NT', 215, 146, '1.8', '2022-02-19', '2021-10-30', 5, 1),
(115, 'Bread - White, Unsliced', 'Etiam vel augue. Vestibulum rutrum rutrum neque. Aenean auctor gravida sem.\n\nPraesent id massa id nisl venenatis lacinia. Aenean sit amet justo. Morbi ut odio.\n\nCras mi pede, malesuada in, imperdiet et, commodo vulputate, justo. In blandit ultrices enim. Lorem ipsum dolor sit amet, consectetuer adipiscing elit.', 'data:image/png;base64,iVBORw0KGgoAAAANSUhEUgAAABAA', 36, 'NT', 417, 87, '3.8', '2021-08-01', '2021-04-12', 4, 2),
(116, 'Calypso - Strawberry Lemonade', 'Fusce consequat. Nulla nisl. Nunc nisl.\n\nDuis bibendum, felis sed interdum venenatis, turpis enim blandit mi, in porttitor pede justo eu massa. Donec dapibus. Duis at velit eu est congue elementum.\n\nIn hac habitasse platea dictumst. Morbi vestibulum, velit id pretium iaculis, diam erat fermentum justo, nec condimentum neque sapien placerat ante. Nulla justo.\n\nAliquam quis turpis eget elit sodales scelerisque. Mauris sit amet eros. Suspendisse accumsan tortor quis turpis.', 'data:image/png;base64,iVBORw0KGgoAAAANSUhEUgAAABAA', 75, 'NT', 283, 58, '1.6', '2022-03-06', '2021-12-01', 3, 3),
(117, 'Garlic', 'Cum sociis natoque penatibus et magnis dis parturient montes, nascetur ridiculus mus. Vivamus vestibulum sagittis sapien. Cum sociis natoque penatibus et magnis dis parturient montes, nascetur ridiculus mus.\n\nEtiam vel augue. Vestibulum rutrum rutrum neque. Aenean auctor gravida sem.\n\nPraesent id massa id nisl venenatis lacinia. Aenean sit amet justo. Morbi ut odio.', 'data:image/png;base64,iVBORw0KGgoAAAANSUhEUgAAABAA', 23, 'NT', 472, 243, '4.0', '2021-08-17', '2021-10-03', 1, 6),
(118, 'Lamb - Whole Head Off,nz', 'Etiam vel augue. Vestibulum rutrum rutrum neque. Aenean auctor gravida sem.\n\nPraesent id massa id nisl venenatis lacinia. Aenean sit amet justo. Morbi ut odio.\n\nCras mi pede, malesuada in, imperdiet et, commodo vulputate, justo. In blandit ultrices enim. Lorem ipsum dolor sit amet, consectetuer adipiscing elit.', 'data:image/png;base64,iVBORw0KGgoAAAANSUhEUgAAABAA', 26, 'NT', 300, 234, '4.8', '2021-03-23', '2021-05-20', 2, 3),
(119, 'Cheese - Wine', 'Sed sagittis. Nam congue, risus semper porta volutpat, quam pede lobortis ligula, sit amet eleifend pede libero quis orci. Nullam molestie nibh in lectus.\n\nPellentesque at nulla. Suspendisse potenti. Cras in purus eu magna vulputate luctus.\n\nCum sociis natoque penatibus et magnis dis parturient montes, nascetur ridiculus mus. Vivamus vestibulum sagittis sapien. Cum sociis natoque penatibus et magnis dis parturient montes, nascetur ridiculus mus.', 'data:image/png;base64,iVBORw0KGgoAAAANSUhEUgAAABAA', 19, 'NT', 304, 198, '4.8', '2021-06-22', '2021-12-24', 5, 6),
(120, 'Oil - Olive', 'Proin leo odio, porttitor id, consequat in, consequat ut, nulla. Sed accumsan felis. Ut at dolor quis odio consequat varius.\n\nInteger ac leo. Pellentesque ultrices mattis odio. Donec vitae nisi.\n\nNam ultrices, libero non mattis pulvinar, nulla pede ullamcorper augue, a suscipit nulla elit ac nulla. Sed vel enim sit amet nunc viverra dapibus. Nulla suscipit ligula in lacus.', 'data:image/png;base64,iVBORw0KGgoAAAANSUhEUgAAABAA', 55, 'NT', 523, 155, '2.6', '2021-10-03', '2022-02-01', 5, 4),
(121, 'Pomegranates', 'Phasellus in felis. Donec semper sapien a libero. Nam dui.\n\nProin leo odio, porttitor id, consequat in, consequat ut, nulla. Sed accumsan felis. Ut at dolor quis odio consequat varius.\n\nInteger ac leo. Pellentesque ultrices mattis odio. Donec vitae nisi.\n\nNam ultrices, libero non mattis pulvinar, nulla pede ullamcorper augue, a suscipit nulla elit ac nulla. Sed vel enim sit amet nunc viverra dapibus. Nulla suscipit ligula in lacus.', 'data:image/png;base64,iVBORw0KGgoAAAANSUhEUgAAABAA', 78, 'NT', 89, 233, '3.3', '2021-07-03', '2022-01-26', 5, 2),
(122, 'Sauce - Sesame Thai Dressing', 'Fusce consequat. Nulla nisl. Nunc nisl.\n\nDuis bibendum, felis sed interdum venenatis, turpis enim blandit mi, in porttitor pede justo eu massa. Donec dapibus. Duis at velit eu est congue elementum.\n\nIn hac habitasse platea dictumst. Morbi vestibulum, velit id pretium iaculis, diam erat fermentum justo, nec condimentum neque sapien placerat ante. Nulla justo.', 'data:image/png;base64,iVBORw0KGgoAAAANSUhEUgAAABAA', 62, 'NT', 97, 152, '0.8', '2021-06-10', '2021-07-13', 4, 1),
(123, 'Salmon - Whole, 4 - 6 Pounds', 'Nullam porttitor lacus at turpis. Donec posuere metus vitae ipsum. Aliquam non mauris.\n\nMorbi non lectus. Aliquam sit amet diam in magna bibendum imperdiet. Nullam orci pede, venenatis non, sodales sed, tincidunt eu, felis.', 'data:image/png;base64,iVBORw0KGgoAAAANSUhEUgAAABAA', 46, 'NT', 73, 151, '3.4', '2021-10-08', '2021-10-21', 2, 5),
(124, 'Yogurt - Peach, 175 Gr', 'Aliquam quis turpis eget elit sodales scelerisque. Mauris sit amet eros. Suspendisse accumsan tortor quis turpis.\n\nSed ante. Vivamus tortor. Duis mattis egestas metus.', 'data:image/png;base64,iVBORw0KGgoAAAANSUhEUgAAABAA', 57, 'NT', 475, 188, '4.4', '2021-11-23', '2022-01-25', 2, 3),
(125, 'Wine - White, Schroder And Schyl', 'Nullam sit amet turpis elementum ligula vehicula consequat. Morbi a ipsum. Integer a nibh.\n\nIn quis justo. Maecenas rhoncus aliquam lacus. Morbi quis tortor id nulla ultrices aliquet.\n\nMaecenas leo odio, condimentum id, luctus nec, molestie sed, justo. Pellentesque viverra pede ac diam. Cras pellentesque volutpat dui.', 'data:image/png;base64,iVBORw0KGgoAAAANSUhEUgAAABAA', 52, 'NT', 184, 249, '3.1', '2021-12-07', '2021-10-24', 2, 2),
(126, 'Bulgar', 'Morbi non lectus. Aliquam sit amet diam in magna bibendum imperdiet. Nullam orci pede, venenatis non, sodales sed, tincidunt eu, felis.\n\nFusce posuere felis sed lacus. Morbi sem mauris, laoreet ut, rhoncus aliquet, pulvinar sed, nisl. Nunc rhoncus dui vel sem.\n\nSed sagittis. Nam congue, risus semper porta volutpat, quam pede lobortis ligula, sit amet eleifend pede libero quis orci. Nullam molestie nibh in lectus.\n\nPellentesque at nulla. Suspendisse potenti. Cras in purus eu magna vulputate luctus.', 'data:image/png;base64,iVBORw0KGgoAAAANSUhEUgAAABAA', 32, 'NT', 365, 116, '2.9', '2021-05-28', '2021-03-27', 1, 1),
(127, 'Coriander - Ground', 'Maecenas tristique, est et tempus semper, est quam pharetra magna, ac consequat metus sapien ut nunc. Vestibulum ante ipsum primis in faucibus orci luctus et ultrices posuere cubilia Curae; Mauris viverra diam vitae quam. Suspendisse potenti.', 'data:image/png;base64,iVBORw0KGgoAAAANSUhEUgAAABAA', 29, 'NT', 315, 223, '4.9', '2021-04-27', '2021-03-05', 5, 4),
(128, 'Turnip - White', 'Cras mi pede, malesuada in, imperdiet et, commodo vulputate, justo. In blandit ultrices enim. Lorem ipsum dolor sit amet, consectetuer adipiscing elit.\n\nProin interdum mauris non ligula pellentesque ultrices. Phasellus id sapien in sapien iaculis congue. Vivamus metus arcu, adipiscing molestie, hendrerit at, vulputate vitae, nisl.', 'data:image/png;base64,iVBORw0KGgoAAAANSUhEUgAAABAA', 43, 'NT', 52, 231, '3.2', '2021-10-13', '2021-12-18', 5, 4),
(129, 'Ham - Smoked, Bone - In', 'Cras mi pede, malesuada in, imperdiet et, commodo vulputate, justo. In blandit ultrices enim. Lorem ipsum dolor sit amet, consectetuer adipiscing elit.\n\nProin interdum mauris non ligula pellentesque ultrices. Phasellus id sapien in sapien iaculis congue. Vivamus metus arcu, adipiscing molestie, hendrerit at, vulputate vitae, nisl.\n\nAenean lectus. Pellentesque eget nunc. Donec quis orci eget orci vehicula condimentum.', 'data:image/png;base64,iVBORw0KGgoAAAANSUhEUgAAABAA', 47, 'NT', 208, 172, '1.0', '2021-05-06', '2021-04-17', 4, 2),
(130, 'Chicken Breast Halal', 'Duis bibendum, felis sed interdum venenatis, turpis enim blandit mi, in porttitor pede justo eu massa. Donec dapibus. Duis at velit eu est congue elementum.\n\nIn hac habitasse platea dictumst. Morbi vestibulum, velit id pretium iaculis, diam erat fermentum justo, nec condimentum neque sapien placerat ante. Nulla justo.\n\nAliquam quis turpis eget elit sodales scelerisque. Mauris sit amet eros. Suspendisse accumsan tortor quis turpis.', 'data:image/png;base64,iVBORw0KGgoAAAANSUhEUgAAABAA', 57, 'NT', 261, 68, '0.6', '2021-06-08', '2021-09-24', 1, 2),
(131, 'Wine - Tribal Sauvignon', 'Nullam porttitor lacus at turpis. Donec posuere metus vitae ipsum. Aliquam non mauris.\n\nMorbi non lectus. Aliquam sit amet diam in magna bibendum imperdiet. Nullam orci pede, venenatis non, sodales sed, tincidunt eu, felis.\n\nFusce posuere felis sed lacus. Morbi sem mauris, laoreet ut, rhoncus aliquet, pulvinar sed, nisl. Nunc rhoncus dui vel sem.', 'data:image/png;base64,iVBORw0KGgoAAAANSUhEUgAAABAA', 58, 'NT', 162, 65, '4.5', '2021-05-25', '2021-11-16', 3, 1),
(132, 'Ham - Virginia', 'Etiam vel augue. Vestibulum rutrum rutrum neque. Aenean auctor gravida sem.\n\nPraesent id massa id nisl venenatis lacinia. Aenean sit amet justo. Morbi ut odio.', 'data:image/png;base64,iVBORw0KGgoAAAANSUhEUgAAABAA', 45, 'NT', 137, 53, '1.9', '2021-09-26', '2021-09-25', 4, 6),
(133, 'Carrots - Mini, Stem On', 'Integer tincidunt ante vel ipsum. Praesent blandit lacinia erat. Vestibulum sed magna at nunc commodo placerat.\n\nPraesent blandit. Nam nulla. Integer pede justo, lacinia eget, tincidunt eget, tempus vel, pede.', 'data:image/png;base64,iVBORw0KGgoAAAANSUhEUgAAABAA', 48, 'NT', 435, 40, '1.3', '2022-01-15', '2021-02-23', 5, 3),
(134, 'Sesame Seed Black', 'Proin interdum mauris non ligula pellentesque ultrices. Phasellus id sapien in sapien iaculis congue. Vivamus metus arcu, adipiscing molestie, hendrerit at, vulputate vitae, nisl.\n\nAenean lectus. Pellentesque eget nunc. Donec quis orci eget orci vehicula condimentum.\n\nCurabitur in libero ut massa volutpat convallis. Morbi odio odio, elementum eu, interdum eu, tincidunt in, leo. Maecenas pulvinar lobortis est.\n\nPhasellus sit amet erat. Nulla tempus. Vivamus in felis eu sapien cursus vestibulum.', 'data:image/png;base64,iVBORw0KGgoAAAANSUhEUgAAABAA', 28, 'NT', 108, 41, '3.1', '2021-08-21', '2022-02-09', 4, 4),
(135, 'Ecolab - Hobart Upr Prewash Arm', 'Proin leo odio, porttitor id, consequat in, consequat ut, nulla. Sed accumsan felis. Ut at dolor quis odio consequat varius.\n\nInteger ac leo. Pellentesque ultrices mattis odio. Donec vitae nisi.\n\nNam ultrices, libero non mattis pulvinar, nulla pede ullamcorper augue, a suscipit nulla elit ac nulla. Sed vel enim sit amet nunc viverra dapibus. Nulla suscipit ligula in lacus.\n\nCurabitur at ipsum ac tellus semper interdum. Mauris ullamcorper purus sit amet nulla. Quisque arcu libero, rutrum ac, lobortis vel, dapibus at, diam.', 'data:image/png;base64,iVBORw0KGgoAAAANSUhEUgAAABAA', 40, 'NT', 141, 124, '2.6', '2021-04-29', '2021-06-25', 5, 3),
(136, 'Tuna - Sushi Grade', 'Phasellus in felis. Donec semper sapien a libero. Nam dui.\n\nProin leo odio, porttitor id, consequat in, consequat ut, nulla. Sed accumsan felis. Ut at dolor quis odio consequat varius.\n\nInteger ac leo. Pellentesque ultrices mattis odio. Donec vitae nisi.', 'data:image/png;base64,iVBORw0KGgoAAAANSUhEUgAAABAA', 78, 'NT', 218, 227, '1.4', '2021-11-24', '2021-09-17', 2, 2),
(137, 'Bread - Roll, Calabrese', 'Duis bibendum. Morbi non quam nec dui luctus rutrum. Nulla tellus.', 'data:image/png;base64,iVBORw0KGgoAAAANSUhEUgAAABAA', 53, 'NT', 297, 264, '2.5', '2021-04-20', '2021-08-24', 3, 5),
(138, 'Cheese - Ricotta', 'Curabitur gravida nisi at nibh. In hac habitasse platea dictumst. Aliquam augue quam, sollicitudin vitae, consectetuer eget, rutrum at, lorem.\n\nInteger tincidunt ante vel ipsum. Praesent blandit lacinia erat. Vestibulum sed magna at nunc commodo placerat.\n\nPraesent blandit. Nam nulla. Integer pede justo, lacinia eget, tincidunt eget, tempus vel, pede.\n\nMorbi porttitor lorem id ligula. Suspendisse ornare consequat lectus. In est risus, auctor sed, tristique in, tempus sit amet, sem.', 'data:image/png;base64,iVBORw0KGgoAAAANSUhEUgAAABAA', 77, 'NT', 177, 61, '3.5', '2021-11-19', '2021-02-18', 2, 2),
(139, 'Madeira', 'Aliquam quis turpis eget elit sodales scelerisque. Mauris sit amet eros. Suspendisse accumsan tortor quis turpis.\n\nSed ante. Vivamus tortor. Duis mattis egestas metus.\n\nAenean fermentum. Donec ut mauris eget massa tempor convallis. Nulla neque libero, convallis eget, eleifend luctus, ultricies eu, nibh.\n\nQuisque id justo sit amet sapien dignissim vestibulum. Vestibulum ante ipsum primis in faucibus orci luctus et ultrices posuere cubilia Curae; Nulla dapibus dolor vel est. Donec odio justo, sollicitudin ut, suscipit a, feugiat et, eros.', 'data:image/png;base64,iVBORw0KGgoAAAANSUhEUgAAABAA', 56, 'NT', 368, 114, '1.7', '2022-01-16', '2021-10-13', 1, 1),
(140, 'Rice Pilaf, Dry,package', 'Quisque id justo sit amet sapien dignissim vestibulum. Vestibulum ante ipsum primis in faucibus orci luctus et ultrices posuere cubilia Curae; Nulla dapibus dolor vel est. Donec odio justo, sollicitudin ut, suscipit a, feugiat et, eros.\n\nVestibulum ac est lacinia nisi venenatis tristique. Fusce congue, diam id ornare imperdiet, sapien urna pretium nisl, ut volutpat sapien arcu sed augue. Aliquam erat volutpat.\n\nIn congue. Etiam justo. Etiam pretium iaculis justo.', 'data:image/png;base64,iVBORw0KGgoAAAANSUhEUgAAABAA', 20, 'NT', 246, 206, '3.3', '2022-02-17', '2021-09-15', 3, 1),
(141, 'Pork Loin Cutlets', 'Morbi porttitor lorem id ligula. Suspendisse ornare consequat lectus. In est risus, auctor sed, tristique in, tempus sit amet, sem.', 'data:image/png;base64,iVBORw0KGgoAAAANSUhEUgAAABAA', 54, 'NT', 342, 35, '2.6', '2021-06-30', '2021-05-28', 1, 3),
(142, 'Limes', 'Cras non velit nec nisi vulputate nonummy. Maecenas tincidunt lacus at velit. Vivamus vel nulla eget eros elementum pellentesque.\n\nQuisque porta volutpat erat. Quisque erat eros, viverra eget, congue eget, semper rutrum, nulla. Nunc purus.\n\nPhasellus in felis. Donec semper sapien a libero. Nam dui.\n\nProin leo odio, porttitor id, consequat in, consequat ut, nulla. Sed accumsan felis. Ut at dolor quis odio consequat varius.', 'data:image/png;base64,iVBORw0KGgoAAAANSUhEUgAAABAA', 30, 'NT', 349, 63, '2.4', '2021-06-10', '2021-08-28', 1, 2),
(143, 'Soup - Campbells Chili Veg', 'Quisque porta volutpat erat. Quisque erat eros, viverra eget, congue eget, semper rutrum, nulla. Nunc purus.\n\nPhasellus in felis. Donec semper sapien a libero. Nam dui.\n\nProin leo odio, porttitor id, consequat in, consequat ut, nulla. Sed accumsan felis. Ut at dolor quis odio consequat varius.', 'data:image/png;base64,iVBORw0KGgoAAAANSUhEUgAAABAA', 52, 'NT', 352, 202, '5.0', '2022-03-01', '2021-10-24', 2, 2),
(144, 'Wine - Red, Pelee Island Merlot', 'Phasellus in felis. Donec semper sapien a libero. Nam dui.\n\nProin leo odio, porttitor id, consequat in, consequat ut, nulla. Sed accumsan felis. Ut at dolor quis odio consequat varius.', 'data:image/png;base64,iVBORw0KGgoAAAANSUhEUgAAABAA', 64, 'NT', 309, 150, '3.5', '2021-03-24', '2021-07-26', 1, 5),
(145, 'Pail With Metal Handle 16l White', 'Aenean lectus. Pellentesque eget nunc. Donec quis orci eget orci vehicula condimentum.\n\nCurabitur in libero ut massa volutpat convallis. Morbi odio odio, elementum eu, interdum eu, tincidunt in, leo. Maecenas pulvinar lobortis est.\n\nPhasellus sit amet erat. Nulla tempus. Vivamus in felis eu sapien cursus vestibulum.\n\nProin eu mi. Nulla ac enim. In tempor, turpis nec euismod scelerisque, quam turpis adipiscing lorem, vitae mattis nibh ligula nec sem.', 'data:image/png;base64,iVBORw0KGgoAAAANSUhEUgAAABAA', 61, 'NT', 297, 141, '3.2', '2021-06-11', '2021-05-29', 5, 2),
(146, 'Snapple - Iced Tea Peach', 'Praesent id massa id nisl venenatis lacinia. Aenean sit amet justo. Morbi ut odio.\n\nCras mi pede, malesuada in, imperdiet et, commodo vulputate, justo. In blandit ultrices enim. Lorem ipsum dolor sit amet, consectetuer adipiscing elit.\n\nProin interdum mauris non ligula pellentesque ultrices. Phasellus id sapien in sapien iaculis congue. Vivamus metus arcu, adipiscing molestie, hendrerit at, vulputate vitae, nisl.\n\nAenean lectus. Pellentesque eget nunc. Donec quis orci eget orci vehicula condimentum.', 'data:image/png;base64,iVBORw0KGgoAAAANSUhEUgAAABAA', 26, 'NT', 261, 98, '2.7', '2021-02-19', '2021-07-11', 4, 4),
(147, 'Wine - Segura Viudas Aria Brut', 'Nullam sit amet turpis elementum ligula vehicula consequat. Morbi a ipsum. Integer a nibh.\n\nIn quis justo. Maecenas rhoncus aliquam lacus. Morbi quis tortor id nulla ultrices aliquet.\n\nMaecenas leo odio, condimentum id, luctus nec, molestie sed, justo. Pellentesque viverra pede ac diam. Cras pellentesque volutpat dui.\n\nMaecenas tristique, est et tempus semper, est quam pharetra magna, ac consequat metus sapien ut nunc. Vestibulum ante ipsum primis in faucibus orci luctus et ultrices posuere cubilia Curae; Mauris viverra diam vitae quam. Suspendisse potenti.', 'data:image/png;base64,iVBORw0KGgoAAAANSUhEUgAAABAA', 25, 'NT', 127, 82, '2.6', '2021-08-31', '2021-05-03', 3, 6),
(148, 'Spice - Pepper Portions', 'Vestibulum quam sapien, varius ut, blandit non, interdum in, ante. Vestibulum ante ipsum primis in faucibus orci luctus et ultrices posuere cubilia Curae; Duis faucibus accumsan odio. Curabitur convallis.\n\nDuis consequat dui nec nisi volutpat eleifend. Donec ut dolor. Morbi vel lectus in quam fringilla rhoncus.\n\nMauris enim leo, rhoncus sed, vestibulum sit amet, cursus id, turpis. Integer aliquet, massa id lobortis convallis, tortor risus dapibus augue, vel accumsan tellus nisi eu orci. Mauris lacinia sapien quis libero.\n\nNullam sit amet turpis elementum ligula vehicula consequat. Morbi a ipsum. Integer a nibh.', 'data:image/png;base64,iVBORw0KGgoAAAANSUhEUgAAABAA', 69, 'NT', 171, 65, '3.7', '2021-08-05', '2021-06-07', 5, 4),
(149, 'Bacardi Raspberry', 'Donec diam neque, vestibulum eget, vulputate ut, ultrices vel, augue. Vestibulum ante ipsum primis in faucibus orci luctus et ultrices posuere cubilia Curae; Donec pharetra, magna vestibulum aliquet ultrices, erat tortor sollicitudin mi, sit amet lobortis sapien sapien non mi. Integer ac neque.\n\nDuis bibendum. Morbi non quam nec dui luctus rutrum. Nulla tellus.\n\nIn sagittis dui vel nisl. Duis ac nibh. Fusce lacus purus, aliquet at, feugiat non, pretium quis, lectus.', 'data:image/png;base64,iVBORw0KGgoAAAANSUhEUgAAABAA', 35, 'NT', 378, 168, '3.1', '2021-11-10', '2021-11-07', 3, 2),
(150, 'Sugar Thermometer', 'Curabitur at ipsum ac tellus semper interdum. Mauris ullamcorper purus sit amet nulla. Quisque arcu libero, rutrum ac, lobortis vel, dapibus at, diam.', 'data:image/png;base64,iVBORw0KGgoAAAANSUhEUgAAABAA', 24, 'NT', 189, 229, '0.6', '2021-04-07', '2021-02-28', 2, 3),
(151, 'Lid - 16 Oz And 32 Oz', 'Fusce consequat. Nulla nisl. Nunc nisl.', 'data:image/png;base64,iVBORw0KGgoAAAANSUhEUgAAABAA', 62, 'NT', 356, 142, '2.0', '2021-03-28', '2021-05-04', 2, 4),
(152, 'Pomello', 'In sagittis dui vel nisl. Duis ac nibh. Fusce lacus purus, aliquet at, feugiat non, pretium quis, lectus.\n\nSuspendisse potenti. In eleifend quam a odio. In hac habitasse platea dictumst.', 'data:image/png;base64,iVBORw0KGgoAAAANSUhEUgAAABAA', 40, 'NT', 168, 161, '0.7', '2021-10-29', '2021-04-27', 5, 4),
(153, 'Sour Puss Sour Apple', 'Cum sociis natoque penatibus et magnis dis parturient montes, nascetur ridiculus mus. Vivamus vestibulum sagittis sapien. Cum sociis natoque penatibus et magnis dis parturient montes, nascetur ridiculus mus.\n\nEtiam vel augue. Vestibulum rutrum rutrum neque. Aenean auctor gravida sem.\n\nPraesent id massa id nisl venenatis lacinia. Aenean sit amet justo. Morbi ut odio.', 'data:image/png;base64,iVBORw0KGgoAAAANSUhEUgAAABAA', 24, 'NT', 519, 132, '3.0', '2021-11-29', '2021-12-03', 3, 4),
(154, 'Wine - Sawmill Creek Autumn', 'Vestibulum ac est lacinia nisi venenatis tristique. Fusce congue, diam id ornare imperdiet, sapien urna pretium nisl, ut volutpat sapien arcu sed augue. Aliquam erat volutpat.\n\nIn congue. Etiam justo. Etiam pretium iaculis justo.\n\nIn hac habitasse platea dictumst. Etiam faucibus cursus urna. Ut tellus.', 'data:image/png;base64,iVBORw0KGgoAAAANSUhEUgAAABAA', 66, 'NT', 484, 47, '4.0', '2021-07-06', '2021-12-30', 1, 1),
(155, 'Onions - Dried, Chopped', 'In sagittis dui vel nisl. Duis ac nibh. Fusce lacus purus, aliquet at, feugiat non, pretium quis, lectus.', 'data:image/png;base64,iVBORw0KGgoAAAANSUhEUgAAABAA', 69, 'NT', 313, 122, '3.7', '2021-03-01', '2021-03-13', 1, 4),
(156, 'Wine - Montecillo Rioja Crianza', 'Fusce posuere felis sed lacus. Morbi sem mauris, laoreet ut, rhoncus aliquet, pulvinar sed, nisl. Nunc rhoncus dui vel sem.\n\nSed sagittis. Nam congue, risus semper porta volutpat, quam pede lobortis ligula, sit amet eleifend pede libero quis orci. Nullam molestie nibh in lectus.', 'data:image/png;base64,iVBORw0KGgoAAAANSUhEUgAAABAA', 22, 'NT', 499, 161, '2.5', '2021-04-23', '2021-02-17', 1, 4),
(157, 'Cheese - Ricotta', 'Proin eu mi. Nulla ac enim. In tempor, turpis nec euismod scelerisque, quam turpis adipiscing lorem, vitae mattis nibh ligula nec sem.\n\nDuis aliquam convallis nunc. Proin at turpis a pede posuere nonummy. Integer non velit.\n\nDonec diam neque, vestibulum eget, vulputate ut, ultrices vel, augue. Vestibulum ante ipsum primis in faucibus orci luctus et ultrices posuere cubilia Curae; Donec pharetra, magna vestibulum aliquet ultrices, erat tortor sollicitudin mi, sit amet lobortis sapien sapien non mi. Integer ac neque.', 'data:image/png;base64,iVBORw0KGgoAAAANSUhEUgAAABAA', 56, 'NT', 409, 39, '3.9', '2021-11-23', '2021-12-16', 2, 4),
(158, 'Pasta - Penne, Lisce, Dry', 'In hac habitasse platea dictumst. Morbi vestibulum, velit id pretium iaculis, diam erat fermentum justo, nec condimentum neque sapien placerat ante. Nulla justo.', 'data:image/png;base64,iVBORw0KGgoAAAANSUhEUgAAABAA', 21, 'NT', 160, 216, '2.3', '2021-10-25', '2021-07-11', 2, 4),
(159, 'Lid - 10,12,16 Oz', 'Proin eu mi. Nulla ac enim. In tempor, turpis nec euismod scelerisque, quam turpis adipiscing lorem, vitae mattis nibh ligula nec sem.\n\nDuis aliquam convallis nunc. Proin at turpis a pede posuere nonummy. Integer non velit.\n\nDonec diam neque, vestibulum eget, vulputate ut, ultrices vel, augue. Vestibulum ante ipsum primis in faucibus orci luctus et ultrices posuere cubilia Curae; Donec pharetra, magna vestibulum aliquet ultrices, erat tortor sollicitudin mi, sit amet lobortis sapien sapien non mi. Integer ac neque.\n\nDuis bibendum. Morbi non quam nec dui luctus rutrum. Nulla tellus.', 'data:image/png;base64,iVBORw0KGgoAAAANSUhEUgAAABAA', 76, 'NT', 470, 264, '2.1', '2022-02-07', '2021-02-20', 4, 1),
(160, 'Trout - Smoked', 'Fusce consequat. Nulla nisl. Nunc nisl.', 'data:image/png;base64,iVBORw0KGgoAAAANSUhEUgAAABAA', 33, 'NT', 118, 45, '2.0', '2021-05-05', '2021-06-02', 5, 3),
(161, 'Taro Root', 'Maecenas ut massa quis augue luctus tincidunt. Nulla mollis molestie lorem. Quisque ut erat.\n\nCurabitur gravida nisi at nibh. In hac habitasse platea dictumst. Aliquam augue quam, sollicitudin vitae, consectetuer eget, rutrum at, lorem.', 'data:image/png;base64,iVBORw0KGgoAAAANSUhEUgAAABAA', 36, 'NT', 407, 148, '0.6', '2022-03-07', '2022-01-02', 4, 2),
(162, 'Wine - Red, Marechal Foch', 'Pellentesque at nulla. Suspendisse potenti. Cras in purus eu magna vulputate luctus.\n\nCum sociis natoque penatibus et magnis dis parturient montes, nascetur ridiculus mus. Vivamus vestibulum sagittis sapien. Cum sociis natoque penatibus et magnis dis parturient montes, nascetur ridiculus mus.', 'data:image/png;base64,iVBORw0KGgoAAAANSUhEUgAAABAA', 24, 'NT', 49, 185, '2.2', '2022-02-12', '2022-02-06', 1, 4),
(163, 'Mint - Fresh', 'Maecenas ut massa quis augue luctus tincidunt. Nulla mollis molestie lorem. Quisque ut erat.', 'data:image/png;base64,iVBORw0KGgoAAAANSUhEUgAAABAA', 58, 'NT', 355, 227, '3.7', '2021-10-08', '2021-02-21', 3, 4),
(164, 'Peas - Frozen', 'Cras non velit nec nisi vulputate nonummy. Maecenas tincidunt lacus at velit. Vivamus vel nulla eget eros elementum pellentesque.\n\nQuisque porta volutpat erat. Quisque erat eros, viverra eget, congue eget, semper rutrum, nulla. Nunc purus.', 'data:image/png;base64,iVBORw0KGgoAAAANSUhEUgAAABAA', 33, 'NT', 488, 105, '4.6', '2021-08-31', '2021-06-25', 4, 5),
(165, 'Beer - Camerons Auburn', 'Curabitur gravida nisi at nibh. In hac habitasse platea dictumst. Aliquam augue quam, sollicitudin vitae, consectetuer eget, rutrum at, lorem.\n\nInteger tincidunt ante vel ipsum. Praesent blandit lacinia erat. Vestibulum sed magna at nunc commodo placerat.\n\nPraesent blandit. Nam nulla. Integer pede justo, lacinia eget, tincidunt eget, tempus vel, pede.', 'data:image/png;base64,iVBORw0KGgoAAAANSUhEUgAAABAA', 24, 'NT', 411, 95, '3.2', '2021-06-01', '2022-01-31', 2, 5),
(166, 'Table Cloth 62x114 White', 'Integer tincidunt ante vel ipsum. Praesent blandit lacinia erat. Vestibulum sed magna at nunc commodo placerat.', 'data:image/png;base64,iVBORw0KGgoAAAANSUhEUgAAABAA', 72, 'NT', 516, 163, '1.7', '2021-11-28', '2021-03-07', 2, 6),
(167, 'Chips - Assorted', 'Suspendisse potenti. In eleifend quam a odio. In hac habitasse platea dictumst.\n\nMaecenas ut massa quis augue luctus tincidunt. Nulla mollis molestie lorem. Quisque ut erat.\n\nCurabitur gravida nisi at nibh. In hac habitasse platea dictumst. Aliquam augue quam, sollicitudin vitae, consectetuer eget, rutrum at, lorem.\n\nInteger tincidunt ante vel ipsum. Praesent blandit lacinia erat. Vestibulum sed magna at nunc commodo placerat.', 'data:image/png;base64,iVBORw0KGgoAAAANSUhEUgAAABAA', 55, 'NT', 325, 67, '4.3', '2021-08-06', '2022-01-05', 5, 1),
(168, 'Apple - Royal Gala', 'Lorem ipsum dolor sit amet, consectetuer adipiscing elit. Proin risus. Praesent lectus.\n\nVestibulum quam sapien, varius ut, blandit non, interdum in, ante. Vestibulum ante ipsum primis in faucibus orci luctus et ultrices posuere cubilia Curae; Duis faucibus accumsan odio. Curabitur convallis.\n\nDuis consequat dui nec nisi volutpat eleifend. Donec ut dolor. Morbi vel lectus in quam fringilla rhoncus.', 'data:image/png;base64,iVBORw0KGgoAAAANSUhEUgAAABAA', 22, 'NT', 201, 151, '3.1', '2021-05-13', '2021-06-10', 4, 4),
(169, 'Heavy Duty Dust Pan', 'Phasellus in felis. Donec semper sapien a libero. Nam dui.\n\nProin leo odio, porttitor id, consequat in, consequat ut, nulla. Sed accumsan felis. Ut at dolor quis odio consequat varius.\n\nInteger ac leo. Pellentesque ultrices mattis odio. Donec vitae nisi.', 'data:image/png;base64,iVBORw0KGgoAAAANSUhEUgAAABAA', 19, 'NT', 232, 218, '1.6', '2021-05-15', '2021-10-08', 3, 1),
(170, 'Vinegar - Rice', 'Aenean lectus. Pellentesque eget nunc. Donec quis orci eget orci vehicula condimentum.\n\nCurabitur in libero ut massa volutpat convallis. Morbi odio odio, elementum eu, interdum eu, tincidunt in, leo. Maecenas pulvinar lobortis est.\n\nPhasellus sit amet erat. Nulla tempus. Vivamus in felis eu sapien cursus vestibulum.\n\nProin eu mi. Nulla ac enim. In tempor, turpis nec euismod scelerisque, quam turpis adipiscing lorem, vitae mattis nibh ligula nec sem.', 'data:image/png;base64,iVBORw0KGgoAAAANSUhEUgAAABAA', 37, 'NT', 511, 157, '4.0', '2021-05-20', '2022-01-15', 3, 1),
(171, 'Longos - Chicken Caeser Salad', 'Sed sagittis. Nam congue, risus semper porta volutpat, quam pede lobortis ligula, sit amet eleifend pede libero quis orci. Nullam molestie nibh in lectus.\n\nPellentesque at nulla. Suspendisse potenti. Cras in purus eu magna vulputate luctus.\n\nCum sociis natoque penatibus et magnis dis parturient montes, nascetur ridiculus mus. Vivamus vestibulum sagittis sapien. Cum sociis natoque penatibus et magnis dis parturient montes, nascetur ridiculus mus.', 'data:image/png;base64,iVBORw0KGgoAAAANSUhEUgAAABAA', 31, 'NT', 99, 185, '2.8', '2021-11-09', '2022-01-21', 1, 5),
(172, 'Wine - White, Cooking', 'Maecenas tristique, est et tempus semper, est quam pharetra magna, ac consequat metus sapien ut nunc. Vestibulum ante ipsum primis in faucibus orci luctus et ultrices posuere cubilia Curae; Mauris viverra diam vitae quam. Suspendisse potenti.', 'data:image/png;base64,iVBORw0KGgoAAAANSUhEUgAAABAA', 51, 'NT', 478, 203, '3.6', '2021-10-12', '2021-09-23', 4, 4),
(173, 'Neckerchief Blck', 'Duis consequat dui nec nisi volutpat eleifend. Donec ut dolor. Morbi vel lectus in quam fringilla rhoncus.', 'data:image/png;base64,iVBORw0KGgoAAAANSUhEUgAAABAA', 62, 'NT', 80, 187, '0.7', '2021-05-24', '2021-09-17', 5, 1),
(174, 'Chocolate - Liqueur Cups With Foil', 'Proin leo odio, porttitor id, consequat in, consequat ut, nulla. Sed accumsan felis. Ut at dolor quis odio consequat varius.\n\nInteger ac leo. Pellentesque ultrices mattis odio. Donec vitae nisi.\n\nNam ultrices, libero non mattis pulvinar, nulla pede ullamcorper augue, a suscipit nulla elit ac nulla. Sed vel enim sit amet nunc viverra dapibus. Nulla suscipit ligula in lacus.', 'data:image/png;base64,iVBORw0KGgoAAAANSUhEUgAAABAA', 51, 'NT', 303, 163, '1.6', '2021-12-30', '2021-12-14', 2, 2),
(175, 'Bananas', 'Cras mi pede, malesuada in, imperdiet et, commodo vulputate, justo. In blandit ultrices enim. Lorem ipsum dolor sit amet, consectetuer adipiscing elit.', 'data:image/png;base64,iVBORw0KGgoAAAANSUhEUgAAABAA', 33, 'NT', 371, 125, '2.6', '2021-11-21', '2021-09-05', 1, 2),
(176, 'Gatorade - Lemon Lime', 'Sed sagittis. Nam congue, risus semper porta volutpat, quam pede lobortis ligula, sit amet eleifend pede libero quis orci. Nullam molestie nibh in lectus.\n\nPellentesque at nulla. Suspendisse potenti. Cras in purus eu magna vulputate luctus.\n\nCum sociis natoque penatibus et magnis dis parturient montes, nascetur ridiculus mus. Vivamus vestibulum sagittis sapien. Cum sociis natoque penatibus et magnis dis parturient montes, nascetur ridiculus mus.', 'data:image/png;base64,iVBORw0KGgoAAAANSUhEUgAAABAA', 71, 'NT', 350, 245, '1.2', '2021-09-18', '2021-06-13', 4, 4),
(177, 'Smoked Tongue', 'Nullam porttitor lacus at turpis. Donec posuere metus vitae ipsum. Aliquam non mauris.\n\nMorbi non lectus. Aliquam sit amet diam in magna bibendum imperdiet. Nullam orci pede, venenatis non, sodales sed, tincidunt eu, felis.\n\nFusce posuere felis sed lacus. Morbi sem mauris, laoreet ut, rhoncus aliquet, pulvinar sed, nisl. Nunc rhoncus dui vel sem.', 'data:image/png;base64,iVBORw0KGgoAAAANSUhEUgAAABAA', 52, 'NT', 294, 201, '1.4', '2021-03-06', '2021-08-21', 4, 3),
(178, 'Veal - Round, Eye Of', 'Maecenas ut massa quis augue luctus tincidunt. Nulla mollis molestie lorem. Quisque ut erat.\n\nCurabitur gravida nisi at nibh. In hac habitasse platea dictumst. Aliquam augue quam, sollicitudin vitae, consectetuer eget, rutrum at, lorem.', 'data:image/png;base64,iVBORw0KGgoAAAANSUhEUgAAABAA', 52, 'NT', 304, 225, '0.8', '2021-03-05', '2021-07-27', 4, 6),
(179, 'Wine - White, Cooking', 'Phasellus in felis. Donec semper sapien a libero. Nam dui.\n\nProin leo odio, porttitor id, consequat in, consequat ut, nulla. Sed accumsan felis. Ut at dolor quis odio consequat varius.', 'data:image/png;base64,iVBORw0KGgoAAAANSUhEUgAAABAA', 33, 'NT', 342, 161, '3.4', '2022-02-04', '2021-09-29', 5, 2),
(180, 'Shiratamako - Rice Flour', 'Duis consequat dui nec nisi volutpat eleifend. Donec ut dolor. Morbi vel lectus in quam fringilla rhoncus.\n\nMauris enim leo, rhoncus sed, vestibulum sit amet, cursus id, turpis. Integer aliquet, massa id lobortis convallis, tortor risus dapibus augue, vel accumsan tellus nisi eu orci. Mauris lacinia sapien quis libero.', 'data:image/png;base64,iVBORw0KGgoAAAANSUhEUgAAABAA', 60, 'NT', 61, 42, '2.8', '2022-03-07', '2021-07-09', 5, 6),
(181, 'Sausage - Blood Pudding', 'Pellentesque at nulla. Suspendisse potenti. Cras in purus eu magna vulputate luctus.', 'data:image/png;base64,iVBORw0KGgoAAAANSUhEUgAAABAA', 75, 'NT', 439, 148, '2.8', '2021-08-28', '2021-10-23', 2, 4),
(182, 'Cranberries - Fresh', 'Integer ac leo. Pellentesque ultrices mattis odio. Donec vitae nisi.\n\nNam ultrices, libero non mattis pulvinar, nulla pede ullamcorper augue, a suscipit nulla elit ac nulla. Sed vel enim sit amet nunc viverra dapibus. Nulla suscipit ligula in lacus.\n\nCurabitur at ipsum ac tellus semper interdum. Mauris ullamcorper purus sit amet nulla. Quisque arcu libero, rutrum ac, lobortis vel, dapibus at, diam.', 'data:image/png;base64,iVBORw0KGgoAAAANSUhEUgAAABAA', 57, 'NT', 285, 56, '2.7', '2021-07-19', '2021-02-20', 2, 6),
(183, 'Yogurt - Plain', 'Cum sociis natoque penatibus et magnis dis parturient montes, nascetur ridiculus mus. Vivamus vestibulum sagittis sapien. Cum sociis natoque penatibus et magnis dis parturient montes, nascetur ridiculus mus.\n\nEtiam vel augue. Vestibulum rutrum rutrum neque. Aenean auctor gravida sem.\n\nPraesent id massa id nisl venenatis lacinia. Aenean sit amet justo. Morbi ut odio.\n\nCras mi pede, malesuada in, imperdiet et, commodo vulputate, justo. In blandit ultrices enim. Lorem ipsum dolor sit amet, consectetuer adipiscing elit.', 'data:image/png;base64,iVBORw0KGgoAAAANSUhEUgAAABAA', 30, 'NT', 476, 204, '4.9', '2021-04-30', '2021-06-21', 3, 2),
(184, 'Beef - Ground Lean Fresh', 'Quisque id justo sit amet sapien dignissim vestibulum. Vestibulum ante ipsum primis in faucibus orci luctus et ultrices posuere cubilia Curae; Nulla dapibus dolor vel est. Donec odio justo, sollicitudin ut, suscipit a, feugiat et, eros.', 'data:image/png;base64,iVBORw0KGgoAAAANSUhEUgAAABAA', 26, 'NT', 338, 215, '1.0', '2021-06-06', '2021-05-28', 4, 6),
(185, 'Appetizer - Sausage Rolls', 'Proin interdum mauris non ligula pellentesque ultrices. Phasellus id sapien in sapien iaculis congue. Vivamus metus arcu, adipiscing molestie, hendrerit at, vulputate vitae, nisl.\n\nAenean lectus. Pellentesque eget nunc. Donec quis orci eget orci vehicula condimentum.', 'data:image/png;base64,iVBORw0KGgoAAAANSUhEUgAAABAA', 42, 'NT', 373, 174, '4.4', '2021-04-20', '2021-07-19', 1, 5),
(186, 'Rosemary - Fresh', 'Fusce consequat. Nulla nisl. Nunc nisl.\n\nDuis bibendum, felis sed interdum venenatis, turpis enim blandit mi, in porttitor pede justo eu massa. Donec dapibus. Duis at velit eu est congue elementum.\n\nIn hac habitasse platea dictumst. Morbi vestibulum, velit id pretium iaculis, diam erat fermentum justo, nec condimentum neque sapien placerat ante. Nulla justo.', 'data:image/png;base64,iVBORw0KGgoAAAANSUhEUgAAABAA', 79, 'NT', 299, 47, '4.0', '2022-01-26', '2021-06-20', 2, 3),
(187, 'Croissant, Raw - Mini', 'Pellentesque at nulla. Suspendisse potenti. Cras in purus eu magna vulputate luctus.\n\nCum sociis natoque penatibus et magnis dis parturient montes, nascetur ridiculus mus. Vivamus vestibulum sagittis sapien. Cum sociis natoque penatibus et magnis dis parturient montes, nascetur ridiculus mus.', 'data:image/png;base64,iVBORw0KGgoAAAANSUhEUgAAABAA', 75, 'NT', 64, 200, '0.7', '2021-05-11', '2021-10-02', 4, 4),
(188, 'Napkin White', 'Mauris enim leo, rhoncus sed, vestibulum sit amet, cursus id, turpis. Integer aliquet, massa id lobortis convallis, tortor risus dapibus augue, vel accumsan tellus nisi eu orci. Mauris lacinia sapien quis libero.\n\nNullam sit amet turpis elementum ligula vehicula consequat. Morbi a ipsum. Integer a nibh.\n\nIn quis justo. Maecenas rhoncus aliquam lacus. Morbi quis tortor id nulla ultrices aliquet.\n\nMaecenas leo odio, condimentum id, luctus nec, molestie sed, justo. Pellentesque viverra pede ac diam. Cras pellentesque volutpat dui.', 'data:image/png;base64,iVBORw0KGgoAAAANSUhEUgAAABAA', 68, 'NT', 231, 143, '1.4', '2021-03-07', '2021-10-07', 4, 5),
(189, 'Roe - Lump Fish, Black', 'Aenean fermentum. Donec ut mauris eget massa tempor convallis. Nulla neque libero, convallis eget, eleifend luctus, ultricies eu, nibh.', 'data:image/png;base64,iVBORw0KGgoAAAANSUhEUgAAABAA', 53, 'NT', 314, 105, '3.0', '2021-03-10', '2021-10-20', 1, 4),
(190, 'Bread Ww Cluster', 'Proin leo odio, porttitor id, consequat in, consequat ut, nulla. Sed accumsan felis. Ut at dolor quis odio consequat varius.\n\nInteger ac leo. Pellentesque ultrices mattis odio. Donec vitae nisi.', 'data:image/png;base64,iVBORw0KGgoAAAANSUhEUgAAABAA', 49, 'NT', 162, 74, '3.9', '2021-03-21', '2021-11-26', 3, 2),
(191, 'Wine - Fume Blanc Fetzer', 'In hac habitasse platea dictumst. Morbi vestibulum, velit id pretium iaculis, diam erat fermentum justo, nec condimentum neque sapien placerat ante. Nulla justo.\n\nAliquam quis turpis eget elit sodales scelerisque. Mauris sit amet eros. Suspendisse accumsan tortor quis turpis.\n\nSed ante. Vivamus tortor. Duis mattis egestas metus.\n\nAenean fermentum. Donec ut mauris eget massa tempor convallis. Nulla neque libero, convallis eget, eleifend luctus, ultricies eu, nibh.', 'data:image/png;base64,iVBORw0KGgoAAAANSUhEUgAAABAA', 22, 'NT', 400, 139, '2.0', '2021-07-20', '2021-08-11', 1, 5),
(192, 'Lid - 10,12,16 Oz', 'Fusce consequat. Nulla nisl. Nunc nisl.', 'data:image/png;base64,iVBORw0KGgoAAAANSUhEUgAAABAA', 53, 'NT', 183, 64, '2.5', '2021-11-19', '2021-11-06', 1, 2),
(193, 'Sprite - 355 Ml', 'Quisque id justo sit amet sapien dignissim vestibulum. Vestibulum ante ipsum primis in faucibus orci luctus et ultrices posuere cubilia Curae; Nulla dapibus dolor vel est. Donec odio justo, sollicitudin ut, suscipit a, feugiat et, eros.\n\nVestibulum ac est lacinia nisi venenatis tristique. Fusce congue, diam id ornare imperdiet, sapien urna pretium nisl, ut volutpat sapien arcu sed augue. Aliquam erat volutpat.\n\nIn congue. Etiam justo. Etiam pretium iaculis justo.\n\nIn hac habitasse platea dictumst. Etiam faucibus cursus urna. Ut tellus.', 'data:image/png;base64,iVBORw0KGgoAAAANSUhEUgAAABAA', 21, 'NT', 158, 178, '3.8', '2021-07-30', '2021-07-25', 1, 6),
(194, 'Onions - Dried, Chopped', 'Praesent id massa id nisl venenatis lacinia. Aenean sit amet justo. Morbi ut odio.\n\nCras mi pede, malesuada in, imperdiet et, commodo vulputate, justo. In blandit ultrices enim. Lorem ipsum dolor sit amet, consectetuer adipiscing elit.', 'data:image/png;base64,iVBORw0KGgoAAAANSUhEUgAAABAA', 30, 'NT', 121, 184, '1.5', '2021-11-12', '2022-01-20', 3, 6),
(195, 'Quail - Jumbo Boneless', 'Quisque porta volutpat erat. Quisque erat eros, viverra eget, congue eget, semper rutrum, nulla. Nunc purus.\n\nPhasellus in felis. Donec semper sapien a libero. Nam dui.', 'data:image/png;base64,iVBORw0KGgoAAAANSUhEUgAAABAA', 42, 'NT', 311, 68, '3.5', '2022-03-07', '2021-11-30', 3, 5),
(196, 'Bread - Burger', 'In hac habitasse platea dictumst. Etiam faucibus cursus urna. Ut tellus.', 'data:image/png;base64,iVBORw0KGgoAAAANSUhEUgAAABAA', 28, 'NT', 284, 59, '0.9', '2021-08-10', '2021-09-21', 2, 2),
(197, 'Wine - Niagara,vqa Reisling', 'Fusce consequat. Nulla nisl. Nunc nisl.\n\nDuis bibendum, felis sed interdum venenatis, turpis enim blandit mi, in porttitor pede justo eu massa. Donec dapibus. Duis at velit eu est congue elementum.\n\nIn hac habitasse platea dictumst. Morbi vestibulum, velit id pretium iaculis, diam erat fermentum justo, nec condimentum neque sapien placerat ante. Nulla justo.\n\nAliquam quis turpis eget elit sodales scelerisque. Mauris sit amet eros. Suspendisse accumsan tortor quis turpis.', 'data:image/png;base64,iVBORw0KGgoAAAANSUhEUgAAABAA', 58, 'NT', 491, 56, '1.6', '2022-01-27', '2021-08-07', 1, 1),
(198, 'Chicken - Thigh, Bone In', 'Praesent blandit. Nam nulla. Integer pede justo, lacinia eget, tincidunt eget, tempus vel, pede.\n\nMorbi porttitor lorem id ligula. Suspendisse ornare consequat lectus. In est risus, auctor sed, tristique in, tempus sit amet, sem.\n\nFusce consequat. Nulla nisl. Nunc nisl.\n\nDuis bibendum, felis sed interdum venenatis, turpis enim blandit mi, in porttitor pede justo eu massa. Donec dapibus. Duis at velit eu est congue elementum.', 'data:image/png;base64,iVBORw0KGgoAAAANSUhEUgAAABAA', 36, 'NT', 437, 194, '1.9', '2021-07-18', '2022-01-04', 1, 3),
(199, 'Coriander - Ground', 'Curabitur in libero ut massa volutpat convallis. Morbi odio odio, elementum eu, interdum eu, tincidunt in, leo. Maecenas pulvinar lobortis est.\n\nPhasellus sit amet erat. Nulla tempus. Vivamus in felis eu sapien cursus vestibulum.\n\nProin eu mi. Nulla ac enim. In tempor, turpis nec euismod scelerisque, quam turpis adipiscing lorem, vitae mattis nibh ligula nec sem.\n\nDuis aliquam convallis nunc. Proin at turpis a pede posuere nonummy. Integer non velit.', 'data:image/png;base64,iVBORw0KGgoAAAANSUhEUgAAABAA', 62, 'NT', 150, 214, '4.9', '2021-08-29', '2022-01-01', 2, 1),
(200, 'Cheese - La Sauvagine', 'Praesent id massa id nisl venenatis lacinia. Aenean sit amet justo. Morbi ut odio.', 'data:image/png;base64,iVBORw0KGgoAAAANSUhEUgAAABAA', 78, 'NT', 507, 260, '2.0', '2021-10-24', '2021-11-29', 5, 3),
(201, 'Bread Base - Gold Formel', 'Proin eu mi. Nulla ac enim. In tempor, turpis nec euismod scelerisque, quam turpis adipiscing lorem, vitae mattis nibh ligula nec sem.', 'data:image/png;base64,iVBORw0KGgoAAAANSUhEUgAAABAA', 39, 'NT', 398, 143, '3.5', '2021-07-22', '2021-10-10', 1, 4),
(202, 'Cookie Chocolate Chip With', 'Donec diam neque, vestibulum eget, vulputate ut, ultrices vel, augue. Vestibulum ante ipsum primis in faucibus orci luctus et ultrices posuere cubilia Curae; Donec pharetra, magna vestibulum aliquet ultrices, erat tortor sollicitudin mi, sit amet lobortis sapien sapien non mi. Integer ac neque.\n\nDuis bibendum. Morbi non quam nec dui luctus rutrum. Nulla tellus.\n\nIn sagittis dui vel nisl. Duis ac nibh. Fusce lacus purus, aliquet at, feugiat non, pretium quis, lectus.', 'data:image/png;base64,iVBORw0KGgoAAAANSUhEUgAAABAA', 24, 'NT', 398, 153, '2.2', '2021-12-09', '2022-01-11', 3, 5),
(203, 'Potatoes - Idaho 100 Count', 'In congue. Etiam justo. Etiam pretium iaculis justo.\n\nIn hac habitasse platea dictumst. Etiam faucibus cursus urna. Ut tellus.\n\nNulla ut erat id mauris vulputate elementum. Nullam varius. Nulla facilisi.', 'data:image/png;base64,iVBORw0KGgoAAAANSUhEUgAAABAA', 59, 'NT', 234, 39, '0.7', '2022-02-08', '2021-12-04', 5, 2),
(204, 'Waffle Stix', 'Curabitur gravida nisi at nibh. In hac habitasse platea dictumst. Aliquam augue quam, sollicitudin vitae, consectetuer eget, rutrum at, lorem.', 'data:image/png;base64,iVBORw0KGgoAAAANSUhEUgAAABAA', 73, 'NT', 211, 137, '3.2', '2021-04-01', '2022-01-29', 2, 4),
(205, 'Mushroom - White Button', 'Etiam vel augue. Vestibulum rutrum rutrum neque. Aenean auctor gravida sem.\n\nPraesent id massa id nisl venenatis lacinia. Aenean sit amet justo. Morbi ut odio.', 'data:image/png;base64,iVBORw0KGgoAAAANSUhEUgAAABAA', 44, 'NT', 494, 229, '1.0', '2021-05-03', '2021-02-28', 2, 5),
(206, 'Potatoes - Idaho 80 Count', 'Duis consequat dui nec nisi volutpat eleifend. Donec ut dolor. Morbi vel lectus in quam fringilla rhoncus.\n\nMauris enim leo, rhoncus sed, vestibulum sit amet, cursus id, turpis. Integer aliquet, massa id lobortis convallis, tortor risus dapibus augue, vel accumsan tellus nisi eu orci. Mauris lacinia sapien quis libero.\n\nNullam sit amet turpis elementum ligula vehicula consequat. Morbi a ipsum. Integer a nibh.\n\nIn quis justo. Maecenas rhoncus aliquam lacus. Morbi quis tortor id nulla ultrices aliquet.', 'data:image/png;base64,iVBORw0KGgoAAAANSUhEUgAAABAA', 39, 'NT', 245, 179, '2.2', '2021-09-14', '2021-03-08', 1, 5),
(207, 'Tea - Decaf Lipton', 'Phasellus in felis. Donec semper sapien a libero. Nam dui.', 'data:image/png;base64,iVBORw0KGgoAAAANSUhEUgAAABAA', 66, 'NT', 198, 234, '2.6', '2021-03-19', '2021-12-20', 3, 3),
(208, 'Ham - Cooked Bayonne Tinned', 'Duis aliquam convallis nunc. Proin at turpis a pede posuere nonummy. Integer non velit.', 'data:image/png;base64,iVBORw0KGgoAAAANSUhEUgAAABAA', 33, 'NT', 44, 130, '4.9', '2022-01-04', '2021-09-16', 1, 2),
(209, 'Canada Dry', 'Vestibulum ac est lacinia nisi venenatis tristique. Fusce congue, diam id ornare imperdiet, sapien urna pretium nisl, ut volutpat sapien arcu sed augue. Aliquam erat volutpat.\n\nIn congue. Etiam justo. Etiam pretium iaculis justo.', 'data:image/png;base64,iVBORw0KGgoAAAANSUhEUgAAABAA', 69, 'NT', 409, 204, '0.7', '2021-05-07', '2021-03-01', 4, 6),
(210, 'Rabbit - Legs', 'Donec diam neque, vestibulum eget, vulputate ut, ultrices vel, augue. Vestibulum ante ipsum primis in faucibus orci luctus et ultrices posuere cubilia Curae; Donec pharetra, magna vestibulum aliquet ultrices, erat tortor sollicitudin mi, sit amet lobortis sapien sapien non mi. Integer ac neque.\n\nDuis bibendum. Morbi non quam nec dui luctus rutrum. Nulla tellus.', 'data:image/png;base64,iVBORw0KGgoAAAANSUhEUgAAABAA', 24, 'NT', 332, 187, '4.4', '2021-06-06', '2021-08-19', 1, 6),
(211, 'Coffee - Almond Amaretto', 'Lorem ipsum dolor sit amet, consectetuer adipiscing elit. Proin risus. Praesent lectus.\n\nVestibulum quam sapien, varius ut, blandit non, interdum in, ante. Vestibulum ante ipsum primis in faucibus orci luctus et ultrices posuere cubilia Curae; Duis faucibus accumsan odio. Curabitur convallis.\n\nDuis consequat dui nec nisi volutpat eleifend. Donec ut dolor. Morbi vel lectus in quam fringilla rhoncus.', 'data:image/png;base64,iVBORw0KGgoAAAANSUhEUgAAABAA', 59, 'NT', 357, 178, '2.9', '2021-07-12', '2021-12-14', 2, 1),
(212, 'Wine - White, Schroder And Schyl', 'Quisque porta volutpat erat. Quisque erat eros, viverra eget, congue eget, semper rutrum, nulla. Nunc purus.\n\nPhasellus in felis. Donec semper sapien a libero. Nam dui.\n\nProin leo odio, porttitor id, consequat in, consequat ut, nulla. Sed accumsan felis. Ut at dolor quis odio consequat varius.\n\nInteger ac leo. Pellentesque ultrices mattis odio. Donec vitae nisi.', 'data:image/png;base64,iVBORw0KGgoAAAANSUhEUgAAABAA', 62, 'NT', 473, 74, '2.3', '2021-05-29', '2021-11-30', 3, 1),
(213, 'Coconut - Whole', 'Duis aliquam convallis nunc. Proin at turpis a pede posuere nonummy. Integer non velit.', 'data:image/png;base64,iVBORw0KGgoAAAANSUhEUgAAABAA', 38, 'NT', 357, 108, '3.6', '2021-03-31', '2021-04-27', 1, 3),
(214, 'Pepsi - 600ml', 'Proin interdum mauris non ligula pellentesque ultrices. Phasellus id sapien in sapien iaculis congue. Vivamus metus arcu, adipiscing molestie, hendrerit at, vulputate vitae, nisl.\n\nAenean lectus. Pellentesque eget nunc. Donec quis orci eget orci vehicula condimentum.\n\nCurabitur in libero ut massa volutpat convallis. Morbi odio odio, elementum eu, interdum eu, tincidunt in, leo. Maecenas pulvinar lobortis est.\n\nPhasellus sit amet erat. Nulla tempus. Vivamus in felis eu sapien cursus vestibulum.', 'data:image/png;base64,iVBORw0KGgoAAAANSUhEUgAAABAA', 34, 'NT', 257, 67, '3.2', '2022-01-12', '2021-10-03', 2, 1),
(215, 'Plastic Wrap', 'Nullam sit amet turpis elementum ligula vehicula consequat. Morbi a ipsum. Integer a nibh.\n\nIn quis justo. Maecenas rhoncus aliquam lacus. Morbi quis tortor id nulla ultrices aliquet.\n\nMaecenas leo odio, condimentum id, luctus nec, molestie sed, justo. Pellentesque viverra pede ac diam. Cras pellentesque volutpat dui.\n\nMaecenas tristique, est et tempus semper, est quam pharetra magna, ac consequat metus sapien ut nunc. Vestibulum ante ipsum primis in faucibus orci luctus et ultrices posuere cubilia Curae; Mauris viverra diam vitae quam. Suspendisse potenti.', 'data:image/png;base64,iVBORw0KGgoAAAANSUhEUgAAABAA', 39, 'NT', 85, 215, '3.1', '2022-01-23', '2021-02-26', 3, 1),
(216, 'Beef - Bones, Cut - Up', 'Etiam vel augue. Vestibulum rutrum rutrum neque. Aenean auctor gravida sem.\n\nPraesent id massa id nisl venenatis lacinia. Aenean sit amet justo. Morbi ut odio.\n\nCras mi pede, malesuada in, imperdiet et, commodo vulputate, justo. In blandit ultrices enim. Lorem ipsum dolor sit amet, consectetuer adipiscing elit.', 'data:image/png;base64,iVBORw0KGgoAAAANSUhEUgAAABAA', 51, 'NT', 476, 258, '2.4', '2021-04-16', '2021-11-30', 5, 3),
(217, 'Paper - Brown Paper Mini Cups', 'Vestibulum ac est lacinia nisi venenatis tristique. Fusce congue, diam id ornare imperdiet, sapien urna pretium nisl, ut volutpat sapien arcu sed augue. Aliquam erat volutpat.\n\nIn congue. Etiam justo. Etiam pretium iaculis justo.\n\nIn hac habitasse platea dictumst. Etiam faucibus cursus urna. Ut tellus.', 'data:image/png;base64,iVBORw0KGgoAAAANSUhEUgAAABAA', 50, 'NT', 527, 94, '0.8', '2021-09-18', '2021-06-25', 3, 4),
(218, 'Mushroom - Morel Frozen', 'In sagittis dui vel nisl. Duis ac nibh. Fusce lacus purus, aliquet at, feugiat non, pretium quis, lectus.\n\nSuspendisse potenti. In eleifend quam a odio. In hac habitasse platea dictumst.\n\nMaecenas ut massa quis augue luctus tincidunt. Nulla mollis molestie lorem. Quisque ut erat.', 'data:image/png;base64,iVBORw0KGgoAAAANSUhEUgAAABAA', 57, 'NT', 511, 262, '3.3', '2022-01-22', '2021-08-05', 5, 4),
(219, 'Tobasco Sauce', 'Phasellus in felis. Donec semper sapien a libero. Nam dui.', 'data:image/png;base64,iVBORw0KGgoAAAANSUhEUgAAABAA', 53, 'NT', 283, 198, '1.1', '2021-09-06', '2022-02-02', 5, 5);
INSERT INTO `products` (`id`, `name`, `descp`, `img`, `price`, `currency`, `favorites`, `owners`, `stars`, `created_at`, `expired_at`, `product_status_id`, `product_series_id`) VALUES
(220, 'Persimmons', 'Morbi porttitor lorem id ligula. Suspendisse ornare consequat lectus. In est risus, auctor sed, tristique in, tempus sit amet, sem.', 'data:image/png;base64,iVBORw0KGgoAAAANSUhEUgAAABAA', 42, 'NT', 485, 208, '3.9', '2021-07-21', '2021-05-27', 2, 5),
(221, 'Fork - Plastic', 'Mauris enim leo, rhoncus sed, vestibulum sit amet, cursus id, turpis. Integer aliquet, massa id lobortis convallis, tortor risus dapibus augue, vel accumsan tellus nisi eu orci. Mauris lacinia sapien quis libero.\n\nNullam sit amet turpis elementum ligula vehicula consequat. Morbi a ipsum. Integer a nibh.', 'data:image/png;base64,iVBORw0KGgoAAAANSUhEUgAAABAA', 51, 'NT', 117, 193, '3.4', '2021-09-08', '2021-11-13', 5, 4),
(222, 'Uniform Linen Charge', 'Phasellus in felis. Donec semper sapien a libero. Nam dui.', 'data:image/png;base64,iVBORw0KGgoAAAANSUhEUgAAABAA', 54, 'NT', 180, 257, '3.3', '2021-10-01', '2022-02-14', 5, 6),
(223, 'Magnotta - Bel Paese White', 'Aenean lectus. Pellentesque eget nunc. Donec quis orci eget orci vehicula condimentum.', 'data:image/png;base64,iVBORw0KGgoAAAANSUhEUgAAABAA', 78, 'NT', 316, 82, '3.3', '2021-12-25', '2021-12-08', 1, 3),
(224, 'Rambutan', 'Curabitur gravida nisi at nibh. In hac habitasse platea dictumst. Aliquam augue quam, sollicitudin vitae, consectetuer eget, rutrum at, lorem.\n\nInteger tincidunt ante vel ipsum. Praesent blandit lacinia erat. Vestibulum sed magna at nunc commodo placerat.\n\nPraesent blandit. Nam nulla. Integer pede justo, lacinia eget, tincidunt eget, tempus vel, pede.\n\nMorbi porttitor lorem id ligula. Suspendisse ornare consequat lectus. In est risus, auctor sed, tristique in, tempus sit amet, sem.', 'data:image/png;base64,iVBORw0KGgoAAAANSUhEUgAAABAA', 40, 'NT', 123, 100, '2.7', '2022-01-16', '2021-08-26', 4, 2),
(225, 'Compound - Rum', 'Mauris enim leo, rhoncus sed, vestibulum sit amet, cursus id, turpis. Integer aliquet, massa id lobortis convallis, tortor risus dapibus augue, vel accumsan tellus nisi eu orci. Mauris lacinia sapien quis libero.\n\nNullam sit amet turpis elementum ligula vehicula consequat. Morbi a ipsum. Integer a nibh.\n\nIn quis justo. Maecenas rhoncus aliquam lacus. Morbi quis tortor id nulla ultrices aliquet.\n\nMaecenas leo odio, condimentum id, luctus nec, molestie sed, justo. Pellentesque viverra pede ac diam. Cras pellentesque volutpat dui.', 'data:image/png;base64,iVBORw0KGgoAAAANSUhEUgAAABAA', 22, 'NT', 378, 114, '2.5', '2021-06-04', '2021-09-02', 2, 1),
(226, 'Bread - Dark Rye, Loaf', 'Suspendisse potenti. In eleifend quam a odio. In hac habitasse platea dictumst.', 'data:image/png;base64,iVBORw0KGgoAAAANSUhEUgAAABAA', 49, 'NT', 425, 234, '3.5', '2021-05-05', '2021-09-09', 3, 2),
(227, 'Compound - Mocha', 'In hac habitasse platea dictumst. Morbi vestibulum, velit id pretium iaculis, diam erat fermentum justo, nec condimentum neque sapien placerat ante. Nulla justo.\n\nAliquam quis turpis eget elit sodales scelerisque. Mauris sit amet eros. Suspendisse accumsan tortor quis turpis.', 'data:image/png;base64,iVBORw0KGgoAAAANSUhEUgAAABAA', 29, 'NT', 479, 82, '2.4', '2021-03-09', '2021-12-23', 2, 1),
(228, 'Pineapple - Golden', 'In congue. Etiam justo. Etiam pretium iaculis justo.\n\nIn hac habitasse platea dictumst. Etiam faucibus cursus urna. Ut tellus.\n\nNulla ut erat id mauris vulputate elementum. Nullam varius. Nulla facilisi.', 'data:image/png;base64,iVBORw0KGgoAAAANSUhEUgAAABAA', 64, 'NT', 433, 253, '1.8', '2021-10-10', '2021-11-01', 4, 4),
(229, 'Ice Cream Bar - Oreo Sandwich', 'Quisque porta volutpat erat. Quisque erat eros, viverra eget, congue eget, semper rutrum, nulla. Nunc purus.\n\nPhasellus in felis. Donec semper sapien a libero. Nam dui.', 'data:image/png;base64,iVBORw0KGgoAAAANSUhEUgAAABAA', 45, 'NT', 207, 226, '1.2', '2021-05-11', '2021-09-30', 1, 3),
(230, 'Ham - Proscuitto', 'Nulla ut erat id mauris vulputate elementum. Nullam varius. Nulla facilisi.\n\nCras non velit nec nisi vulputate nonummy. Maecenas tincidunt lacus at velit. Vivamus vel nulla eget eros elementum pellentesque.\n\nQuisque porta volutpat erat. Quisque erat eros, viverra eget, congue eget, semper rutrum, nulla. Nunc purus.\n\nPhasellus in felis. Donec semper sapien a libero. Nam dui.', 'data:image/png;base64,iVBORw0KGgoAAAANSUhEUgAAABAA', 48, 'NT', 501, 221, '3.3', '2021-03-07', '2022-01-22', 5, 1),
(231, 'Beer - Blue', 'Donec diam neque, vestibulum eget, vulputate ut, ultrices vel, augue. Vestibulum ante ipsum primis in faucibus orci luctus et ultrices posuere cubilia Curae; Donec pharetra, magna vestibulum aliquet ultrices, erat tortor sollicitudin mi, sit amet lobortis sapien sapien non mi. Integer ac neque.\n\nDuis bibendum. Morbi non quam nec dui luctus rutrum. Nulla tellus.\n\nIn sagittis dui vel nisl. Duis ac nibh. Fusce lacus purus, aliquet at, feugiat non, pretium quis, lectus.', 'data:image/png;base64,iVBORw0KGgoAAAANSUhEUgAAABAA', 22, 'NT', 99, 145, '2.8', '2021-06-28', '2021-12-15', 3, 6),
(232, 'Energy Drink - Franks Original', 'Phasellus sit amet erat. Nulla tempus. Vivamus in felis eu sapien cursus vestibulum.\n\nProin eu mi. Nulla ac enim. In tempor, turpis nec euismod scelerisque, quam turpis adipiscing lorem, vitae mattis nibh ligula nec sem.\n\nDuis aliquam convallis nunc. Proin at turpis a pede posuere nonummy. Integer non velit.', 'data:image/png;base64,iVBORw0KGgoAAAANSUhEUgAAABAA', 76, 'NT', 312, 177, '2.6', '2022-02-11', '2021-03-09', 1, 4),
(233, 'Pastry - Apple Large', 'Phasellus sit amet erat. Nulla tempus. Vivamus in felis eu sapien cursus vestibulum.\n\nProin eu mi. Nulla ac enim. In tempor, turpis nec euismod scelerisque, quam turpis adipiscing lorem, vitae mattis nibh ligula nec sem.', 'data:image/png;base64,iVBORw0KGgoAAAANSUhEUgAAABAA', 48, 'NT', 84, 184, '2.4', '2021-04-25', '2021-04-06', 5, 5),
(234, 'Cheese - Cottage Cheese', 'Mauris enim leo, rhoncus sed, vestibulum sit amet, cursus id, turpis. Integer aliquet, massa id lobortis convallis, tortor risus dapibus augue, vel accumsan tellus nisi eu orci. Mauris lacinia sapien quis libero.\n\nNullam sit amet turpis elementum ligula vehicula consequat. Morbi a ipsum. Integer a nibh.\n\nIn quis justo. Maecenas rhoncus aliquam lacus. Morbi quis tortor id nulla ultrices aliquet.', 'data:image/png;base64,iVBORw0KGgoAAAANSUhEUgAAABAA', 25, 'NT', 75, 87, '0.9', '2021-03-04', '2021-08-29', 1, 5),
(235, 'Plaintain', 'In congue. Etiam justo. Etiam pretium iaculis justo.', 'data:image/png;base64,iVBORw0KGgoAAAANSUhEUgAAABAA', 39, 'NT', 387, 124, '0.7', '2021-08-11', '2022-02-14', 5, 4),
(236, 'Wine - White, Schroder And Schyl', 'Mauris enim leo, rhoncus sed, vestibulum sit amet, cursus id, turpis. Integer aliquet, massa id lobortis convallis, tortor risus dapibus augue, vel accumsan tellus nisi eu orci. Mauris lacinia sapien quis libero.', 'data:image/png;base64,iVBORw0KGgoAAAANSUhEUgAAABAA', 65, 'NT', 166, 141, '3.3', '2021-11-12', '2021-03-27', 3, 2),
(237, 'Wine - Jaboulet Cotes Du Rhone', 'Maecenas leo odio, condimentum id, luctus nec, molestie sed, justo. Pellentesque viverra pede ac diam. Cras pellentesque volutpat dui.', 'data:image/png;base64,iVBORw0KGgoAAAANSUhEUgAAABAA', 34, 'NT', 108, 110, '1.0', '2021-11-25', '2021-04-28', 3, 5),
(238, 'Pears - Bartlett', 'Nulla ut erat id mauris vulputate elementum. Nullam varius. Nulla facilisi.\n\nCras non velit nec nisi vulputate nonummy. Maecenas tincidunt lacus at velit. Vivamus vel nulla eget eros elementum pellentesque.\n\nQuisque porta volutpat erat. Quisque erat eros, viverra eget, congue eget, semper rutrum, nulla. Nunc purus.\n\nPhasellus in felis. Donec semper sapien a libero. Nam dui.', 'data:image/png;base64,iVBORw0KGgoAAAANSUhEUgAAABAA', 30, 'NT', 291, 165, '1.9', '2022-02-25', '2021-03-06', 3, 1),
(239, 'Shrimp - Prawn', 'Praesent id massa id nisl venenatis lacinia. Aenean sit amet justo. Morbi ut odio.\n\nCras mi pede, malesuada in, imperdiet et, commodo vulputate, justo. In blandit ultrices enim. Lorem ipsum dolor sit amet, consectetuer adipiscing elit.\n\nProin interdum mauris non ligula pellentesque ultrices. Phasellus id sapien in sapien iaculis congue. Vivamus metus arcu, adipiscing molestie, hendrerit at, vulputate vitae, nisl.\n\nAenean lectus. Pellentesque eget nunc. Donec quis orci eget orci vehicula condimentum.', 'data:image/png;base64,iVBORw0KGgoAAAANSUhEUgAAABAA', 41, 'NT', 481, 179, '4.9', '2021-11-04', '2021-09-11', 4, 4),
(240, 'Onions - Red', 'Cras non velit nec nisi vulputate nonummy. Maecenas tincidunt lacus at velit. Vivamus vel nulla eget eros elementum pellentesque.\n\nQuisque porta volutpat erat. Quisque erat eros, viverra eget, congue eget, semper rutrum, nulla. Nunc purus.\n\nPhasellus in felis. Donec semper sapien a libero. Nam dui.', 'data:image/png;base64,iVBORw0KGgoAAAANSUhEUgAAABAA', 19, 'NT', 176, 205, '3.9', '2021-08-04', '2021-04-18', 1, 5),
(241, 'The Pop Shoppe Pinapple', 'Integer ac leo. Pellentesque ultrices mattis odio. Donec vitae nisi.\n\nNam ultrices, libero non mattis pulvinar, nulla pede ullamcorper augue, a suscipit nulla elit ac nulla. Sed vel enim sit amet nunc viverra dapibus. Nulla suscipit ligula in lacus.', 'data:image/png;base64,iVBORw0KGgoAAAANSUhEUgAAABAA', 79, 'NT', 64, 124, '4.1', '2021-10-20', '2021-11-06', 4, 2),
(242, 'Cheese - Pont Couvert', 'Vestibulum quam sapien, varius ut, blandit non, interdum in, ante. Vestibulum ante ipsum primis in faucibus orci luctus et ultrices posuere cubilia Curae; Duis faucibus accumsan odio. Curabitur convallis.\n\nDuis consequat dui nec nisi volutpat eleifend. Donec ut dolor. Morbi vel lectus in quam fringilla rhoncus.', 'data:image/png;base64,iVBORw0KGgoAAAANSUhEUgAAABAA', 54, 'NT', 39, 266, '2.7', '2021-04-26', '2021-06-18', 2, 3),
(243, 'Crab - Claws, Snow 16 - 24', 'Quisque porta volutpat erat. Quisque erat eros, viverra eget, congue eget, semper rutrum, nulla. Nunc purus.\n\nPhasellus in felis. Donec semper sapien a libero. Nam dui.\n\nProin leo odio, porttitor id, consequat in, consequat ut, nulla. Sed accumsan felis. Ut at dolor quis odio consequat varius.\n\nInteger ac leo. Pellentesque ultrices mattis odio. Donec vitae nisi.', 'data:image/png;base64,iVBORw0KGgoAAAANSUhEUgAAABAA', 51, 'NT', 227, 199, '2.5', '2022-02-27', '2021-03-02', 4, 2),
(244, 'Table Cloth 62x114 White', 'Curabitur gravida nisi at nibh. In hac habitasse platea dictumst. Aliquam augue quam, sollicitudin vitae, consectetuer eget, rutrum at, lorem.', 'data:image/png;base64,iVBORw0KGgoAAAANSUhEUgAAABAA', 51, 'NT', 56, 42, '2.9', '2021-04-07', '2021-02-25', 4, 3),
(245, 'Pastry - Apple Large', 'In hac habitasse platea dictumst. Etiam faucibus cursus urna. Ut tellus.', 'data:image/png;base64,iVBORw0KGgoAAAANSUhEUgAAABAA', 76, 'NT', 442, 57, '2.6', '2021-10-08', '2021-10-10', 4, 3),
(246, 'Turkey - Breast, Double', 'Aenean fermentum. Donec ut mauris eget massa tempor convallis. Nulla neque libero, convallis eget, eleifend luctus, ultricies eu, nibh.\n\nQuisque id justo sit amet sapien dignissim vestibulum. Vestibulum ante ipsum primis in faucibus orci luctus et ultrices posuere cubilia Curae; Nulla dapibus dolor vel est. Donec odio justo, sollicitudin ut, suscipit a, feugiat et, eros.', 'data:image/png;base64,iVBORw0KGgoAAAANSUhEUgAAABAA', 59, 'NT', 358, 76, '1.7', '2021-12-18', '2021-04-03', 3, 4),
(247, 'Veal - Kidney', 'Lorem ipsum dolor sit amet, consectetuer adipiscing elit. Proin risus. Praesent lectus.', 'data:image/png;base64,iVBORw0KGgoAAAANSUhEUgAAABAA', 21, 'NT', 505, 43, '0.9', '2021-04-13', '2021-11-29', 1, 6),
(248, 'Banana - Green', 'Fusce consequat. Nulla nisl. Nunc nisl.\n\nDuis bibendum, felis sed interdum venenatis, turpis enim blandit mi, in porttitor pede justo eu massa. Donec dapibus. Duis at velit eu est congue elementum.', 'data:image/png;base64,iVBORw0KGgoAAAANSUhEUgAAABAA', 56, 'NT', 42, 255, '3.0', '2021-06-07', '2021-10-01', 2, 1),
(249, 'Beans - Turtle, Black, Dry', 'Duis bibendum, felis sed interdum venenatis, turpis enim blandit mi, in porttitor pede justo eu massa. Donec dapibus. Duis at velit eu est congue elementum.\n\nIn hac habitasse platea dictumst. Morbi vestibulum, velit id pretium iaculis, diam erat fermentum justo, nec condimentum neque sapien placerat ante. Nulla justo.', 'data:image/png;base64,iVBORw0KGgoAAAANSUhEUgAAABAA', 67, 'NT', 82, 82, '5.0', '2022-03-05', '2021-11-13', 2, 1),
(250, 'Tomato - Green', 'In quis justo. Maecenas rhoncus aliquam lacus. Morbi quis tortor id nulla ultrices aliquet.\n\nMaecenas leo odio, condimentum id, luctus nec, molestie sed, justo. Pellentesque viverra pede ac diam. Cras pellentesque volutpat dui.\n\nMaecenas tristique, est et tempus semper, est quam pharetra magna, ac consequat metus sapien ut nunc. Vestibulum ante ipsum primis in faucibus orci luctus et ultrices posuere cubilia Curae; Mauris viverra diam vitae quam. Suspendisse potenti.', 'data:image/png;base64,iVBORw0KGgoAAAANSUhEUgAAABAA', 23, 'NT', 277, 101, '4.2', '2021-04-15', '2021-10-13', 2, 1);

-- --------------------------------------------------------

--
-- Table structure for table `product_series`
--

DROP TABLE IF EXISTS `product_series`;
CREATE TABLE `product_series` (
  `id` int(11) NOT NULL,
  `name` varchar(50) DEFAULT NULL,
  `descp` varchar(50) DEFAULT NULL,
  `created_at` date DEFAULT NULL,
  `valid` int(11) DEFAULT NULL
) ENGINE=InnoDB DEFAULT CHARSET=utf8mb4;

--
-- Dumping data for table `product_series`
--

INSERT INTO `product_series` (`id`, `name`, `descp`, `created_at`, `valid`) VALUES
(1, 'other', '其它', '2022-02-16', 1),
(2, 'food', '食物', '2022-02-16', 1),
(3, 'wedding', '婚禮', '2022-02-16', 1),
(4, 'flim', '復古', '2022-02-16', 1),
(5, 'scenery', '風景', '2022-02-16', 1),
(6, 'portrait', '人像', '2022-02-16', 1);

-- --------------------------------------------------------

--
-- Table structure for table `product_status`
--

DROP TABLE IF EXISTS `product_status`;
CREATE TABLE `product_status` (
  `id` int(11) UNSIGNED NOT NULL,
  `name` varchar(50) DEFAULT NULL,
  `descp` varchar(50) DEFAULT NULL,
  `created_at` date DEFAULT NULL,
  `valid` int(11) UNSIGNED DEFAULT NULL
) ENGINE=InnoDB DEFAULT CHARSET=utf8mb4;

--
-- Dumping data for table `product_status`
--

INSERT INTO `product_status` (`id`, `name`, `descp`, `created_at`, `valid`) VALUES
(1, 'public', '已上架', '2022-02-16', 1),
(2, 'private', '已下架', '2022-02-16', 1),
(3, 'prepared_public', '等待上架', '2022-02-16', 1),
(4, 'prepared_private', '等待下架', '2022-02-16', 1),
(5, 'stop', '停止下載', '2022-02-16', 1);

-- --------------------------------------------------------

--
-- Table structure for table `users`
--

DROP TABLE IF EXISTS `users`;
CREATE TABLE `users` (
  `id` int(11) NOT NULL,
  `name` varchar(50) DEFAULT NULL,
  `gender` varchar(50) DEFAULT NULL,
  `account` varchar(50) DEFAULT NULL,
  `email` varchar(50) DEFAULT NULL,
  `password` varchar(70) DEFAULT NULL,
  `phone` varchar(50) DEFAULT NULL,
  `created_at` date DEFAULT NULL,
  `modified_at` date DEFAULT NULL,
  `registered` int(11) DEFAULT NULL,
  `user_status_id` int(11) DEFAULT NULL
) ENGINE=InnoDB DEFAULT CHARSET=utf8mb4;

--
-- Dumping data for table `users`
--

INSERT INTO `users` (`id`, `name`, `gender`, `account`, `email`, `password`, `phone`, `created_at`, `modified_at`, `registered`, `user_status_id`) VALUES
(1, 'Dion Wetherby', 'Gender Fluid', 'dwetherby0', 'dwetherby0@blogs.com', 'Y1PCiMGA87', '6815335045', '2021-02-25', '2021-08-22', 1, 3),
(2, 'Jsandye Weinberg', 'Neither', 'jweinberg1', 'jweinberg1@hatena.ne.jp', 'BJ2K0n8OB', '5887284584', '2021-10-16', '2021-10-30', 0, 1),
(3, 'Ag Lethbury', 'Neutrois', 'alethbury2', 'alethbury2@hp.com', 'UAC9yut', '6281940208', '2021-11-28', '2021-05-05', 0, 1),
(4, 'Gael Houldin', 'Transgender Person', 'ghouldin3', 'ghouldin3@indiegogo.com', 'ASBaaeQsS', '1685148297', '2021-05-01', '2021-08-15', 2, 2),
(5, 'Morley Gorwood', 'Two-Spirit', 'mgorwood4', 'mgorwood4@fastcompany.com', 'lJbsCzkqHd', '3385278791', '2022-01-03', '2021-10-14', 0, 2),
(6, 'Lu McIlveen', 'Androgyne', 'lmcilveen5', 'lmcilveen5@wp.com', 'ZnJylslF', '8976068687', '2021-10-26', '2021-12-23', 0, 2),
(7, 'Angelina Trillow', 'Trans Female', 'atrillow6', 'atrillow6@google.fr', 'Am3f9G', '8671970108', '2021-03-18', '2021-09-06', 0, 1),
(8, 'Diann Fysh', 'Neither', 'dfysh7', 'dfysh7@reddit.com', 'QpLUBe4tjQAl', '6277431312', '2021-06-18', '2021-02-19', 0, 3),
(9, 'Skye Goldstraw', 'Bigender', 'sgoldstraw8', 'sgoldstraw8@dyndns.org', 'AGHLqtI', '4018902973', '2021-08-03', '2021-06-07', 2, 2),
(10, 'Benn Simonite', 'Gender Questioning', 'bsimonite9', 'bsimonite9@1688.com', 'yP3rvH1b', '5517764688', '2021-12-05', '2021-10-01', 0, 2),
(11, 'Rae Meth', 'Non-binary', 'rmetha', 'rmetha@gizmodo.com', '9r9lvYUS', '6619156711', '2021-12-22', '2021-09-15', 2, 1),
(12, 'Esmeralda Konzelmann', 'Cisgender', 'ekonzelmannb', 'ekonzelmannb@ustream.tv', 'tUwZq6vB6T', '8009773992', '2021-11-24', '2021-04-29', 2, 2),
(13, 'Dniren Fotitt', 'Transsexual', 'dfotittc', 'dfotittc@bbb.org', 'eKrmUinagPRB', '7367402518', '2021-09-14', '2021-10-04', 0, 2),
(14, 'Melisent Luna', 'Transsexual Woman', 'mlunad', 'mlunad@slate.com', 'PuTOoodt', '5191856946', '2021-10-08', '2021-05-15', 1, 3),
(15, 'Sutton Shama', 'Trans Woman', 'sshamae', 'sshamae@youtube.com', 'q9PR3bRX0', '3883134249', '2022-02-13', '2021-11-06', 2, 1),
(16, 'Lydie Chattey', 'Transsexual Female', 'lchatteyf', 'lchatteyf@pinterest.com', 'D8ps6qT8U3Y', '4364074506', '2021-12-02', '2021-07-09', 0, 2),
(17, 'Caspar Adam', 'Transgender Male', 'cadamg', 'cadamg@fastcompany.com', 'DikIZm', '1642516673', '2021-10-17', '2021-10-16', 0, 2),
(18, 'Job Simic', 'Androgynous', 'jsimich', 'jsimich@gmpg.org', 'Bbo6PY', '1705311980', '2021-04-02', '2021-02-21', 0, 3),
(19, 'Kass Kewish', 'Transsexual Man', 'kkewishi', 'kkewishi@scribd.com', '4WAuv9cNe', '6175843637', '2021-03-22', '2021-09-14', 0, 2),
(20, 'Allianora Trobe', 'Transsexual Woman', 'atrobej', 'atrobej@dion.ne.jp', 'V4NPmgmtlrce', '3575819639', '2021-02-24', '2021-07-05', 0, 2),
(21, 'Paxon Bollini', 'Trans', 'pbollinik', 'pbollinik@free.fr', 'cGxDUJOgxH', '7317827417', '2022-02-08', '2021-12-18', 0, 2),
(22, 'Jacobo Coot', 'Cisgender Male', 'jcootl', 'jcootl@topsy.com', '5b9V3q', '8582139430', '2021-04-15', '2021-05-29', 1, 1),
(23, 'Dorine Reide', 'Transfeminine', 'dreidem', 'dreidem@zimbio.com', 'a2NgvJ3Oc', '9989612311', '2021-06-30', '2021-07-01', 1, 2),
(24, 'Lock Odom', 'Genderqueer', 'lodomn', 'lodomn@csmonitor.com', 'LpW7Xgm9OZ', '9666410212', '2021-12-28', '2021-05-04', 1, 1),
(25, 'Alard Brehat', 'Cisgender Woman', 'abrehato', 'abrehato@technorati.com', 'hSZygyiEO', '3748289893', '2021-10-10', '2021-05-24', 1, 1),
(26, 'Irwin Ryal', 'Intersex', 'iryalp', 'iryalp@chicagotribune.com', 'FgkvkGXx1z', '6504340735', '2022-01-19', '2021-05-23', 1, 1),
(27, 'Jodi Arnow', 'Transsexual Male', 'jarnowq', 'jarnowq@seesaa.net', 'nZ32R3znJf', '4475558182', '2021-11-22', '2021-05-21', 1, 3),
(28, 'Myer Ringer', 'Trans Male', 'mringerr', 'mringerr@fema.gov', 'bFTx6Q4SVuy', '5247608387', '2021-08-30', '2021-04-15', 0, 2),
(29, 'Cletus Gollard', 'Two-Spirit', 'cgollards', 'cgollards@ucsd.edu', 'bhiavav5ZQC', '6727752965', '2021-04-25', '2021-03-02', 2, 3),
(30, 'Stanley Hammerberger', 'Pangender', 'shammerbergert', 'shammerbergert@msu.edu', 'BEwFMrg', '6378391852', '2021-07-19', '2021-12-28', 0, 2),
(31, 'Kerri Keitley', 'Cis', 'kkeitleyu', 'kkeitleyu@adobe.com', 'upJRU99Om131', '6951576026', '2021-10-05', '2021-10-12', 2, 3),
(32, 'Maryl Elliff', 'Agender', 'melliffv', 'melliffv@clickbank.net', 'iUIwBZ', '8551238929', '2022-01-03', '2021-07-05', 0, 2),
(33, 'Gweneth Pleace', 'Transsexual Man', 'gpleacew', 'gpleacew@mozilla.org', '80m3f0', '9158585288', '2021-06-13', '2021-03-30', 2, 3),
(34, 'Merry Aslam', 'Androgynous', 'maslamx', 'maslamx@linkedin.com', 'ZAhAsW', '1342635557', '2021-05-08', '2021-11-27', 1, 2),
(35, 'Silas Cahn', 'Cis Male', 'scahny', 'scahny@bloomberg.com', 'N8lmozAW', '2825766308', '2021-10-31', '2021-04-03', 0, 2),
(36, 'Delmar Yepiskov', 'Pangender', 'dyepiskovz', 'dyepiskovz@blinklist.com', 'NmZOnklvhU', '1911958986', '2022-01-06', '2021-11-06', 2, 2),
(37, 'Kelcy Yegorov', 'Transsexual Female', 'kyegorov10', 'kyegorov10@weebly.com', 'sCm0RCBwlg', '9924874443', '2022-01-10', '2021-11-04', 0, 1),
(38, 'Gordy Trevino', 'Transsexual Female', 'gtrevino11', 'gtrevino11@arizona.edu', 'YGGlBqJ', '3694975753', '2021-07-28', '2021-11-18', 0, 3),
(39, 'Morgun Barck', 'Bigender', 'mbarck12', 'mbarck12@virginia.edu', 'lPlDlh', '7569741864', '2021-05-26', '2021-12-16', 1, 3),
(40, 'Pet Kleanthous', 'Cis Male', 'pkleanthous13', 'pkleanthous13@angelfire.com', 'Ywmi4MnO', '1777284923', '2021-12-16', '2021-09-27', 1, 2),
(41, 'Adora Varsey', 'Male to Female', 'avarsey14', 'avarsey14@twitpic.com', 'QnLL60efXYq', '7029280470', '2021-10-01', '2021-07-30', 0, 3),
(42, 'Cindee Sawford', 'Bigender', 'csawford15', 'csawford15@jugem.jp', 'BI90V3wl3n', '2166995649', '2021-03-05', '2022-01-29', 2, 2),
(43, 'Renaldo Gofford', 'Female to Male', 'rgofford16', 'rgofford16@prweb.com', 'aygnMK', '5289927412', '2021-02-16', '2021-12-01', 1, 3),
(44, 'Eartha Landre', 'Transgender Woman', 'elandre17', 'elandre17@disqus.com', '2uBXtYny', '4703751576', '2021-11-20', '2021-03-23', 1, 3),
(45, 'Toby Pherps', 'Transgender Person', 'tpherps18', 'tpherps18@imgur.com', 'REsCylOyY7', '2929074994', '2021-12-11', '2022-01-21', 2, 3),
(46, 'Kimmi Langlands', 'Neutrois', 'klanglands19', 'klanglands19@time.com', 'bwAvJQeYj', '2503390705', '2021-04-15', '2021-11-27', 0, 1),
(47, 'Colan Metson', 'Cisgender Woman', 'cmetson1a', 'cmetson1a@parallels.com', 'j9THLK', '7229019987', '2021-08-25', '2021-08-23', 0, 2),
(48, 'Desirae Yve', 'Non-binary', 'dyve1b', 'dyve1b@kickstarter.com', 'ZzaIugX', '7121350093', '2021-03-28', '2022-01-24', 2, 2),
(49, 'Bald Stokoe', 'Other', 'bstokoe1c', 'bstokoe1c@sphinn.com', 'RCSHZ10C', '7725820468', '2021-04-12', '2021-03-04', 2, 3),
(50, 'Tabbi Beddall', 'Transsexual Man', 'tbeddall1d', 'tbeddall1d@wikia.com', 'YrIqD4QaGQ', '6005118419', '2021-03-22', '2021-04-07', 0, 1),
(51, 'Laurella Filipchikov', 'Gender Fluid', 'lfilipchikov1e', 'lfilipchikov1e@over-blog.com', 'XwAjvAVE2rm', '9499011547', '2021-06-28', '2021-11-02', 1, 2),
(52, 'Delora Myrtle', 'Cis Woman', 'dmyrtle1f', 'dmyrtle1f@moonfruit.com', 'l9mJ15aYU9S', '2442066945', '2022-01-06', '2021-09-25', 2, 1),
(53, 'Sarette Tongs', 'MTF', 'stongs1g', 'stongs1g@npr.org', 'acGpbUPWRuAQ', '4857721830', '2021-07-26', '2021-03-17', 2, 3),
(54, 'Raquela Winn', 'Non-binary', 'rwinn1h', 'rwinn1h@bigcartel.com', '9at8OApVBWBo', '3913581879', '2021-10-25', '2021-05-22', 2, 1),
(55, 'Dannie Beig', 'FTM', 'dbeig1i', 'dbeig1i@360.cn', 'LVgDYIb', '8982483209', '2022-01-31', '2021-09-28', 2, 3),
(56, 'Aimil Bascomb', 'Trans Person', 'abascomb1j', 'abascomb1j@barnesandnoble.com', 'vrOAnFzMnr', '7713023211', '2021-09-28', '2021-09-30', 2, 3),
(57, 'Horatia Botte', 'Transsexual Male', 'hbotte1k', 'hbotte1k@lulu.com', 'cYlrpgzw', '8974858247', '2021-03-20', '2021-12-21', 1, 1),
(58, 'Thornton Gronno', 'Transgender Man', 'tgronno1l', 'tgronno1l@tumblr.com', 'BKfp1S', '1896503599', '2022-01-21', '2021-05-19', 2, 2),
(59, 'Valentine O\'Doohaine', 'Transsexual Man', 'vodoohaine1m', 'vodoohaine1m@creativecommons.org', 'ksUw9p2S', '6559408311', '2021-04-23', '2021-02-24', 0, 3),
(60, 'Lorin Hatchard', 'Intersex', 'lhatchard1n', 'lhatchard1n@flavors.me', 'inK5bLiCsZJ', '1235265729', '2021-09-15', '2021-02-17', 1, 2),
(61, 'Mommy Reddie', 'Androgyne', 'mreddie1o', 'mreddie1o@i2i.jp', 'BynWJdzPUow', '5857126950', '2022-02-07', '2021-11-06', 0, 2),
(62, 'Eliza Lomen', 'Gender Questioning', 'elomen1p', 'elomen1p@i2i.jp', 'Lk4CZPmT', '6695574446', '2021-10-05', '2021-07-02', 0, 2),
(63, 'Jenni Buret', 'Transsexual Female', 'jburet1q', 'jburet1q@timesonline.co.uk', 'ORwycskX', '1931677012', '2021-09-13', '2021-05-16', 0, 3),
(64, 'Zachary Benkin', 'Trans', 'zbenkin1r', 'zbenkin1r@smugmug.com', '6uQQKe7C', '1833457597', '2021-12-04', '2021-11-16', 0, 2),
(65, 'Clemens Huntriss', 'Neutrois', 'chuntriss1s', 'chuntriss1s@squidoo.com', 'lGdTHnnl', '6851206895', '2021-12-23', '2021-03-28', 0, 1),
(66, 'Myrvyn Clarabut', 'Cis', 'mclarabut1t', 'mclarabut1t@businessweek.com', 'AVOkhTBTO', '6725083560', '2021-06-03', '2021-03-10', 1, 3),
(67, 'Herb Cansdell', 'Intersex', 'hcansdell1u', 'hcansdell1u@slashdot.org', 'SaF3Wppwuk', '9733833823', '2021-04-28', '2021-10-29', 0, 1),
(68, 'Barbaraanne Letteresse', 'Other', 'bletteresse1v', 'bletteresse1v@angelfire.com', 'l5QivrK1AxQ', '1263960850', '2021-04-03', '2021-03-29', 1, 2),
(69, 'Koressa Streets', 'Transfeminine', 'kstreets1w', 'kstreets1w@reddit.com', 'TVbwUS', '4333667370', '2021-03-09', '2021-09-06', 2, 2),
(70, 'Pepe Godney', 'Transsexual Female', 'pgodney1x', 'pgodney1x@blogs.com', 'VPNuxRrtD3fd', '4793441495', '2021-05-02', '2021-11-02', 0, 3),
(71, 'Luisa Mitten', 'Trans Male', 'lmitten1y', 'lmitten1y@nyu.edu', '8EDwhRf2X02', '7155078079', '2021-03-08', '2021-02-19', 0, 2),
(72, 'Hinze Klich', 'FTM', 'hklich1z', 'hklich1z@cargocollective.com', 'mxIhMr', '4902479797', '2021-07-26', '2021-06-18', 1, 3),
(73, 'Mohandis Treneman', 'Transmasculine', 'mtreneman20', 'mtreneman20@etsy.com', 'QCj3NH2', '6161170793', '2021-12-28', '2021-06-12', 0, 1),
(74, 'Heidie Sains', 'Trans Man', 'hsains21', 'hsains21@blogtalkradio.com', 'Crqo8Y', '4819528132', '2022-01-29', '2021-10-02', 1, 1),
(75, 'Goober Suttill', 'Transmasculine', 'gsuttill22', 'gsuttill22@quantcast.com', 'TfPZLhDd', '3892279031', '2021-09-30', '2021-09-02', 0, 3),
(76, 'Zollie Robotham', 'Transgender Person', 'zrobotham23', 'zrobotham23@webs.com', 'a5fAkG9eA', '5061680874', '2021-08-02', '2021-02-16', 1, 3),
(77, 'Claudianus Crowter', 'Transsexual Person', 'ccrowter24', 'ccrowter24@vk.com', '68kb3XoPvV', '5719523717', '2021-12-05', '2021-03-27', 2, 1),
(78, 'Jinny Addenbrooke', 'Cis Man', 'jaddenbrooke25', 'jaddenbrooke25@sfgate.com', '59TWLZAhmmR', '1017707891', '2021-04-07', '2021-07-23', 2, 2),
(79, 'Gladys Bedborough', 'Transsexual Man', 'gbedborough26', 'gbedborough26@imdb.com', '925YdY', '1457741284', '2021-09-07', '2021-12-12', 2, 3),
(80, 'Sasha Fieldgate', 'Gender Nonconforming', 'sfieldgate27', 'sfieldgate27@simplemachines.org', 'kkiZBuZw2W', '9644695976', '2021-10-03', '2021-12-24', 1, 2),
(81, 'Daryle Yantsev', 'Cisgender Woman', 'dyantsev28', 'dyantsev28@canalblog.com', '0pgb2xw', '2501524228', '2021-07-09', '2021-11-20', 2, 2),
(82, 'Helenka Ivanov', 'MTF', 'hivanov29', 'hivanov29@msu.edu', '8J9Pi4uDj8', '7464726262', '2021-04-22', '2021-06-19', 0, 1),
(83, 'Tan McCraine', 'Two-Spirit', 'tmccraine2a', 'tmccraine2a@whitehouse.gov', 'pPnru7iB', '6027156108', '2021-06-17', '2021-07-21', 2, 2),
(84, 'Kearney Bentick', 'Transgender', 'kbentick2b', 'kbentick2b@adobe.com', 'wSuDLOq3WE', '8434545810', '2022-02-15', '2021-03-02', 2, 1),
(85, 'Sawyere Clausen', 'Trans Woman', 'sclausen2c', 'sclausen2c@cnn.com', '5c8CQhaQup', '4424870558', '2021-07-21', '2021-11-18', 0, 3),
(86, 'Roobbie Volk', 'Neither', 'rvolk2d', 'rvolk2d@exblog.jp', 'D9xzHltd', '8988276514', '2021-10-11', '2021-11-28', 1, 2),
(87, 'Brigida Raithmill', 'Gender Variant', 'braithmill2e', 'braithmill2e@army.mil', '2ezHrvpTy', '6142963424', '2022-02-08', '2021-07-19', 0, 1),
(88, 'Elaina Brewers', 'Female to Male', 'ebrewers2f', 'ebrewers2f@usa.gov', '0vRL9yaG', '5996214602', '2021-02-27', '2021-10-12', 1, 1),
(89, 'Edik Willarton', 'Androgyne', 'ewillarton2g', 'ewillarton2g@youtube.com', 'YsVZR5Yr', '7579453509', '2021-11-05', '2021-04-12', 2, 2),
(90, 'Freda Drohun', 'Cisgender Male', 'fdrohun2h', 'fdrohun2h@dyndns.org', 'Ed8az1', '6727271236', '2021-08-08', '2021-08-25', 1, 3),
(91, 'Paxton Downie', 'Androgyne', 'pdownie2i', 'pdownie2i@bigcartel.com', 'UTYgtzZ', '1897546095', '2021-09-02', '2021-08-15', 2, 2),
(92, 'Hamish Bryer', 'Androgyne', 'hbryer2j', 'hbryer2j@tripadvisor.com', '9MBgHpUJgE', '6961122077', '2021-05-02', '2021-03-27', 0, 1),
(93, 'Myrah Haborn', 'Transsexual Man', 'mhaborn2k', 'mhaborn2k@dedecms.com', 'slqRTCyI', '2986910108', '2021-07-22', '2022-02-08', 2, 2),
(94, 'Nata McCurdy', 'Cis Woman', 'nmccurdy2l', 'nmccurdy2l@mysql.com', '5HD0NUIob6M', '5682920307', '2021-05-14', '2021-04-05', 1, 2),
(95, 'Killian Overington', 'Transgender Woman', 'koverington2m', 'koverington2m@google.com.hk', 'wA4RU9cZqkTJ', '7235637880', '2021-04-23', '2022-01-24', 0, 1),
(96, 'Lodovico Burgwin', 'Transsexual Male', 'lburgwin2n', 'lburgwin2n@typepad.com', 'CiYCcDYzs0', '5772169522', '2021-08-09', '2021-10-15', 2, 2),
(97, 'Joell Ley', 'Transsexual Female', 'jley2o', 'jley2o@discuz.net', 'r8vr3CK', '8409484950', '2021-08-06', '2021-12-14', 2, 2),
(98, 'Savina Slessor', 'Transgender Male', 'sslessor2p', 'sslessor2p@delicious.com', '5lO636pbO49Y', '5188919372', '2022-01-01', '2021-06-07', 2, 1),
(99, 'Parke Lampert', 'Trans Person', 'plampert2q', 'plampert2q@auda.org.au', 'Zzd2sdOsMV', '9504500778', '2021-04-18', '2021-04-10', 1, 1),
(100, 'Harman Couling', 'Transsexual', 'hcouling2r', 'hcouling2r@naver.com', 'Lh53B8GSHC6', '7595242388', '2021-05-28', '2022-01-10', 1, 1),
(101, 'Jacquette Endrizzi', 'Cis Female', 'jendrizzi2s', 'jendrizzi2s@biblegateway.com', 'cVaheTTK1xL', '5882173923', '2021-12-02', '2021-04-05', 1, 1),
(102, 'Egon Tunniclisse', 'Androgyne', 'etunniclisse2t', 'etunniclisse2t@mit.edu', 'fb7WAUE6jUe8', '3744182434', '2021-07-21', '2021-05-10', 0, 2),
(103, 'Win Trewman', 'Trans Female', 'wtrewman2u', 'wtrewman2u@rambler.ru', '2IYLDSP', '1977902115', '2021-09-22', '2021-04-04', 0, 2),
(104, 'Benita Tansey', 'Trans Person', 'btansey2v', 'btansey2v@123-reg.co.uk', 'CZVM4U', '2016755045', '2021-08-15', '2021-03-03', 1, 3),
(105, 'Brade Leng', 'Transgender Male', 'bleng2w', 'bleng2w@hud.gov', 'vTkCMk', '1534519726', '2021-08-22', '2021-06-15', 1, 2),
(106, 'Muffin Blackston', 'Bigender', 'mblackston2x', 'mblackston2x@upenn.edu', 'MDQZKy5e', '6683738942', '2021-06-09', '2021-11-12', 1, 2),
(107, 'Julius Norfolk', 'Trans Person', 'jnorfolk2y', 'jnorfolk2y@networksolutions.com', 'xU1dNWLW47', '5182134545', '2021-08-23', '2021-11-26', 2, 2),
(108, 'Garek Moyne', 'Genderqueer', 'gmoyne2z', 'gmoyne2z@arizona.edu', 'EGb10j', '9724194038', '2021-09-21', '2022-02-02', 2, 2),
(109, 'Curr Dietzler', 'Cisgender', 'cdietzler30', 'cdietzler30@boston.com', 'OSXIymrfv', '9956978339', '2021-09-19', '2021-10-12', 2, 1),
(110, 'Peg Hurn', 'FTM', 'phurn31', 'phurn31@cdc.gov', 'Lmj6ewgE0b', '3705488356', '2021-05-31', '2022-01-30', 1, 3),
(111, 'Joya Dinkin', 'Transgender', 'jdinkin32', 'jdinkin32@comsenz.com', 'o4pjze', '7518367221', '2021-03-07', '2022-02-05', 0, 2),
(112, 'Orin Fairbanks', 'Bigender', 'ofairbanks33', 'ofairbanks33@yahoo.com', 'atHx0VZjyA', '2929052441', '2022-01-12', '2021-06-17', 2, 3),
(113, 'Sidoney Sells', 'Trans Female', 'ssells34', 'ssells34@icq.com', 'Xsumnr', '9895564862', '2021-08-26', '2021-12-27', 0, 1),
(114, 'Elihu Pesterfield', 'Transsexual Male', 'epesterfield35', 'epesterfield35@nps.gov', '6GbZ8RvSDyuI', '3035652238', '2022-02-01', '2021-04-09', 0, 3),
(115, 'Killie McHugh', 'MTF', 'kmchugh36', 'kmchugh36@cafepress.com', 'NNxE26', '7474989550', '2021-04-15', '2021-09-12', 2, 3),
(116, 'Modestine Priden', 'Androgyne', 'mpriden37', 'mpriden37@fc2.com', '1lJASI', '5136661977', '2021-10-09', '2021-10-29', 0, 2),
(117, 'Zebedee Witz', 'Transfeminine', 'zwitz38', 'zwitz38@businessweek.com', '9IhrUich6', '7692216630', '2021-05-04', '2021-11-06', 1, 2),
(118, 'Robby Nadin', 'Transgender Male', 'rnadin39', 'rnadin39@newyorker.com', 'Gd2m2TM2Czd', '6432473526', '2021-05-12', '2021-11-23', 2, 2),
(119, 'Chantalle Simnell', 'Two-Spirit', 'csimnell3a', 'csimnell3a@meetup.com', 'MiyJIS', '2989775423', '2021-12-25', '2021-07-07', 1, 3),
(120, 'Jacinta Pautard', 'Other', 'jpautard3b', 'jpautard3b@gov.uk', '6Hei1u9xU', '4269854535', '2021-05-22', '2022-02-11', 1, 3),
(121, 'Ody Gayne', 'Transgender Male', 'ogayne3c', 'ogayne3c@narod.ru', '0NH6pE5YkgPI', '9132687295', '2021-07-19', '2021-06-05', 0, 2),
(122, 'Tiphanie Penn', 'Gender Nonconforming', 'tpenn3d', 'tpenn3d@soundcloud.com', '5rLmNJf99', '8804626058', '2021-10-01', '2021-07-04', 1, 3),
(123, 'Hillary Pinwell', 'Cis Woman', 'hpinwell3e', 'hpinwell3e@google.ru', 'a0gsdRt3', '2682438089', '2021-03-28', '2021-11-15', 2, 2),
(124, 'Sharla Whyteman', 'Cis Female', 'swhyteman3f', 'swhyteman3f@myspace.com', '3fVdQil6X0', '1083520356', '2021-12-01', '2021-05-08', 2, 1),
(125, 'Napoleon Wenban', 'Transsexual', 'nwenban3g', 'nwenban3g@dropbox.com', 'iG0CFMEdb', '2131404487', '2021-09-18', '2021-04-06', 1, 2),
(126, 'Katha Rowney', 'Pangender', 'krowney3h', 'krowney3h@goo.ne.jp', 'Z7b0Ytg', '7847546084', '2021-10-14', '2021-04-13', 1, 3),
(127, 'Niven Kennefick', 'Transsexual', 'nkennefick3i', 'nkennefick3i@msn.com', 'xb7dCrbZB', '9282392263', '2021-08-06', '2021-07-24', 1, 2),
(128, 'Jilly Crosfeld', 'Trans Female', 'jcrosfeld3j', 'jcrosfeld3j@wordpress.org', 'IrhCQXu37', '7161383551', '2021-11-10', '2021-12-03', 2, 2),
(129, 'Hildagarde Lipman', 'Neutrois', 'hlipman3k', 'hlipman3k@tinypic.com', 'y6vkobx0T', '9085888788', '2021-02-16', '2022-01-12', 2, 3),
(130, 'Bren Takos', 'Transgender Male', 'btakos3l', 'btakos3l@desdev.cn', 'ChGRdV', '4466343962', '2021-12-06', '2022-01-10', 2, 1),
(131, 'Rosemonde Wurz', 'Gender Nonconforming', 'rwurz3m', 'rwurz3m@prlog.org', 'OqvuUAd9n1', '9342265281', '2021-08-31', '2021-06-20', 2, 3),
(132, 'Evelin Shaughnessy', 'Transsexual', 'eshaughnessy3n', 'eshaughnessy3n@salon.com', '7deECJLZM', '5278091436', '2021-11-17', '2021-07-28', 2, 3),
(133, 'Alonzo Benettelli', 'Non-binary', 'abenettelli3o', 'abenettelli3o@sakura.ne.jp', 'VFHFs2', '8194313420', '2021-10-19', '2022-01-17', 0, 2),
(134, 'Marabel Belfrage', 'Cis Female', 'mbelfrage3p', 'mbelfrage3p@salon.com', 'vGGLp6XXtG1p', '3512190453', '2021-07-30', '2022-01-06', 2, 2),
(135, 'Clarette Ratcliffe', 'Cis Woman', 'cratcliffe3q', 'cratcliffe3q@people.com.cn', 'gejk2oqJQ', '7811582633', '2021-06-01', '2021-06-06', 1, 3),
(136, 'Avis Spadeck', 'Gender Questioning', 'aspadeck3r', 'aspadeck3r@bluehost.com', 'lzF5FY', '7101728430', '2021-04-13', '2021-05-18', 1, 2),
(137, 'Portie McAvinchey', 'Cis Male', 'pmcavinchey3s', 'pmcavinchey3s@gizmodo.com', 'zea7wvCj2L0b', '5238998287', '2021-11-27', '2022-01-10', 2, 1),
(138, 'Gwendolin Hebbard', 'Cis', 'ghebbard3t', 'ghebbard3t@redcross.org', 'LRAJvT', '1072492200', '2021-08-03', '2021-11-23', 1, 1),
(139, 'Sonja Chesterman', 'Intersex', 'schesterman3u', 'schesterman3u@businessweek.com', 'WjK9nMXp4B', '2219860074', '2021-05-02', '2021-09-13', 1, 1),
(140, 'Gustav Wissby', 'Transsexual Female', 'gwissby3v', 'gwissby3v@plala.or.jp', 'GNlDXi', '7057671128', '2021-12-23', '2021-09-02', 1, 2),
(141, 'Bryanty Nugent', 'Cisgender Male', 'bnugent3w', 'bnugent3w@webnode.com', 'bEKgHvUzP0X', '8435903677', '2021-05-09', '2021-11-30', 2, 3),
(142, 'Nev Jeandel', 'Intersex', 'njeandel3x', 'njeandel3x@msn.com', 'izjQeTRdz9', '7342370665', '2021-03-10', '2021-12-13', 0, 2),
(143, 'Janeen Bramall', 'Androgyne', 'jbramall3y', 'jbramall3y@stumbleupon.com', 'DszJadjn6a', '5526239768', '2021-06-08', '2021-07-22', 1, 1),
(144, 'Rand Gaither', 'Gender Questioning', 'rgaither3z', 'rgaither3z@noaa.gov', 'NUuNoMZRAwp', '8694674340', '2021-05-07', '2021-11-02', 1, 1),
(145, 'Nels McGaraghan', 'Cis Man', 'nmcgaraghan40', 'nmcgaraghan40@techcrunch.com', 'SIThLWYngh', '6451104911', '2021-05-11', '2021-10-20', 2, 1),
(146, 'Nathanael Esmead', 'Transgender Male', 'nesmead41', 'nesmead41@businessinsider.com', '1H7EnvMkxA', '5662898289', '2022-01-21', '2021-04-13', 2, 3),
(147, 'Ashley Matthis', 'Transgender', 'amatthis42', 'amatthis42@slideshare.net', 'MLKkNCo55', '2114169312', '2021-08-18', '2021-09-20', 2, 2),
(148, 'Thomasa Elias', 'Transsexual Female', 'telias43', 'telias43@fotki.com', 'bKZuUqjJiP4', '3324441153', '2021-09-10', '2021-09-11', 0, 3),
(149, 'Bianka MacFadzan', 'Cis Man', 'bmacfadzan44', 'bmacfadzan44@merriam-webster.com', 'RPrM1VA', '3146996476', '2022-01-26', '2022-01-01', 1, 3),
(150, 'Shelly Dumphrey', 'Androgynous', 'sdumphrey45', 'sdumphrey45@microsoft.com', 'H0m5WSk', '8857107943', '2021-12-07', '2021-06-06', 2, 3),
(151, 'Felice Sorsbie', 'Transsexual Man', 'fsorsbie46', 'fsorsbie46@time.com', 'JpP8UvuS7p', '8866918532', '2021-03-16', '2021-02-17', 2, 1),
(152, 'Tova Aharoni', 'Cis', 'taharoni47', 'taharoni47@oakley.com', 'jkkFmlZ0xw', '2092284275', '2021-06-30', '2021-11-03', 0, 1),
(153, 'Lissy Byrne', 'Genderqueer', 'lbyrne48', 'lbyrne48@skype.com', 'ovO4ieUe6qd', '6136637767', '2021-07-15', '2021-09-06', 1, 1),
(154, 'Johnathan Robertazzi', 'Cisgender Man', 'jrobertazzi49', 'jrobertazzi49@lycos.com', 'yVC3wqlAHiM', '1677861134', '2021-04-12', '2021-08-04', 1, 3),
(155, 'Berny Matresse', 'Transsexual Woman', 'bmatresse4a', 'bmatresse4a@java.com', 'snck4QZw', '3204949563', '2021-09-06', '2021-04-09', 0, 2),
(156, 'Boyce Imlock', 'Androgynous', 'bimlock4b', 'bimlock4b@sakura.ne.jp', 'AAyPxQYQ9Z', '6743202405', '2021-09-20', '2021-11-01', 2, 1),
(157, 'Royall Melling', 'Cisgender Woman', 'rmelling4c', 'rmelling4c@phpbb.com', 'nf8JlxalF', '5486577124', '2021-09-27', '2021-11-11', 1, 3),
(158, 'Lezlie Bottrell', 'Transgender Woman', 'lbottrell4d', 'lbottrell4d@wordpress.org', 'pQlJFwG', '2563397765', '2021-11-04', '2021-07-28', 0, 2),
(159, 'Orsola Stather', 'Intersex', 'ostather4e', 'ostather4e@washingtonpost.com', 'ZzBuW254hmsH', '7951449560', '2021-06-08', '2021-05-30', 0, 2),
(160, 'April Tevelov', 'Cis', 'atevelov4f', 'atevelov4f@t.co', 'bQBK1B', '7807105529', '2021-03-26', '2021-08-02', 2, 1),
(161, 'Lois Towriss', 'Trans Man', 'ltowriss4g', 'ltowriss4g@is.gd', 'B8l0CJ', '4338763546', '2021-05-05', '2021-04-14', 0, 2),
(162, 'Crissie Heathcoat', 'Transsexual Male', 'cheathcoat4h', 'cheathcoat4h@mysql.com', 'AczzWz', '7425636169', '2021-03-25', '2021-05-23', 1, 1),
(163, 'Arliene Room', 'Transsexual Female', 'aroom4i', 'aroom4i@irs.gov', 'd3Thd9eWrf', '9022038145', '2021-02-19', '2021-05-18', 1, 3),
(164, 'Allis Joffe', 'Two-Spirit', 'ajoffe4j', 'ajoffe4j@home.pl', '6QzshwI', '7687263912', '2021-10-20', '2021-03-18', 2, 2),
(165, 'Elset Ardley', 'Transmasculine', 'eardley4k', 'eardley4k@boston.com', 'A69bkRC', '5168482417', '2021-09-30', '2021-06-19', 0, 2),
(166, 'Aldric Maddison', 'Trans Female', 'amaddison4l', 'amaddison4l@stumbleupon.com', 'FqS3dgAv', '6392530573', '2022-02-08', '2021-10-24', 2, 2),
(167, 'Marni Catonne', 'Non-binary', 'mcatonne4m', 'mcatonne4m@angelfire.com', 'jNpS7fYf', '1711583324', '2021-10-16', '2021-06-19', 1, 3),
(168, 'Spencer Letertre', 'Gender Nonconforming', 'sletertre4n', 'sletertre4n@diigo.com', 'EkovVdKx', '1942058538', '2021-10-16', '2021-05-20', 1, 2),
(169, 'Vonny Trafford', 'Neither', 'vtrafford4o', 'vtrafford4o@skyrock.com', 'CLJxUA', '3597783967', '2021-06-18', '2021-10-22', 2, 1),
(170, 'Joaquin Hanaford', 'Gender Questioning', 'jhanaford4p', 'jhanaford4p@omniture.com', '0lAom0Ki7', '1329184289', '2021-08-05', '2021-05-05', 2, 1),
(171, 'Murdock Rydeard', 'Transgender', 'mrydeard4q', 'mrydeard4q@addtoany.com', 'e0fkg6sVZwW9', '5117965888', '2021-03-28', '2021-07-06', 2, 3),
(172, 'Aura Mix', 'Male to Female', 'amix4r', 'amix4r@google.nl', 'OqQ8wlb4myPZ', '5929688624', '2021-12-02', '2021-05-10', 1, 1),
(173, 'Paddy Eustace', 'Transgender', 'peustace4s', 'peustace4s@techcrunch.com', 'zrGLwnQX2', '8181686089', '2021-05-19', '2021-07-27', 0, 2),
(174, 'Gabey Veel', 'Cisgender Male', 'gveel4t', 'gveel4t@dion.ne.jp', 'Zn0xLpys9krT', '9462284054', '2021-05-19', '2021-09-07', 0, 2),
(175, 'Chanda Ibarra', 'Cisgender Female', 'cibarra4u', 'cibarra4u@imgur.com', 'pyYv159U85WU', '1702536369', '2021-09-23', '2021-05-18', 2, 2),
(176, 'Bartel Pirouet', 'Androgynous', 'bpirouet4v', 'bpirouet4v@pbs.org', 'PLGu7RPQV', '4259505330', '2021-10-04', '2021-03-11', 1, 1),
(177, 'Rudy McAloren', 'MTF', 'rmcaloren4w', 'rmcaloren4w@cpanel.net', 'cud6NKxkc', '3375199492', '2021-11-08', '2021-08-24', 0, 1),
(178, 'Bronnie Blayney', 'Transgender Female', 'bblayney4x', 'bblayney4x@jimdo.com', 'uF2LTNUI', '1397969383', '2021-07-08', '2021-09-21', 2, 2),
(179, 'Devin Gealle', 'Intersex', 'dgealle4y', 'dgealle4y@twitter.com', 'ObuYUhwoXg', '6463446300', '2021-03-06', '2022-01-15', 1, 2),
(180, 'Norman Bollin', 'Cis Male', 'nbollin4z', 'nbollin4z@phoca.cz', '5whXcwfIY', '7994573931', '2021-06-08', '2022-01-06', 0, 1),
(181, 'Maggee Bowland', 'Androgyne', 'mbowland50', 'mbowland50@youtube.com', 'YI3y5qAiQT', '1214896548', '2021-06-10', '2021-05-27', 0, 1),
(182, 'Raf Westman', 'Intersex', 'rwestman51', 'rwestman51@smugmug.com', 'LiVWzfnD', '3763762293', '2021-11-23', '2021-09-21', 0, 1),
(183, 'Pollyanna Newvell', 'Pangender', 'pnewvell52', 'pnewvell52@discuz.net', 'dDxLtM3Hc', '4156210569', '2021-09-18', '2021-11-13', 0, 2),
(184, 'Larisa Pengelley', 'Bigender', 'lpengelley53', 'lpengelley53@sciencedirect.com', 'IV1g6AGuFQB', '2623267651', '2021-05-10', '2021-07-28', 1, 1),
(185, 'Pooh Creffield', 'Transsexual Female', 'pcreffield54', 'pcreffield54@hatena.ne.jp', '7riC33r', '9534915449', '2021-07-29', '2021-04-17', 1, 1),
(186, 'Sophie Parsons', 'Cisgender Male', 'sparsons55', 'sparsons55@liveinternet.ru', 'Vf9jEMv', '9545090404', '2021-12-20', '2022-02-01', 1, 2),
(187, 'Hadleigh Livard', 'Gender Variant', 'hlivard56', 'hlivard56@nih.gov', 'iDcbfsi', '2761308865', '2021-08-21', '2021-06-14', 2, 1),
(188, 'Conroy Newell', 'MTF', 'cnewell57', 'cnewell57@google.fr', 'oaGryH8EVPuC', '2253438877', '2021-11-18', '2022-02-11', 1, 2),
(189, 'Early Burk', 'Trans Man', 'eburk58', 'eburk58@chron.com', 'NKpMp27wXuyJ', '7139158442', '2021-05-13', '2022-01-15', 0, 2),
(190, 'Keary Chateau', 'Transgender Female', 'kchateau59', 'kchateau59@usnews.com', 'SsVqaIs2Ikp', '5219924672', '2021-11-17', '2021-08-23', 1, 3),
(191, 'Grethel Westrip', 'Transgender Male', 'gwestrip5a', 'gwestrip5a@google.ca', 'elk3jUz', '5009690659', '2021-07-03', '2021-02-27', 0, 3),
(192, 'Izak Tollit', 'Genderqueer', 'itollit5b', 'itollit5b@youtu.be', 'lQy4Kp4QVPL', '7072788493', '2021-05-21', '2021-12-19', 2, 2),
(193, 'Dominic Levee', 'Cisgender Man', 'dlevee5c', 'dlevee5c@google.co.jp', '8emNQZ4e', '1705898446', '2021-04-04', '2022-01-26', 2, 2),
(194, 'Aurelea Pacitti', 'Neither', 'apacitti5d', 'apacitti5d@newyorker.com', 'NO91QtfCRjP', '7405608830', '2021-10-14', '2021-03-17', 1, 1),
(195, 'Ardyce Vint', 'Cis Female', 'avint5e', 'avint5e@wikimedia.org', '0vp9NfPUpiA', '9797492628', '2021-08-26', '2022-01-07', 0, 1),
(196, 'Elnore Butson', 'Cis Male', 'ebutson5f', 'ebutson5f@cnet.com', 'ttiCJtchSwHo', '1215401009', '2021-06-22', '2021-11-28', 0, 1),
(197, 'Bessie Lehrer', 'Bigender', 'blehrer5g', 'blehrer5g@vimeo.com', 'gkTqXg', '3549891937', '2021-04-09', '2021-12-07', 2, 2),
(198, 'Georgeta Snook', 'Transgender Person', 'gsnook5h', 'gsnook5h@miibeian.gov.cn', 'elnwOgAfJrLy', '7234909695', '2021-10-05', '2022-01-21', 0, 3),
(199, 'Hanna Gorey', 'Intersex', 'hgorey5i', 'hgorey5i@imageshack.us', 'St6nJyfEoK9X', '2115433450', '2021-10-17', '2021-10-06', 0, 1),
(200, 'Cara Largan', 'Agender', 'clargan5j', 'clargan5j@slashdot.org', 'SVXsRqfMJb', '5186202133', '2021-05-03', '2021-12-13', 0, 3),
(201, 'Eulalie Siddaley', 'MTF', 'esiddaley5k', 'esiddaley5k@google.com.br', 'Co7KJ6yA', '9776364445', '2021-03-24', '2021-06-29', 0, 2),
(202, 'Annalise Kilmary', 'Two-Spirit', 'akilmary5l', 'akilmary5l@netscape.com', '1dvspjk', '4267207355', '2021-10-22', '2021-05-25', 2, 1),
(203, 'Mannie Load', 'Two-Spirit', 'mload5m', 'mload5m@gnu.org', 'tQfCyI8', '2254753325', '2022-01-27', '2021-11-25', 0, 1),
(204, 'Sloan Pendleton', 'Cis', 'spendleton5n', 'spendleton5n@xrea.com', 'yzAKij37zi', '5136316073', '2021-07-19', '2021-06-06', 1, 1),
(205, 'Catha Challice', 'Male to Female', 'cchallice5o', 'cchallice5o@about.me', 'cDHn4BVb3p', '3431684411', '2021-11-01', '2021-09-28', 2, 2),
(206, 'Sharity Whyatt', 'Intersex', 'swhyatt5p', 'swhyatt5p@mozilla.org', 'wVIfcQbA', '3709750583', '2021-08-25', '2021-07-17', 0, 3),
(207, 'Merola Phillis', 'Two-Spirit', 'mphillis5q', 'mphillis5q@pbs.org', 'zoHv3N', '6696206553', '2021-03-07', '2021-08-29', 0, 1),
(208, 'Jedediah Darinton', 'Cisgender', 'jdarinton5r', 'jdarinton5r@alibaba.com', 'oBNxKlxOcmU', '9638038442', '2021-11-26', '2021-08-31', 1, 3),
(209, 'Normand Laity', 'Gender Variant', 'nlaity5s', 'nlaity5s@biblegateway.com', 'lQdQWe', '9956414749', '2021-06-13', '2021-07-18', 1, 1),
(210, 'Paolina MacSorley', 'Cis Female', 'pmacsorley5t', 'pmacsorley5t@tripod.com', 'aaXEJZi', '3225279588', '2021-06-11', '2022-01-03', 0, 3),
(211, 'Fidelity Patifield', 'Neither', 'fpatifield5u', 'fpatifield5u@goodreads.com', 'lZ846uF', '2956777972', '2022-01-17', '2021-07-18', 0, 2),
(212, 'Frans Handasyde', 'Cis Man', 'fhandasyde5v', 'fhandasyde5v@scientificamerican.com', '6f5gymhAQ', '9137068548', '2022-01-07', '2021-12-24', 2, 1),
(213, 'James Iorillo', 'MTF', 'jiorillo5w', 'jiorillo5w@redcross.org', 'BbeREuT9oTs', '4382732839', '2021-10-19', '2021-05-15', 2, 3),
(214, 'Chery Stowte', 'Gender Variant', 'cstowte5x', 'cstowte5x@histats.com', 'NXebaIs2', '4662880217', '2021-05-12', '2021-11-01', 1, 1),
(215, 'Dale Brodest', 'Trans Female', 'dbrodest5y', 'dbrodest5y@tinypic.com', 'IMV9Oz', '9057589313', '2022-01-07', '2021-04-22', 2, 1),
(216, 'Wynn Lukock', 'Androgynous', 'wlukock5z', 'wlukock5z@people.com.cn', 'MCpHuOk7', '5297993676', '2021-10-10', '2021-09-14', 1, 3),
(217, 'Gay Caldecot', 'Cisgender Male', 'gcaldecot60', 'gcaldecot60@auda.org.au', 'rg99fGlM6Gv', '2424079259', '2021-06-15', '2022-01-01', 0, 2),
(218, 'Lynnelle M\'Quhan', 'Transgender', 'lmquhan61', 'lmquhan61@xing.com', 'dxeQmMKg9euI', '1254972260', '2021-06-22', '2021-11-26', 0, 1),
(219, 'Yale Gorvette', 'Bigender', 'ygorvette62', 'ygorvette62@usgs.gov', 'stqtba', '5499312301', '2021-06-15', '2021-12-02', 2, 1),
(220, 'Pincas Marler', 'Neither', 'pmarler63', 'pmarler63@naver.com', 'YuVlEYgDfn', '1604563546', '2022-02-04', '2021-06-28', 0, 1),
(221, 'Pandora MacCostigan', 'Transsexual Person', 'pmaccostigan64', 'pmaccostigan64@usatoday.com', '8XGgKdW', '6491806467', '2021-04-03', '2021-06-23', 2, 2),
(222, 'Neron Izard', 'Cis Man', 'nizard65', 'nizard65@quantcast.com', '6X7ROsxZ9v', '3282475959', '2021-11-26', '2021-03-05', 0, 1),
(223, 'Ailsun Bevington', 'Transmasculine', 'abevington66', 'abevington66@ted.com', 'IV3aqX', '1855475336', '2021-09-09', '2021-12-01', 2, 1),
(224, 'Siegfried Gutteridge', 'Transgender Person', 'sgutteridge67', 'sgutteridge67@hao123.com', 'UkTWUucqPTBE', '9312938670', '2021-09-06', '2021-12-15', 1, 1),
(225, 'Dominic Shipway', 'Transsexual Man', 'dshipway68', 'dshipway68@hao123.com', '4kmAx7rA', '4708088998', '2021-10-17', '2021-10-24', 0, 1),
(226, 'Sol Merwe', 'Transsexual Female', 'smerwe69', 'smerwe69@histats.com', 'OOs2MgCXfPwX', '9898918994', '2021-08-22', '2021-10-07', 0, 1),
(227, 'Mirabelle Tribbeck', 'Trans Woman', 'mtribbeck6a', 'mtribbeck6a@studiopress.com', 'B1ED8KToCZ', '9649992407', '2021-10-18', '2021-05-23', 0, 3),
(228, 'Cori Pedrol', 'Cisgender Woman', 'cpedrol6b', 'cpedrol6b@comsenz.com', 'BqesjzLr', '5103997314', '2022-01-07', '2021-06-05', 0, 1),
(229, 'Lannie Irdale', 'Gender Questioning', 'lirdale6c', 'lirdale6c@plala.or.jp', 'kWM7GMzr', '3165987775', '2021-10-27', '2021-07-28', 0, 1),
(230, 'Auria Shemmin', 'Agender', 'ashemmin6d', 'ashemmin6d@ovh.net', '88UGEJCRXG', '8875585889', '2021-03-27', '2021-11-11', 1, 2),
(231, 'Marmaduke Vosper', 'Androgyne', 'mvosper6e', 'mvosper6e@reverbnation.com', 'xyxOG2mq8LC', '9708894354', '2021-10-29', '2022-02-01', 1, 3),
(232, 'Tommy Lingfoot', 'Agender', 'tlingfoot6f', 'tlingfoot6f@sakura.ne.jp', 'MzAhmrOW', '1424252460', '2021-03-14', '2021-03-01', 1, 3),
(233, 'Barret Milsted', 'Gender Fluid', 'bmilsted6g', 'bmilsted6g@oaic.gov.au', 'XN9zMJQyXE', '3032349743', '2022-01-31', '2021-04-26', 2, 3),
(234, 'Grantham Adenet', 'MTF', 'gadenet6h', 'gadenet6h@unc.edu', 'qwK8uZX', '3363823609', '2022-02-12', '2022-01-03', 0, 3),
(235, 'Charil Dingley', 'Other', 'cdingley6i', 'cdingley6i@intel.com', 't33GEUksV2', '9666482350', '2021-06-20', '2022-02-14', 1, 1),
(236, 'Niall Edeler', 'Cis Female', 'nedeler6j', 'nedeler6j@tripod.com', 'ZO5eWexbyge1', '1962023356', '2021-07-18', '2021-06-20', 1, 2),
(237, 'Siegfried Paulillo', 'Cis Male', 'spaulillo6k', 'spaulillo6k@vimeo.com', 'ygGeee64', '2021855502', '2021-07-16', '2021-10-22', 1, 3),
(238, 'Jeanelle Duester', 'Transsexual Male', 'jduester6l', 'jduester6l@guardian.co.uk', 'MDmKed8kg', '5951263577', '2021-12-04', '2021-10-09', 2, 3),
(239, 'Fulvia Remington', 'Intersex', 'fremington6m', 'fremington6m@edublogs.org', 'BhAj8dIMdA9y', '9544806634', '2021-09-20', '2021-09-01', 0, 1),
(240, 'Klemens Lacroutz', 'Female to Male', 'klacroutz6n', 'klacroutz6n@rediff.com', 'Fp7TDDsX', '6293071091', '2021-10-28', '2021-05-04', 1, 1),
(241, 'Drake Seymer', 'Transfeminine', 'dseymer6o', 'dseymer6o@paypal.com', 'jIfaGpNr1', '2304816521', '2021-07-25', '2021-03-07', 2, 3),
(242, 'Mable Livesey', 'MTF', 'mlivesey6p', 'mlivesey6p@homestead.com', 'OCcjSLKbnZ', '3112167871', '2022-01-18', '2021-10-14', 1, 2),
(243, 'Arnuad Sigfrid', 'Transgender Female', 'asigfrid6q', 'asigfrid6q@cmu.edu', 'zgrBirVvhm', '8224308691', '2021-12-14', '2021-10-04', 0, 1),
(244, 'Laryssa Londors', 'Transmasculine', 'llondors6r', 'llondors6r@latimes.com', '4Sg7nil1Jj', '3679280382', '2021-06-18', '2021-05-15', 1, 1),
(245, 'Maddalena Berthome', 'Transgender Woman', 'mberthome6s', 'mberthome6s@stumbleupon.com', 'hu2oQ3P5L', '3813969191', '2021-07-13', '2021-06-28', 2, 2),
(246, 'Isahella Brame', 'Trans Person', 'ibrame6t', 'ibrame6t@army.mil', 'vKhjxDJ3', '7315168212', '2022-02-10', '2021-08-20', 0, 3),
(247, 'Hubey Myhan', 'Cis Man', 'hmyhan6u', 'hmyhan6u@nifty.com', 'cULGPnsT6g5', '5383980986', '2021-06-28', '2021-11-25', 1, 3),
(248, 'Austina Kegan', 'Transsexual Man', 'akegan6v', 'akegan6v@ucoz.ru', 'd48h7dNRvWd', '8264493301', '2021-05-15', '2021-12-14', 1, 2),
(249, 'Sibeal Monroe', 'Transgender Man', 'smonroe6w', 'smonroe6w@pbs.org', 'N714Uy', '2377394686', '2021-02-22', '2021-11-26', 1, 3),
(250, 'Gare Jonson', 'Gender Questioning', 'gjonson6x', 'gjonson6x@google.com.br', 'RUChS0yhgSk', '8395009312', '2022-01-19', '2021-08-21', 0, 1);

-- --------------------------------------------------------

--
-- Table structure for table `user_status`
--

DROP TABLE IF EXISTS `user_status`;
CREATE TABLE `user_status` (
  `id` int(11) NOT NULL,
  `name` varchar(50) DEFAULT NULL,
  `descp` varchar(50) DEFAULT NULL,
  `created_at` date DEFAULT NULL
) ENGINE=InnoDB DEFAULT CHARSET=utf8mb4;

--
-- Dumping data for table `user_status`
--

INSERT INTO `user_status` (`id`, `name`, `descp`, `created_at`) VALUES
(1, 'ban', '禁用', '2022-02-17'),
(2, 'active', '啟用', '2022-02-17'),
(3, 'delete', '刪除', '2022-02-17');

--
-- Indexes for dumped tables
--

--
-- Indexes for table `orders`
--
ALTER TABLE `orders`
  ADD PRIMARY KEY (`id`);

--
-- Indexes for table `order_detail`
--
ALTER TABLE `order_detail`
  ADD PRIMARY KEY (`id`);

--
-- Indexes for table `order_status`
--
ALTER TABLE `order_status`
  ADD PRIMARY KEY (`id`);

--
-- Indexes for table `payment_method`
--
ALTER TABLE `payment_method`
  ADD PRIMARY KEY (`id`);

--
-- Indexes for table `products`
--
ALTER TABLE `products`
  ADD PRIMARY KEY (`id`);

--
-- Indexes for table `product_series`
--
ALTER TABLE `product_series`
  ADD PRIMARY KEY (`id`);

--
-- Indexes for table `product_status`
--
ALTER TABLE `product_status`
  ADD PRIMARY KEY (`id`);

--
-- Indexes for table `users`
--
ALTER TABLE `users`
  ADD PRIMARY KEY (`id`);

--
-- Indexes for table `user_status`
--
ALTER TABLE `user_status`
  ADD PRIMARY KEY (`id`);

--
-- AUTO_INCREMENT for dumped tables
--

--
-- AUTO_INCREMENT for table `orders`
--
ALTER TABLE `orders`
  MODIFY `id` int(11) NOT NULL AUTO_INCREMENT, AUTO_INCREMENT=251;

--
-- AUTO_INCREMENT for table `order_detail`
--
ALTER TABLE `order_detail`
  MODIFY `id` int(11) NOT NULL AUTO_INCREMENT, AUTO_INCREMENT=251;

--
-- AUTO_INCREMENT for table `order_status`
--
ALTER TABLE `order_status`
  MODIFY `id` int(11) NOT NULL AUTO_INCREMENT, AUTO_INCREMENT=7;

--
-- AUTO_INCREMENT for table `payment_method`
--
ALTER TABLE `payment_method`
  MODIFY `id` int(11) NOT NULL AUTO_INCREMENT, AUTO_INCREMENT=5;

--
-- AUTO_INCREMENT for table `products`
--
ALTER TABLE `products`
  MODIFY `id` int(11) UNSIGNED NOT NULL AUTO_INCREMENT, AUTO_INCREMENT=251;

--
-- AUTO_INCREMENT for table `product_series`
--
ALTER TABLE `product_series`
  MODIFY `id` int(11) NOT NULL AUTO_INCREMENT, AUTO_INCREMENT=7;

--
-- AUTO_INCREMENT for table `product_status`
--
ALTER TABLE `product_status`
  MODIFY `id` int(11) UNSIGNED NOT NULL AUTO_INCREMENT, AUTO_INCREMENT=6;

--
-- AUTO_INCREMENT for table `users`
--
ALTER TABLE `users`
  MODIFY `id` int(11) NOT NULL AUTO_INCREMENT, AUTO_INCREMENT=251;

--
-- AUTO_INCREMENT for table `user_status`
--
ALTER TABLE `user_status`
  MODIFY `id` int(11) NOT NULL AUTO_INCREMENT, AUTO_INCREMENT=4;
COMMIT;

/*!40101 SET CHARACTER_SET_CLIENT=@OLD_CHARACTER_SET_CLIENT */;
/*!40101 SET CHARACTER_SET_RESULTS=@OLD_CHARACTER_SET_RESULTS */;
/*!40101 SET COLLATION_CONNECTION=@OLD_COLLATION_CONNECTION */;
