-- phpMyAdmin SQL Dump
-- version 5.1.1
-- https://www.phpmyadmin.net/
--
-- Host: localhost
-- Generation Time: Mar 05, 2022 at 09:51 AM
-- Server version: 10.4.21-MariaDB
-- PHP Version: 8.1.0

SET SQL_MODE = "NO_AUTO_VALUE_ON_ZERO";
START TRANSACTION;
SET time_zone = "+00:00";


/*!40101 SET @OLD_CHARACTER_SET_CLIENT=@@CHARACTER_SET_CLIENT */;
/*!40101 SET @OLD_CHARACTER_SET_RESULTS=@@CHARACTER_SET_RESULTS */;
/*!40101 SET @OLD_COLLATION_CONNECTION=@@COLLATION_CONNECTION */;
/*!40101 SET NAMES utf8mb4 */;

--
-- Database: `flamboyant`
--
CREATE DATABASE IF NOT EXISTS `flamboyant` DEFAULT CHARACTER SET utf8mb4 COLLATE utf8mb4_general_ci;
USE `flamboyant`;

-- --------------------------------------------------------

--
-- Table structure for table `cart`
--

DROP TABLE IF EXISTS `cart`;
CREATE TABLE `cart` (
  `id` int(11) NOT NULL,
  `created_at` datetime NOT NULL,
  `product_id` int(11) UNSIGNED DEFAULT NULL,
  `user_id` int(11) UNSIGNED DEFAULT NULL
) ENGINE=InnoDB DEFAULT CHARSET=utf8mb4;

-- --------------------------------------------------------

--
-- Table structure for table `discount`
--

DROP TABLE IF EXISTS `discount`;
CREATE TABLE `discount` (
  `id` int(11) NOT NULL,
  `name` varchar(30) NOT NULL,
  `descp` varchar(50) NOT NULL,
  `price` int(11) NOT NULL,
  `valid` int(11) NOT NULL
) ENGINE=InnoDB DEFAULT CHARSET=utf8mb4;

-- --------------------------------------------------------

--
-- Table structure for table `discount_ticket`
--

DROP TABLE IF EXISTS `discount_ticket`;
CREATE TABLE `discount_ticket` (
  `id` int(11) NOT NULL,
  `created_at` datetime NOT NULL,
  `expired_at` datetime NOT NULL,
  `discount_id` int(11) NOT NULL,
  `user_id` int(11) NOT NULL
) ENGINE=InnoDB DEFAULT CHARSET=utf8mb4;

-- --------------------------------------------------------

--
-- Table structure for table `download`
--

DROP TABLE IF EXISTS `download`;
CREATE TABLE `download` (
  `id` int(11) NOT NULL,
  `status` int(11) DEFAULT NULL,
  `created_at` date DEFAULT NULL,
  `user_id` int(11) DEFAULT NULL,
  `product_id` int(11) DEFAULT NULL
) ENGINE=InnoDB DEFAULT CHARSET=utf8mb4;

--
-- Dumping data for table `download`
--

INSERT INTO `download` (`id`, `status`, `created_at`, `user_id`, `product_id`) VALUES
(1, 2, '2022-01-21', 25, 29),
(2, 1, '2022-03-09', 215, 25),
(3, 1, '2021-12-05', 148, 15),
(4, 2, '2021-01-30', 149, 35),
(5, 1, '2021-01-09', 237, 41),
(6, 2, '2021-01-25', 122, 15),
(7, 1, '2021-03-04', 51, 1),
(8, 1, '2021-02-10', 130, 28),
(9, 1, '2021-12-22', 2, 43),
(10, 2, '2021-11-03', 100, 12),
(11, 1, '2021-10-22', 242, 8),
(12, 1, '2021-09-20', 247, 28),
(13, 1, '2021-05-24', 162, 15),
(14, 1, '2021-12-23', 147, 38),
(15, 1, '2021-07-04', 75, 22),
(16, 2, '2021-04-10', 101, 37),
(17, 2, '2021-08-13', 230, 1),
(18, 1, '2021-08-31', 30, 12),
(19, 1, '2021-08-04', 43, 37),
(20, 1, '2021-07-05', 208, 34),
(21, 2, '2021-12-10', 70, 4),
(22, 2, '2021-05-14', 110, 33),
(23, 2, '2022-03-07', 201, 18),
(24, 2, '2022-01-09', 71, 21),
(25, 1, '2021-04-25', 189, 19),
(26, 1, '2021-07-11', 19, 9),
(27, 2, '2021-12-29', 181, 12),
(28, 1, '2021-07-08', 172, 15),
(29, 1, '2021-08-18', 158, 20),
(30, 2, '2021-11-17', 61, 14),
(31, 1, '2021-01-31', 141, 3),
(32, 2, '2021-08-29', 159, 35),
(33, 1, '2021-02-06', 53, 41),
(34, 2, '2021-02-13', 206, 14),
(35, 2, '2021-08-19', 248, 24),
(36, 1, '2021-01-22', 246, 13),
(37, 1, '2021-12-22', 61, 36),
(38, 2, '2021-02-22', 137, 40),
(39, 2, '2021-08-30', 46, 35),
(40, 2, '2022-02-08', 76, 12),
(41, 2, '2021-01-11', 229, 28),
(42, 2, '2021-08-08', 131, 21),
(43, 2, '2021-08-16', 116, 3),
(44, 1, '2021-02-17', 206, 21),
(45, 1, '2021-09-25', 110, 19),
(46, 1, '2021-09-08', 241, 38),
(47, 1, '2022-03-20', 70, 9),
(48, 2, '2022-04-07', 77, 4),
(49, 2, '2022-02-18', 207, 1),
(50, 2, '2021-11-18', 197, 33),
(51, 1, '2022-01-21', 57, 2),
(52, 1, '2021-10-03', 179, 6),
(53, 1, '2021-06-20', 249, 24),
(54, 1, '2022-01-23', 27, 36),
(55, 1, '2021-09-16', 53, 33),
(56, 2, '2021-11-30', 235, 24),
(57, 2, '2022-03-01', 17, 26),
(58, 2, '2021-10-18', 239, 32),
(59, 1, '2021-03-02', 44, 41),
(60, 1, '2021-04-27', 31, 17),
(61, 2, '2021-05-08', 218, 21),
(62, 1, '2021-09-18', 233, 26),
(63, 2, '2021-07-31', 39, 10),
(64, 2, '2021-03-21', 127, 3),
(65, 1, '2021-03-26', 242, 17),
(66, 2, '2021-11-22', 209, 40),
(67, 2, '2021-11-04', 245, 34),
(68, 1, '2021-12-17', 119, 13),
(69, 1, '2021-05-22', 170, 24),
(70, 2, '2021-02-19', 80, 34),
(71, 2, '2021-09-05', 21, 33),
(72, 2, '2022-01-22', 217, 18),
(73, 2, '2021-06-02', 145, 18),
(74, 2, '2022-04-26', 120, 32),
(75, 1, '2022-03-22', 90, 36),
(76, 2, '2021-05-12', 229, 21),
(77, 2, '2021-09-12', 150, 14),
(78, 2, '2021-12-28', 242, 23),
(79, 1, '2021-08-02', 66, 23),
(80, 2, '2022-03-08', 126, 28),
(81, 1, '2022-04-07', 175, 19),
(82, 2, '2021-09-21', 69, 2),
(83, 2, '2021-01-18', 162, 23),
(84, 2, '2021-03-24', 240, 20),
(85, 2, '2021-01-13', 76, 42),
(86, 2, '2021-10-15', 247, 33),
(87, 1, '2021-10-18', 135, 35),
(88, 1, '2021-10-07', 183, 43),
(89, 1, '2021-07-22', 30, 34),
(90, 1, '2021-05-28', 159, 16),
(91, 2, '2021-05-07', 106, 43),
(92, 2, '2021-07-08', 197, 32),
(93, 2, '2021-03-08', 14, 28),
(94, 1, '2021-04-13', 128, 36),
(95, 1, '2021-03-23', 153, 23),
(96, 1, '2022-01-13', 213, 19),
(97, 1, '2021-05-14', 223, 5),
(98, 2, '2021-01-15', 181, 12),
(99, 2, '2022-03-06', 241, 24),
(100, 1, '2022-03-22', 140, 34),
(101, 2, '2021-09-15', 197, 38),
(102, 2, '2021-07-02', 63, 33),
(103, 1, '2022-03-30', 42, 31),
(104, 1, '2021-01-08', 216, 13),
(105, 1, '2022-01-29', 12, 23),
(106, 2, '2021-12-04', 99, 38),
(107, 1, '2021-01-23', 247, 20),
(108, 1, '2021-07-19', 196, 11),
(109, 2, '2021-06-21', 169, 8),
(110, 1, '2022-04-13', 178, 13),
(111, 2, '2022-02-18', 8, 42),
(112, 2, '2021-03-31', 118, 10),
(113, 2, '2021-08-08', 160, 8),
(114, 2, '2021-09-25', 152, 27),
(115, 2, '2021-07-08', 107, 33),
(116, 1, '2021-07-31', 54, 17),
(117, 2, '2022-01-02', 189, 2),
(118, 1, '2022-01-29', 148, 19),
(119, 1, '2021-12-07', 233, 17),
(120, 1, '2021-04-02', 177, 19),
(121, 1, '2021-02-11', 245, 33),
(122, 1, '2021-02-11', 54, 32),
(123, 1, '2021-11-18', 209, 23),
(124, 2, '2021-10-16', 147, 20),
(125, 2, '2021-06-30', 49, 19),
(126, 2, '2022-02-07', 55, 43),
(127, 1, '2021-09-11', 88, 9),
(128, 1, '2021-05-19', 184, 16),
(129, 2, '2021-02-20', 214, 2),
(130, 2, '2021-12-26', 31, 5),
(131, 1, '2021-11-01', 208, 28),
(132, 2, '2021-07-28', 217, 1),
(133, 1, '2021-08-30', 219, 29),
(134, 2, '2021-07-14', 46, 15),
(135, 2, '2021-09-11', 82, 6),
(136, 1, '2021-10-17', 173, 41),
(137, 1, '2021-07-29', 196, 3),
(138, 1, '2022-04-10', 228, 28),
(139, 2, '2021-11-17', 15, 25),
(140, 1, '2022-03-12', 186, 27),
(141, 1, '2022-02-23', 56, 16),
(142, 2, '2022-04-26', 156, 4),
(143, 1, '2021-11-24', 55, 13),
(144, 2, '2021-11-11', 171, 32),
(145, 1, '2022-03-08', 101, 35),
(146, 1, '2021-06-26', 231, 21),
(147, 2, '2021-12-14', 174, 22),
(148, 1, '2021-05-02', 162, 17),
(149, 2, '2021-10-06', 238, 3),
(150, 2, '2021-09-03', 238, 17),
(151, 2, '2021-08-24', 212, 20),
(152, 2, '2021-06-12', 150, 9),
(153, 1, '2022-01-29', 197, 19),
(154, 2, '2021-05-04', 193, 15),
(155, 2, '2021-07-01', 225, 31),
(156, 1, '2021-07-04', 225, 37),
(157, 1, '2021-03-20', 96, 37),
(158, 1, '2022-04-26', 128, 41),
(159, 1, '2021-02-04', 134, 4),
(160, 2, '2021-10-31', 146, 10),
(161, 2, '2021-10-30', 18, 7),
(162, 1, '2021-09-20', 46, 7),
(163, 1, '2022-01-18', 196, 22),
(164, 1, '2021-11-16', 70, 15),
(165, 1, '2021-09-17', 146, 30),
(166, 2, '2021-04-29', 221, 1),
(167, 1, '2021-06-23', 57, 23),
(168, 2, '2021-05-01', 107, 10),
(169, 2, '2021-04-23', 31, 12),
(170, 2, '2021-12-30', 170, 34),
(171, 2, '2021-11-15', 26, 20),
(172, 1, '2021-09-25', 179, 36),
(173, 2, '2021-11-02', 208, 30),
(174, 2, '2021-09-21', 170, 44),
(175, 1, '2022-02-17', 219, 8),
(176, 2, '2021-04-02', 107, 32),
(177, 1, '2021-02-23', 106, 5),
(178, 1, '2021-09-19', 73, 8),
(179, 2, '2021-04-18', 225, 26),
(180, 1, '2022-01-17', 142, 15),
(181, 2, '2021-05-05', 15, 16),
(182, 1, '2022-03-07', 148, 24),
(183, 1, '2022-03-20', 23, 11),
(184, 2, '2021-06-09', 182, 7),
(185, 1, '2021-07-01', 140, 18),
(186, 1, '2021-03-14', 85, 33),
(187, 2, '2021-02-16', 99, 27),
(188, 2, '2022-01-02', 167, 18),
(189, 1, '2021-11-09', 235, 30),
(190, 2, '2021-02-21', 191, 33),
(191, 2, '2021-11-04', 91, 6),
(192, 1, '2021-09-29', 209, 15),
(193, 1, '2021-10-28', 228, 36),
(194, 2, '2022-02-05', 179, 26),
(195, 2, '2022-01-06', 145, 36),
(196, 1, '2021-05-11', 111, 24),
(197, 1, '2021-09-01', 88, 25),
(198, 2, '2021-08-15', 85, 2),
(199, 1, '2022-01-02', 181, 32),
(200, 2, '2022-01-25', 250, 26),
(201, 2, '2021-08-12', 190, 34),
(202, 2, '2022-01-31', 237, 32),
(203, 2, '2022-04-17', 127, 14),
(204, 1, '2021-09-17', 16, 34),
(205, 2, '2021-10-08', 117, 44),
(206, 1, '2022-04-26', 139, 30),
(207, 1, '2021-03-10', 81, 43),
(208, 1, '2021-04-02', 95, 12),
(209, 1, '2022-04-26', 86, 8),
(210, 2, '2021-08-08', 247, 20),
(211, 2, '2021-01-15', 93, 13),
(212, 1, '2021-10-26', 70, 25),
(213, 1, '2021-12-29', 123, 17),
(214, 2, '2022-03-28', 109, 5),
(215, 2, '2021-08-11', 230, 4),
(216, 2, '2021-01-28', 72, 26),
(217, 1, '2021-06-13', 221, 9),
(218, 2, '2021-12-24', 30, 18),
(219, 1, '2022-01-30', 204, 34),
(220, 2, '2021-09-20', 235, 14),
(221, 2, '2021-10-09', 88, 10),
(222, 1, '2021-10-18', 178, 24),
(223, 2, '2021-07-20', 250, 13),
(224, 1, '2022-03-23', 85, 42),
(225, 1, '2022-04-08', 178, 31),
(226, 1, '2022-04-16', 140, 34),
(227, 2, '2021-02-27', 57, 43),
(228, 2, '2021-04-24', 216, 24),
(229, 1, '2021-09-17', 137, 5),
(230, 1, '2022-02-20', 242, 19),
(231, 2, '2022-01-18', 91, 30),
(232, 1, '2022-04-25', 99, 33),
(233, 2, '2021-09-02', 225, 24),
(234, 2, '2021-05-05', 102, 27),
(235, 2, '2021-01-17', 237, 18),
(236, 1, '2021-01-09', 47, 3),
(237, 2, '2022-02-25', 178, 11),
(238, 1, '2021-01-25', 96, 15),
(239, 1, '2021-10-26', 96, 42),
(240, 1, '2021-05-09', 209, 37),
(241, 2, '2021-02-20', 171, 43),
(242, 1, '2021-08-18', 86, 26),
(243, 1, '2022-02-15', 148, 29),
(244, 2, '2021-06-17', 206, 26),
(245, 2, '2021-10-21', 78, 28),
(246, 1, '2021-08-13', 205, 7),
(247, 2, '2022-03-21', 160, 30),
(248, 1, '2021-12-24', 101, 41),
(249, 1, '2021-01-06', 240, 14),
(250, 1, '2021-02-12', 222, 25);

-- --------------------------------------------------------

--
-- Table structure for table `favorites`
--

DROP TABLE IF EXISTS `favorites`;
CREATE TABLE `favorites` (
  `id` int(11) NOT NULL,
  `created_at` date DEFAULT NULL,
  `product_id` int(11) DEFAULT NULL,
  `user_id` int(11) DEFAULT NULL
) ENGINE=InnoDB DEFAULT CHARSET=utf8mb4;

--
-- Dumping data for table `favorites`
--

INSERT INTO `favorites` (`id`, `created_at`, `product_id`, `user_id`) VALUES
(1, '2021-05-25', 25, 97),
(2, '2022-01-24', 3, 12),
(3, '2021-06-26', 19, 177),
(4, '2021-02-07', 39, 15),
(5, '2021-08-01', 41, 177),
(6, '2022-01-16', 12, 150),
(7, '2021-02-08', 42, 128),
(8, '2021-08-10', 13, 62),
(9, '2021-06-21', 8, 51),
(10, '2021-11-03', 24, 191),
(11, '2021-04-25', 6, 57),
(12, '2021-12-23', 44, 61),
(13, '2021-02-20', 30, 20),
(14, '2021-08-16', 2, 203),
(15, '2021-09-06', 33, 69),
(16, '2022-01-02', 43, 184),
(17, '2021-09-26', 9, 65),
(18, '2021-08-01', 16, 186),
(19, '2022-02-21', 21, 202),
(20, '2021-04-18', 17, 83),
(21, '2022-01-30', 2, 205),
(22, '2021-04-16', 12, 142),
(23, '2021-11-07', 19, 15),
(24, '2021-04-25', 1, 240),
(25, '2021-05-02', 1, 14),
(26, '2021-05-18', 36, 141),
(27, '2021-10-31', 34, 27),
(28, '2021-08-12', 38, 25),
(29, '2021-05-16', 3, 125),
(30, '2021-12-25', 44, 165),
(31, '2021-04-08', 20, 16),
(32, '2021-10-29', 15, 26),
(33, '2021-06-23', 37, 180),
(34, '2021-09-19', 43, 10),
(35, '2021-03-12', 32, 62),
(36, '2021-11-11', 34, 205),
(37, '2021-10-26', 6, 8),
(38, '2021-04-25', 14, 212),
(39, '2021-06-27', 4, 21),
(40, '2021-09-18', 32, 195),
(41, '2021-07-04', 12, 83),
(42, '2021-04-30', 21, 19),
(43, '2021-09-15', 35, 68),
(44, '2021-03-25', 11, 169),
(45, '2021-02-14', 30, 46),
(46, '2021-11-25', 15, 159),
(47, '2021-08-14', 29, 189),
(48, '2021-12-30', 43, 75),
(49, '2021-09-24', 6, 144),
(50, '2021-02-26', 37, 178),
(51, '2021-06-27', 30, 144),
(52, '2021-06-27', 41, 226),
(53, '2021-11-11', 39, 14),
(54, '2021-10-30', 34, 42),
(55, '2021-03-04', 43, 51),
(56, '2021-03-15', 1, 174),
(57, '2021-08-15', 38, 5),
(58, '2021-07-28', 24, 128),
(59, '2021-02-12', 41, 100),
(60, '2021-08-05', 22, 185),
(61, '2021-07-25', 35, 38),
(62, '2021-01-29', 8, 245),
(63, '2021-08-07', 39, 147),
(64, '2021-12-22', 23, 171),
(65, '2021-04-15', 35, 150),
(66, '2021-11-04', 44, 12),
(67, '2021-02-08', 23, 169),
(68, '2021-12-03', 12, 157),
(69, '2022-02-01', 43, 170),
(70, '2021-10-14', 16, 150),
(71, '2021-01-20', 27, 48),
(72, '2021-03-01', 39, 223),
(73, '2021-08-09', 16, 86),
(74, '2021-06-19', 25, 70),
(75, '2021-03-22', 42, 2),
(76, '2021-11-27', 16, 197),
(77, '2021-10-28', 36, 85),
(78, '2021-04-18', 30, 168),
(79, '2021-08-23', 10, 177),
(80, '2022-01-18', 21, 100),
(81, '2022-01-12', 2, 155),
(82, '2021-07-20', 37, 40),
(83, '2021-07-08', 14, 182),
(84, '2021-01-30', 29, 65),
(85, '2021-07-03', 32, 135),
(86, '2021-06-02', 39, 236),
(87, '2021-02-06', 31, 142),
(88, '2021-09-01', 28, 61),
(89, '2021-05-13', 12, 23),
(90, '2021-12-15', 7, 51),
(91, '2021-10-16', 7, 98),
(92, '2021-03-21', 7, 229),
(93, '2021-10-25', 18, 49),
(94, '2021-11-14', 28, 54),
(95, '2021-06-20', 14, 185),
(96, '2021-06-04', 34, 227),
(97, '2021-06-04', 18, 248),
(98, '2021-08-26', 18, 193),
(99, '2021-02-20', 12, 21),
(100, '2021-06-30', 30, 234),
(101, '2022-01-02', 30, 29),
(102, '2021-10-08', 21, 210),
(103, '2021-03-03', 10, 51),
(104, '2021-03-02', 5, 167),
(105, '2022-01-26', 8, 177),
(106, '2021-08-06', 10, 136),
(107, '2021-04-20', 38, 152),
(108, '2021-08-08', 17, 183),
(109, '2021-06-04', 4, 132),
(110, '2021-06-11', 26, 64),
(111, '2021-10-28', 29, 190),
(112, '2021-11-27', 41, 72),
(113, '2021-08-06', 18, 146),
(114, '2021-10-18', 20, 185),
(115, '2021-12-02', 13, 240),
(116, '2021-03-12', 9, 167),
(117, '2021-07-30', 30, 105),
(118, '2021-10-24', 40, 202),
(119, '2021-01-30', 23, 152),
(120, '2021-03-06', 18, 48),
(121, '2021-02-22', 3, 115),
(122, '2021-01-24', 8, 75),
(123, '2021-08-17', 11, 50),
(124, '2022-02-20', 43, 183),
(125, '2021-08-09', 33, 214),
(126, '2021-08-19', 22, 164),
(127, '2021-08-05', 14, 133),
(128, '2021-10-11', 11, 59),
(129, '2022-02-06', 3, 101),
(130, '2021-08-03', 21, 228),
(131, '2021-06-29', 11, 247),
(132, '2021-02-24', 21, 160),
(133, '2021-03-05', 5, 208),
(134, '2021-09-20', 43, 23),
(135, '2021-03-31', 43, 62),
(136, '2021-03-24', 14, 19),
(137, '2021-06-05', 26, 92),
(138, '2021-11-16', 33, 188),
(139, '2021-09-06', 33, 198),
(140, '2021-11-29', 29, 35),
(141, '2021-12-02', 21, 175),
(142, '2021-05-30', 7, 27),
(143, '2021-06-03', 12, 195),
(144, '2021-03-26', 2, 75),
(145, '2021-09-13', 44, 212),
(146, '2022-01-14', 34, 157),
(147, '2021-06-08', 7, 76),
(148, '2021-05-01', 34, 56),
(149, '2021-06-21', 14, 250),
(150, '2021-09-10', 16, 146),
(151, '2021-03-27', 15, 153),
(152, '2021-04-20', 19, 128),
(153, '2021-07-03', 42, 154),
(154, '2021-04-09', 27, 208),
(155, '2021-08-04', 29, 245),
(156, '2022-01-27', 26, 38),
(157, '2021-04-17', 40, 11),
(158, '2022-01-27', 7, 115),
(159, '2021-03-06', 34, 223),
(160, '2021-03-15', 16, 45),
(161, '2021-09-20', 44, 53),
(162, '2021-04-10', 30, 183),
(163, '2021-10-20', 11, 75),
(164, '2022-01-20', 3, 24),
(165, '2021-06-30', 28, 212),
(166, '2021-04-26', 17, 71),
(167, '2021-04-09', 9, 209),
(168, '2021-12-25', 10, 19),
(169, '2021-11-10', 23, 65),
(170, '2021-06-18', 4, 152),
(171, '2021-07-27', 43, 157),
(172, '2021-06-11', 25, 56),
(173, '2021-08-06', 23, 114),
(174, '2022-01-27', 23, 59),
(175, '2021-01-26', 32, 89),
(176, '2021-12-13', 9, 208),
(177, '2021-03-17', 3, 197),
(178, '2021-08-24', 42, 243),
(179, '2021-11-02', 37, 30),
(180, '2021-12-22', 4, 27),
(181, '2021-10-12', 14, 96),
(182, '2021-05-28', 15, 113),
(183, '2021-03-07', 28, 247),
(184, '2022-01-03', 13, 244),
(185, '2021-10-14', 11, 84),
(186, '2021-04-16', 33, 229),
(187, '2021-07-25', 22, 130),
(188, '2022-01-15', 4, 26),
(189, '2021-03-26', 18, 245),
(190, '2021-10-17', 14, 70),
(191, '2021-05-07', 25, 16),
(192, '2021-02-02', 32, 162),
(193, '2021-03-24', 24, 82),
(194, '2021-02-06', 23, 224),
(195, '2021-12-22', 10, 88),
(196, '2021-07-14', 41, 194),
(197, '2021-12-23', 4, 140),
(198, '2021-04-23', 9, 117),
(199, '2021-06-27', 11, 8),
(200, '2021-12-06', 37, 73),
(201, '2021-07-02', 38, 108),
(202, '2021-10-01', 9, 141),
(203, '2021-08-03', 28, 74),
(204, '2022-01-02', 8, 105),
(205, '2021-02-19', 7, 198),
(206, '2021-03-29', 7, 232),
(207, '2021-03-10', 34, 240),
(208, '2021-09-18', 27, 117),
(209, '2021-02-05', 41, 148),
(210, '2021-03-20', 6, 150),
(211, '2021-10-06', 5, 60),
(212, '2022-01-23', 35, 11),
(213, '2021-06-27', 8, 101),
(214, '2021-01-26', 43, 250),
(215, '2022-02-08', 5, 39),
(216, '2021-08-21', 37, 15),
(217, '2021-11-09', 19, 113),
(218, '2021-11-22', 4, 136),
(219, '2021-05-17', 10, 119),
(220, '2021-05-13', 16, 236),
(221, '2021-03-24', 20, 59),
(222, '2021-05-29', 24, 15),
(223, '2021-08-26', 23, 71),
(224, '2021-12-01', 19, 25),
(225, '2021-10-12', 21, 187),
(226, '2021-05-12', 38, 128),
(227, '2021-11-13', 15, 87),
(228, '2022-02-25', 41, 201),
(229, '2021-09-14', 33, 84),
(230, '2021-10-22', 18, 81),
(231, '2021-11-19', 29, 204),
(232, '2021-06-13', 14, 30),
(233, '2021-10-31', 20, 74),
(234, '2022-01-25', 36, 107),
(235, '2021-12-01', 43, 75),
(236, '2021-08-02', 38, 111),
(237, '2021-12-25', 18, 17),
(238, '2021-08-13', 21, 215),
(239, '2021-04-13', 28, 173),
(240, '2021-06-26', 31, 90),
(241, '2021-08-25', 28, 102),
(242, '2021-08-25', 20, 206),
(243, '2021-08-24', 9, 7),
(244, '2021-12-14', 2, 108),
(245, '2022-01-25', 40, 11),
(246, '2021-10-25', 34, 29),
(247, '2021-08-09', 15, 41),
(248, '2021-02-21', 27, 188),
(249, '2021-06-21', 12, 5),
(250, '2021-12-09', 20, 7);

-- --------------------------------------------------------

--
-- Table structure for table `orders`
--

DROP TABLE IF EXISTS `orders`;
CREATE TABLE `orders` (
  `id` int(11) NOT NULL,
  `number` varchar(50) DEFAULT NULL,
  `product_name` varchar(50) DEFAULT NULL,
  `product_img` varchar(50) DEFAULT NULL,
  `products_total` int(11) DEFAULT NULL,
  `price_origin` int(11) DEFAULT NULL,
  `price_discount` int(11) DEFAULT NULL,
  `price_total` int(11) DEFAULT NULL,
  `payment_method` varchar(11) DEFAULT NULL,
  `user_name` varchar(50) DEFAULT NULL,
  `user_email` varchar(50) DEFAULT NULL,
  `created_at` date DEFAULT NULL,
  `order_status_id` int(11) DEFAULT NULL,
  `product_id` int(11) DEFAULT NULL,
  `user_id` int(11) DEFAULT NULL
) ENGINE=InnoDB DEFAULT CHARSET=utf8mb4;

--
-- Dumping data for table `orders`
--

INSERT INTO `orders` (`id`, `number`, `product_name`, `product_img`, `products_total`, `price_origin`, `price_discount`, `price_total`, `payment_method`, `user_name`, `user_email`, `created_at`, `order_status_id`, `product_id`, `user_id`) VALUES
(1, '4406695249', 'Juice - Apple, 1.36l', 'http://dummyimage.com/127x100.png/dddddd/000000', 4, 175, 5, 75, 'Credit Card', 'bpatley0', 'drive0@meetup.com', '2022-01-29', 2, 181, 92),
(2, '8094080655', 'Pork - Backs - Boneless', 'http://dummyimage.com/246x100.png/dddddd/000000', 2, 174, 3, 99, 'Apple Pay', 'kdewick1', 'bcathenod1@tmall.com', '2021-09-17', 6, 148, 237),
(3, '1089386478', 'Soup - Knorr, Classic Can. Chili', 'http://dummyimage.com/226x100.png/ff4444/ffffff', 6, 63, 3, 140, 'Credit Card', 'drudyard2', 'sfealty2@elpais.com', '2021-05-13', 5, 163, 44),
(4, '7309570634', 'V8 Pet', 'http://dummyimage.com/180x100.png/cc0000/ffffff', 9, 46, 12, 71, '7-11 代碼繳費', 'tworland3', 'bmartugin3@paginegialle.it', '2021-10-26', 1, 138, 204),
(5, '0625535839', 'Garam Marsala', 'http://dummyimage.com/123x100.png/cc0000/ffffff', 5, 104, 16, 44, '', 'noldford4', 'mdeantoni4@tmall.com', '2021-08-22', 6, 180, 99),
(6, '5655314096', 'Pork - Back Ribs', 'http://dummyimage.com/168x100.png/ff4444/ffffff', 7, 45, 4, 140, '7-11 代碼繳費', 'llaughlin5', 'adraycott5@people.com.cn', '2021-10-29', 2, 247, 192),
(7, '5378118581', 'Cheese - Parmigiano Reggiano', 'http://dummyimage.com/148x100.png/cc0000/ffffff', 3, 65, 10, 57, '', 'thalcro6', 'jdunkerley6@businessinsider.com', '2021-07-16', 3, 125, 212),
(8, '0256867763', 'Gatorade - Fruit Punch', 'http://dummyimage.com/121x100.png/cc0000/ffffff', 5, 160, 12, 9, 'Credit Card', 'fbirtley7', 'tfrusher7@linkedin.com', '2021-10-31', 4, 35, 176),
(9, '7231580602', 'Beets - Golden', 'http://dummyimage.com/202x100.png/dddddd/000000', 9, 40, 12, 145, 'Google Pay', 'jmcamish8', 'dstobo8@github.com', '2021-03-08', 2, 208, 39),
(10, '9523154052', 'Pop - Club Soda Can', 'http://dummyimage.com/209x100.png/5fa2dd/ffffff', 6, 112, 16, 92, 'Credit Card', 'rpigne9', 'obrittian9@list-manage.com', '2021-08-25', 4, 24, 46),
(11, '2832572111', 'Longos - Assorted Sandwich', 'http://dummyimage.com/170x100.png/cc0000/ffffff', 8, 124, 13, 28, 'Credit Card', 'eciania', 'psarvara@histats.com', '2021-10-20', 4, 138, 148),
(12, '2868933734', 'Apple - Delicious, Red', 'http://dummyimage.com/179x100.png/cc0000/ffffff', 8, 109, 5, 157, 'Google Pay', 'dtownsb', 'rbrimmb@yellowpages.com', '2021-09-19', 6, 106, 87),
(13, '8656138197', 'Yogurt - Plain', 'http://dummyimage.com/232x100.png/dddddd/000000', 7, 67, 18, 65, '', 'rstallenc', 'gwennamc@mozilla.com', '2021-08-20', 6, 56, 193),
(14, '2210677025', 'Muffin Hinge 117n', 'http://dummyimage.com/163x100.png/ff4444/ffffff', 1, 167, 11, 25, '7-11 代碼繳費', 'bpignyd', 'lronaldd@yandex.ru', '2021-12-08', 3, 223, 43),
(15, '7736103798', 'Lid - Translucent, 3.5 And 6 Oz', 'http://dummyimage.com/191x100.png/ff4444/ffffff', 1, 193, 16, 140, 'Apple Pay', 'elightewoode', 'mrignalle@qq.com', '2021-03-20', 1, 60, 246),
(16, '5729139012', 'Duck - Legs', 'http://dummyimage.com/169x100.png/ff4444/ffffff', 4, 137, 7, 32, 'Credit Card', 'anewberyf', 'iodeveyf@npr.org', '2021-12-27', 2, 102, 14),
(17, '2277906336', 'Wine - Rhine Riesling Wolf Blass', 'http://dummyimage.com/162x100.png/ff4444/ffffff', 4, 172, 15, 40, 'Credit Card', 'tiacopinig', 'fchatwoodg@mayoclinic.com', '2021-03-12', 6, 146, 21),
(18, '6014401199', 'Salt - Sea', 'http://dummyimage.com/125x100.png/cc0000/ffffff', 8, 52, 17, 161, '', 'sspellissyh', 'rbelvardh@exblog.jp', '2021-07-23', 2, 238, 110),
(19, '1921937181', 'Lobster - Canned Premium', 'http://dummyimage.com/233x100.png/ff4444/ffffff', 7, 138, 12, 157, 'Google Pay', 'dtruitti', 'hrevilli@aboutads.info', '2021-12-02', 6, 246, 133),
(20, '4882524805', 'Tequila Rose Cream Liquor', 'http://dummyimage.com/179x100.png/cc0000/ffffff', 4, 16, 8, 12, 'Google Pay', 'mstokoej', 'sjurczikj@time.com', '2022-01-03', 1, 225, 51),
(21, '6018028867', 'Beef - Top Sirloin - Aaa', 'http://dummyimage.com/243x100.png/5fa2dd/ffffff', 9, 107, 9, 34, '', 'abarckek', 'asteningk@slashdot.org', '2021-06-20', 3, 40, 54),
(22, '4421483206', 'Steampan - Half Size Shallow', 'http://dummyimage.com/248x100.png/ff4444/ffffff', 7, 42, 19, 13, 'Google Pay', 'rsievel', 'jfarmarl@barnesandnoble.com', '2021-12-27', 2, 56, 41),
(23, '1401968937', 'Chicken - Leg / Back Attach', 'http://dummyimage.com/240x100.png/5fa2dd/ffffff', 4, 169, 16, 150, 'Apple Pay', 'blarretm', 'smaddysonm@unesco.org', '2022-01-30', 6, 34, 163),
(24, '2235025196', 'English Muffin', 'http://dummyimage.com/213x100.png/ff4444/ffffff', 1, 197, 19, 39, '', 'cmonellin', 'hbeern@tumblr.com', '2021-08-14', 2, 186, 55),
(25, '8840173218', 'Wine - Niagara,vqa Reisling', 'http://dummyimage.com/170x100.png/cc0000/ffffff', 7, 19, 13, 52, '7-11 代碼繳費', 'spatricko', 'abedsono@howstuffworks.com', '2021-05-31', 3, 113, 198),
(26, '7883150871', 'Butcher Twine 4r', 'http://dummyimage.com/227x100.png/5fa2dd/ffffff', 1, 99, 3, 105, '7-11 代碼繳費', 'jwickersonp', 'ckidgellp@java.com', '2021-09-07', 2, 60, 129),
(27, '5168795382', 'Cake - Pancake', 'http://dummyimage.com/146x100.png/dddddd/000000', 3, 24, 17, 170, '', 'mdeyenhardtq', 'dwalderq@engadget.com', '2021-05-20', 5, 226, 222),
(28, '4394019362', 'Coffee - Ristretto Coffee Capsule', 'http://dummyimage.com/182x100.png/ff4444/ffffff', 5, 123, 7, 101, 'Credit Card', 'alandersr', 'cbursnollr@macromedia.com', '2021-04-29', 4, 113, 203),
(29, '0660563770', 'Tomatoes - Diced, Canned', 'http://dummyimage.com/219x100.png/ff4444/ffffff', 5, 88, 15, 102, '7-11 代碼繳費', 'fcarletts', 'heyerss@webs.com', '2022-01-06', 5, 131, 248),
(30, '8097292262', 'Tea - Herbal - 6 Asst', 'http://dummyimage.com/173x100.png/5fa2dd/ffffff', 7, 164, 15, 139, '', 'mspatarit', 'alaugat@google.es', '2021-09-12', 2, 17, 151),
(31, '8612443458', 'Compound - Passion Fruit', 'http://dummyimage.com/144x100.png/cc0000/ffffff', 9, 71, 16, 38, 'Credit Card', 'zfedderu', 'thaighu@bandcamp.com', '2021-09-11', 2, 77, 174),
(32, '9010619362', 'Pork - Chop, Frenched', 'http://dummyimage.com/107x100.png/5fa2dd/ffffff', 2, 41, 10, 137, 'Credit Card', 'camossv', 'hadawayv@phpbb.com', '2021-12-29', 1, 88, 123),
(33, '5194452861', 'Kohlrabi', 'http://dummyimage.com/242x100.png/dddddd/000000', 5, 87, 6, 102, 'Credit Card', 'eblinckow', 'imcfarlanw@github.com', '2021-07-06', 2, 6, 145),
(34, '6812845965', 'Anisette - Mcguiness', 'http://dummyimage.com/136x100.png/cc0000/ffffff', 8, 185, 3, 45, 'Google Pay', 'sclemersonx', 'gdunkx@4shared.com', '2021-06-28', 5, 245, 101),
(35, '1818835010', 'Mangostein', 'http://dummyimage.com/200x100.png/dddddd/000000', 1, 108, 5, 145, 'Google Pay', 'fcussinsy', 'avanarsdally@about.me', '2021-04-22', 1, 123, 26),
(36, '2254924249', 'Puree - Passion Fruit', 'http://dummyimage.com/144x100.png/dddddd/000000', 9, 146, 9, 113, 'Apple Pay', 'ldealeyz', 'esaltwellz@thetimes.co.uk', '2021-08-07', 1, 30, 36),
(37, '2822007934', 'Bread - Onion Focaccia', 'http://dummyimage.com/183x100.png/5fa2dd/ffffff', 8, 40, 11, 122, '7-11 代碼繳費', 'ceich10', 'roxborrow10@marriott.com', '2021-11-13', 5, 117, 92),
(38, '9505474318', 'Cactus Pads', 'http://dummyimage.com/111x100.png/dddddd/000000', 4, 63, 18, 89, 'Apple Pay', 'mlesieur11', 'zsibbit11@t-online.de', '2021-06-01', 5, 16, 102),
(39, '8049898768', 'Bread - Rosemary Focaccia', 'http://dummyimage.com/187x100.png/cc0000/ffffff', 4, 49, 14, 104, '7-11 代碼繳費', 'eexell12', 'awellings12@arstechnica.com', '2021-06-14', 2, 4, 137),
(40, '5231682993', 'Skewers - Bamboo', 'http://dummyimage.com/153x100.png/cc0000/ffffff', 5, 27, 12, 104, 'Credit Card', 'bstailey13', 'gende13@indiatimes.com', '2021-08-06', 2, 148, 7),
(41, '7537630933', 'Eggplant - Regular', 'http://dummyimage.com/126x100.png/ff4444/ffffff', 7, 196, 6, 178, '7-11 代碼繳費', 'mheymann14', 'cpizer14@shinystat.com', '2022-02-01', 2, 58, 18),
(42, '2343659249', 'Beef - Salted', 'http://dummyimage.com/177x100.png/ff4444/ffffff', 7, 47, 6, 155, 'Apple Pay', 'bmapstone15', 'cvellden15@wufoo.com', '2021-05-02', 4, 173, 178),
(43, '2322492760', 'Vinegar - Tarragon', 'http://dummyimage.com/171x100.png/dddddd/000000', 8, 124, 4, 150, '', 'fhaughin16', 'dbrownstein16@army.mil', '2021-03-04', 6, 169, 39),
(44, '4910862420', 'Sprouts - Bean', 'http://dummyimage.com/115x100.png/5fa2dd/ffffff', 4, 58, 11, 93, '7-11 代碼繳費', 'gpelz17', 'nharmant17@nature.com', '2021-08-31', 4, 34, 200),
(45, '4167245140', 'Bread - Rolls, Rye', 'http://dummyimage.com/227x100.png/ff4444/ffffff', 9, 88, 3, 21, 'Credit Card', 'cnutting18', 'wandreichik18@whitehouse.gov', '2022-01-27', 6, 11, 10),
(46, '8555334500', 'Dragon Fruit', 'http://dummyimage.com/179x100.png/5fa2dd/ffffff', 9, 149, 7, 157, 'Credit Card', 'agoing19', 'cchansonnau19@plala.or.jp', '2021-09-19', 3, 131, 3),
(47, '6880418562', 'Spoon - Soup, Plastic', 'http://dummyimage.com/213x100.png/5fa2dd/ffffff', 2, 105, 5, 168, 'Google Pay', 'srawsthorn1a', 'olamperti1a@yellowpages.com', '2022-02-11', 2, 249, 74),
(48, '5154409132', 'Tomato - Green', 'http://dummyimage.com/196x100.png/dddddd/000000', 7, 183, 10, 79, 'Credit Card', 'rgurton1b', 'tvandevlies1b@goodreads.com', '2022-01-26', 2, 183, 60),
(49, '3048484191', 'Chocolate - Dark Callets', 'http://dummyimage.com/204x100.png/ff4444/ffffff', 2, 91, 5, 42, '', 'mpudding1c', 'emcilharga1c@weibo.com', '2022-01-18', 4, 169, 152),
(50, '5430508136', 'Sugar - Fine', 'http://dummyimage.com/197x100.png/5fa2dd/ffffff', 9, 156, 3, 150, '', 'kgriffoen1d', 'wcarrell1d@deviantart.com', '2021-07-17', 5, 230, 103),
(51, '8013556085', 'Soup Campbells - Tomato Bisque', 'http://dummyimage.com/114x100.png/5fa2dd/ffffff', 6, 11, 7, 13, '', 'ibiddles1e', 'atythe1e@sina.com.cn', '2021-09-06', 4, 226, 52),
(52, '1734790385', 'Bread - French Stick', 'http://dummyimage.com/196x100.png/ff4444/ffffff', 3, 131, 6, 52, '7-11 代碼繳費', 'wmanifield1f', 'aebenezer1f@hibu.com', '2021-09-23', 6, 186, 225),
(53, '2732747033', 'Asparagus - Frozen', 'http://dummyimage.com/216x100.png/dddddd/000000', 4, 159, 18, 102, 'Google Pay', 'zlongshaw1g', 'rbassett1g@smugmug.com', '2021-02-25', 1, 133, 214),
(54, '1616037970', 'Ham - Black Forest', 'http://dummyimage.com/218x100.png/cc0000/ffffff', 3, 11, 13, 62, '7-11 代碼繳費', 'ngethin1h', 'mguswell1h@dot.gov', '2021-06-19', 1, 6, 117),
(55, '9374618745', 'Split Peas - Green, Dry', 'http://dummyimage.com/114x100.png/ff4444/ffffff', 5, 96, 14, 123, '', 'kconn1i', 'cbudden1i@surveymonkey.com', '2021-05-26', 5, 96, 106),
(56, '5782362529', 'Wine - Sherry Dry Sack, William', 'http://dummyimage.com/124x100.png/ff4444/ffffff', 6, 188, 6, 92, 'Credit Card', 'kpedroni1j', 'nduffit1j@irs.gov', '2021-03-18', 5, 74, 114),
(57, '2447759169', 'Amaretto', 'http://dummyimage.com/129x100.png/dddddd/000000', 1, 173, 8, 158, 'Google Pay', 'gbettam1k', 'mpatey1k@php.net', '2021-07-06', 3, 225, 215),
(58, '9569520833', 'Dragon Fruit', 'http://dummyimage.com/184x100.png/5fa2dd/ffffff', 9, 34, 9, 54, 'Google Pay', 'tmcdool1l', 'rgidden1l@google.ru', '2021-02-21', 3, 228, 151),
(59, '1895328004', 'Table Cloth 81x81 White', 'http://dummyimage.com/144x100.png/5fa2dd/ffffff', 6, 11, 18, 89, 'Google Pay', 'gnelm1m', 'sclibbery1m@desdev.cn', '2021-04-18', 6, 21, 54),
(60, '1974834107', 'Sprouts - Pea', 'http://dummyimage.com/116x100.png/ff4444/ffffff', 6, 172, 7, 161, '7-11 代碼繳費', 'hcourtenay1n', 'mjirak1n@seattletimes.com', '2022-02-11', 4, 31, 42),
(61, '6495376626', 'Snapple - Iced Tea Peach', 'http://dummyimage.com/246x100.png/5fa2dd/ffffff', 4, 172, 15, 32, 'Google Pay', 'dknok1o', 'ipllu1o@symantec.com', '2021-05-17', 4, 179, 16),
(62, '3110130092', 'Flour Pastry Super Fine', 'http://dummyimage.com/160x100.png/cc0000/ffffff', 4, 173, 5, 155, 'Google Pay', 'tborgnet1p', 'ccreed1p@forbes.com', '2021-12-03', 1, 81, 216),
(63, '7359255686', 'Bread - Bagels, Plain', 'http://dummyimage.com/108x100.png/ff4444/ffffff', 6, 160, 5, 107, 'Apple Pay', 'kworkman1q', 'bscholfield1q@reddit.com', '2021-05-01', 3, 204, 101),
(64, '9225279329', 'Bread - Rye', 'http://dummyimage.com/186x100.png/ff4444/ffffff', 5, 103, 10, 141, 'Apple Pay', 'lbernini1r', 'ocrigin1r@cam.ac.uk', '2021-04-16', 4, 52, 132),
(65, '5372607831', 'Bread Base - Goodhearth', 'http://dummyimage.com/233x100.png/cc0000/ffffff', 9, 166, 17, 89, 'Apple Pay', 'cswait1s', 'sklimsch1s@si.edu', '2021-07-18', 4, 208, 77),
(66, '9312667882', 'Pepper - White, Whole', 'http://dummyimage.com/161x100.png/5fa2dd/ffffff', 4, 167, 15, 58, 'Credit Card', 'gwoller1t', 'eheckner1t@xrea.com', '2021-04-07', 2, 13, 56),
(67, '2010272471', 'Sprouts - Peppercress', 'http://dummyimage.com/115x100.png/5fa2dd/ffffff', 7, 155, 3, 167, 'Apple Pay', 'asheers1u', 'sdirocca1u@yellowbook.com', '2021-03-18', 3, 118, 103),
(68, '7571598087', 'Bag - Regular Kraft 20 Lb', 'http://dummyimage.com/159x100.png/5fa2dd/ffffff', 5, 108, 7, 129, '7-11 代碼繳費', 'glouder1v', 'lbinks1v@vk.com', '2021-06-10', 3, 145, 231),
(69, '5927344577', 'Lemonade - Pineapple Passion', 'http://dummyimage.com/129x100.png/cc0000/ffffff', 1, 58, 17, 167, 'Credit Card', 'lyandle1w', 'bshalliker1w@w3.org', '2022-02-02', 3, 135, 212),
(70, '0247086495', 'Beer - Fruli', 'http://dummyimage.com/170x100.png/ff4444/ffffff', 6, 45, 8, 38, 'Apple Pay', 'acrossfield1x', 'ecampany1x@about.me', '2021-11-20', 3, 100, 189),
(71, '2983846997', 'Brandy Apricot', 'http://dummyimage.com/124x100.png/ff4444/ffffff', 4, 179, 9, 32, '7-11 代碼繳費', 'cslaughter1y', 'sgager1y@tinypic.com', '2021-10-12', 1, 212, 43),
(72, '8799258595', 'Cheese - Colby', 'http://dummyimage.com/196x100.png/dddddd/000000', 2, 167, 13, 148, 'Apple Pay', 'rgaye1z', 'vshasnan1z@narod.ru', '2022-01-22', 4, 37, 30),
(73, '8738106035', 'Quail Eggs - Canned', 'http://dummyimage.com/208x100.png/ff4444/ffffff', 8, 64, 3, 113, 'Google Pay', 'hmalyon20', 'vcuffe20@oaic.gov.au', '2022-01-07', 2, 246, 232),
(74, '5004482969', 'Cookie Trail Mix', 'http://dummyimage.com/207x100.png/5fa2dd/ffffff', 5, 172, 13, 65, '', 'bmccurtain21', 'bbernardi21@amazon.co.uk', '2021-12-15', 5, 88, 197),
(75, '9377541182', 'Doilies - 10, Paper', 'http://dummyimage.com/163x100.png/cc0000/ffffff', 5, 168, 13, 15, 'Credit Card', 'gwimpey22', 'sgiddins22@wix.com', '2021-08-29', 5, 144, 63),
(76, '9831462335', 'Sobe - Liz Blizz', 'http://dummyimage.com/218x100.png/dddddd/000000', 9, 34, 8, 88, '', 'mkelby23', 'durian23@auda.org.au', '2021-08-04', 5, 160, 238),
(77, '8315777610', 'Milkettes - 2%', 'http://dummyimage.com/141x100.png/5fa2dd/ffffff', 5, 24, 12, 142, '', 'bfranzewitch24', 'eglowinski24@npr.org', '2022-02-12', 2, 220, 154),
(78, '7188581789', 'Mussels - Cultivated', 'http://dummyimage.com/121x100.png/dddddd/000000', 9, 11, 12, 44, 'Credit Card', 'oderrington25', 'nkernan25@dailymail.co.uk', '2021-08-13', 4, 102, 114),
(79, '1311263101', 'Broom Handle', 'http://dummyimage.com/236x100.png/5fa2dd/ffffff', 2, 81, 11, 69, '', 'dlemmertz26', 'cpiel26@bloglines.com', '2021-03-12', 4, 127, 230),
(80, '1832385647', 'Veal - Leg, Provimi - 50 Lb Max', 'http://dummyimage.com/184x100.png/5fa2dd/ffffff', 8, 152, 9, 22, 'Google Pay', 'graddon27', 'nsparshett27@comsenz.com', '2021-08-27', 1, 39, 86),
(81, '9239672583', 'Danishes - Mini Raspberry', 'http://dummyimage.com/180x100.png/cc0000/ffffff', 6, 18, 12, 47, 'Apple Pay', 'cduffil28', 'ntschirschky28@sohu.com', '2021-06-13', 3, 90, 66),
(82, '0215832574', 'Oregano - Dry, Rubbed', 'http://dummyimage.com/122x100.png/5fa2dd/ffffff', 5, 73, 6, 59, 'Credit Card', 'fhegges29', 'gcoundley29@utexas.edu', '2022-02-13', 3, 39, 215),
(83, '4665146802', 'Bread Fig And Almond', 'http://dummyimage.com/116x100.png/5fa2dd/ffffff', 5, 184, 11, 15, 'Credit Card', 'amosconi2a', 'kgrisewood2a@booking.com', '2021-04-03', 4, 230, 86),
(84, '1865667722', 'Peas - Frozen', 'http://dummyimage.com/109x100.png/ff4444/ffffff', 7, 153, 9, 81, 'Credit Card', 'klowndsbrough2b', 'fpanchin2b@stanford.edu', '2022-02-14', 2, 184, 52),
(85, '0647171449', 'Tahini Paste', 'http://dummyimage.com/103x100.png/5fa2dd/ffffff', 3, 135, 5, 9, '7-11 代碼繳費', 'cbushnell2c', 'rfarbrother2c@abc.net.au', '2021-10-14', 5, 207, 202),
(86, '0947709002', 'Cookie - Dough Variety', 'http://dummyimage.com/198x100.png/ff4444/ffffff', 8, 29, 19, 113, 'Google Pay', 'freddoch2d', 'prickert2d@devhub.com', '2022-01-21', 3, 237, 67),
(87, '8695637107', 'Kiwi', 'http://dummyimage.com/102x100.png/cc0000/ffffff', 4, 119, 15, 25, 'Apple Pay', 'rmarciskewski2e', 'cyegorkin2e@wsj.com', '2021-08-15', 1, 194, 244),
(88, '6611521321', 'Shark - Loin', 'http://dummyimage.com/185x100.png/ff4444/ffffff', 4, 115, 9, 95, 'Apple Pay', 'cjaycocks2f', 'tmoyse2f@oracle.com', '2021-06-27', 6, 208, 212),
(89, '1633999831', 'Club Soda - Schweppes, 355 Ml', 'http://dummyimage.com/200x100.png/dddddd/000000', 4, 161, 15, 141, '7-11 代碼繳費', 'tlikly2g', 'asilly2g@imgur.com', '2021-12-07', 6, 128, 141),
(90, '5090707065', 'Venison - Racks Frenched', 'http://dummyimage.com/226x100.png/dddddd/000000', 3, 125, 5, 166, 'Apple Pay', 'imckeney2h', 'zheinzel2h@icq.com', '2021-06-02', 3, 90, 132),
(91, '0017081181', 'Muffin - Mix - Bran And Maple 15l', 'http://dummyimage.com/206x100.png/dddddd/000000', 2, 73, 6, 137, '', 'gbradford2i', 'jgotecliffe2i@apache.org', '2021-04-29', 6, 179, 215),
(92, '0869429892', 'Mushroom - Shitake, Dry', 'http://dummyimage.com/129x100.png/5fa2dd/ffffff', 7, 146, 18, 157, 'Google Pay', 'ntirte2j', 'vhutson2j@livejournal.com', '2021-04-01', 3, 228, 174),
(93, '9171396861', 'Pork - Tenderloin, Frozen', 'http://dummyimage.com/216x100.png/cc0000/ffffff', 2, 22, 14, 113, 'Credit Card', 'dblindmann2k', 'hfoale2k@networksolutions.com', '2021-02-20', 1, 186, 139),
(94, '9223640547', 'Wine - White, Schroder And Schyl', 'http://dummyimage.com/102x100.png/dddddd/000000', 2, 130, 8, 37, '7-11 代碼繳費', 'khegg2l', 'ebruckent2l@gov.uk', '2021-11-20', 1, 182, 161),
(95, '6700602092', 'Onions - Vidalia', 'http://dummyimage.com/241x100.png/ff4444/ffffff', 7, 74, 18, 167, 'Google Pay', 'leloi2m', 'fperkinson2m@jiathis.com', '2021-11-19', 6, 101, 64),
(96, '3898594785', 'Grenadine', 'http://dummyimage.com/212x100.png/ff4444/ffffff', 2, 118, 9, 167, '7-11 代碼繳費', 'dmarquand2n', 'meicke2n@army.mil', '2021-11-29', 5, 44, 205),
(97, '4226230833', 'Beef - Kindney, Whole', 'http://dummyimage.com/156x100.png/5fa2dd/ffffff', 6, 24, 19, 57, '', 'cquickenden2o', 'pcoger2o@com.com', '2021-10-30', 1, 124, 184),
(98, '3343135100', 'Rice - Sushi', 'http://dummyimage.com/101x100.png/cc0000/ffffff', 8, 150, 3, 147, '', 'achadwick2p', 'sgrix2p@domainmarket.com', '2021-12-19', 2, 186, 203),
(99, '9384228079', 'Ecolab - Hobart Washarm End Cap', 'http://dummyimage.com/187x100.png/dddddd/000000', 6, 90, 5, 21, 'Google Pay', 'zomullaney2q', 'pmooreed2q@google.com.au', '2022-02-03', 2, 12, 64),
(100, '3418108024', 'Coffee - Irish Cream', 'http://dummyimage.com/103x100.png/cc0000/ffffff', 7, 192, 5, 116, '', 'nbims2r', 'ereast2r@naver.com', '2021-04-03', 2, 88, 100),
(101, '6463511544', 'Beer - Mill St Organic', 'http://dummyimage.com/198x100.png/dddddd/000000', 1, 181, 3, 17, 'Credit Card', 'blemon2s', 'elawrenson2s@cbsnews.com', '2021-07-09', 3, 104, 89),
(102, '9464513055', 'Sugar - Cubes', 'http://dummyimage.com/226x100.png/cc0000/ffffff', 3, 52, 4, 53, 'Apple Pay', 'gsergean2t', 'dbulter2t@slashdot.org', '2021-12-16', 2, 9, 116),
(103, '0885022165', 'Aspic - Light', 'http://dummyimage.com/121x100.png/ff4444/ffffff', 6, 93, 14, 168, 'Credit Card', 'zbushe2u', 'ghousley2u@intel.com', '2021-05-12', 5, 133, 36),
(104, '5630726420', 'Salmon - Atlantic, Skin On', 'http://dummyimage.com/231x100.png/ff4444/ffffff', 4, 100, 19, 76, '', 'hthomesson2v', 'dcoleford2v@sitemeter.com', '2021-04-24', 2, 2, 193),
(105, '2491777681', 'Honey - Liquid', 'http://dummyimage.com/185x100.png/5fa2dd/ffffff', 2, 174, 12, 92, 'Google Pay', 'atruett2w', 'lchrismas2w@reuters.com', '2021-12-20', 5, 58, 59),
(106, '6382555444', 'Wine - Mondavi Coastal Private', 'http://dummyimage.com/159x100.png/cc0000/ffffff', 1, 155, 6, 27, '', 'shaydney2x', 'lfawltey2x@exblog.jp', '2021-12-09', 4, 61, 54),
(107, '7228202821', 'Muffin Puck Ww Carrot', 'http://dummyimage.com/104x100.png/ff4444/ffffff', 3, 148, 12, 129, 'Apple Pay', 'cbush2y', 'gilling2y@liveinternet.ru', '2021-06-10', 3, 101, 67),
(108, '2643746953', 'Soup - Knorr, Ministrone', 'http://dummyimage.com/222x100.png/cc0000/ffffff', 5, 188, 4, 42, '7-11 代碼繳費', 'zstrowthers2z', 'arobak2z@google.com.br', '2021-04-06', 6, 119, 71),
(109, '2002812756', 'Extract - Almond', 'http://dummyimage.com/134x100.png/ff4444/ffffff', 3, 187, 16, 49, 'Credit Card', 'jbricham30', 'bbortoloni30@shinystat.com', '2021-08-22', 2, 133, 233),
(110, '4387694270', 'Oil - Olive', 'http://dummyimage.com/119x100.png/dddddd/000000', 9, 169, 5, 153, '', 'aworden31', 'mmcgebenay31@google.com.au', '2021-11-20', 2, 221, 141),
(111, '0161462952', 'Wine - Wyndham Estate Bin 777', 'http://dummyimage.com/104x100.png/ff4444/ffffff', 4, 28, 14, 174, 'Credit Card', 'kflahive32', 'ccossar32@artisteer.com', '2021-09-09', 2, 69, 78),
(112, '9679628736', 'Doilies - 7, Paper', 'http://dummyimage.com/213x100.png/ff4444/ffffff', 7, 198, 12, 177, 'Apple Pay', 'droddam33', 'jdecruze33@diigo.com', '2021-12-09', 2, 144, 195),
(113, '1445087502', 'Capers - Ox Eye Daisy', 'http://dummyimage.com/154x100.png/dddddd/000000', 2, 176, 4, 45, 'Credit Card', 'bpampling34', 'frattery34@springer.com', '2022-01-13', 6, 139, 42),
(114, '5264082294', 'Leeks - Large', 'http://dummyimage.com/178x100.png/5fa2dd/ffffff', 4, 136, 19, 55, 'Google Pay', 'bbailess35', 'gmazzey35@photobucket.com', '2021-05-19', 4, 98, 78),
(115, '0210356979', 'Tart Shells - Barquettes, Savory', 'http://dummyimage.com/199x100.png/5fa2dd/ffffff', 5, 68, 13, 94, '7-11 代碼繳費', 'jvandenvelden36', 'rlafrentz36@mail.ru', '2021-05-05', 3, 170, 242),
(116, '3970826128', 'Turkey - Ground. Lean', 'http://dummyimage.com/135x100.png/dddddd/000000', 8, 88, 19, 32, '7-11 代碼繳費', 'jtabard37', 'jbrazer37@blogtalkradio.com', '2021-10-30', 3, 140, 54),
(117, '5573240285', 'Tomatoes Tear Drop', 'http://dummyimage.com/169x100.png/cc0000/ffffff', 6, 47, 15, 54, '', 'dcromie38', 'cjanuary38@businessinsider.com', '2021-09-08', 3, 184, 201),
(118, '9879564308', 'Danishes - Mini Raspberry', 'http://dummyimage.com/139x100.png/cc0000/ffffff', 9, 171, 6, 15, 'Credit Card', 'ainsole39', 'skenafaque39@latimes.com', '2021-09-23', 1, 117, 88),
(119, '9262482272', 'English Muffin', 'http://dummyimage.com/227x100.png/ff4444/ffffff', 6, 90, 5, 75, '', 'emctrustrie3a', 'spodd3a@shinystat.com', '2021-08-28', 4, 151, 58),
(120, '2730143491', 'Coconut Milk - Unsweetened', 'http://dummyimage.com/137x100.png/ff4444/ffffff', 2, 37, 9, 153, '', 'mmacglory3b', 'ngain3b@arstechnica.com', '2021-05-12', 6, 164, 42),
(121, '4727051397', 'Coffee Caramel Biscotti', 'http://dummyimage.com/242x100.png/ff4444/ffffff', 5, 49, 6, 106, 'Apple Pay', 'hsaurin3c', 'rnettleship3c@bandcamp.com', '2021-04-10', 5, 95, 85),
(122, '0052150917', 'Flour Dark Rye', 'http://dummyimage.com/231x100.png/ff4444/ffffff', 2, 28, 9, 15, 'Google Pay', 'kyushkov3d', 'mkleinstein3d@netvibes.com', '2021-07-31', 3, 169, 59),
(123, '4943944132', 'Allspice - Jamaican', 'http://dummyimage.com/216x100.png/dddddd/000000', 7, 179, 4, 108, 'Apple Pay', 'hseacombe3e', 'pewins3e@ehow.com', '2021-11-23', 1, 186, 64),
(124, '3398216056', 'Ginsing - Fresh', 'http://dummyimage.com/209x100.png/5fa2dd/ffffff', 4, 13, 3, 154, 'Credit Card', 'hbeedham3f', 'mmacmakin3f@psu.edu', '2022-02-10', 1, 242, 89),
(125, '7934416075', 'Soup - Clam Chowder, Dry Mix', 'http://dummyimage.com/136x100.png/cc0000/ffffff', 1, 122, 9, 43, '7-11 代碼繳費', 'ktwigger3g', 'bbrittoner3g@bbb.org', '2022-02-03', 5, 125, 143),
(126, '7545801555', 'Madeira', 'http://dummyimage.com/193x100.png/ff4444/ffffff', 8, 158, 8, 101, 'Credit Card', 'ahullah3h', 'sguenther3h@hugedomains.com', '2021-07-22', 3, 190, 113),
(127, '9224191290', 'Steamers White', 'http://dummyimage.com/155x100.png/5fa2dd/ffffff', 8, 102, 9, 130, 'Apple Pay', 'jtop3i', 'wjeffreys3i@uol.com.br', '2021-09-22', 6, 36, 167),
(128, '4189616362', 'Thyme - Lemon, Fresh', 'http://dummyimage.com/185x100.png/cc0000/ffffff', 9, 186, 14, 97, 'Credit Card', 'abartolini3j', 'dtoffel3j@tinyurl.com', '2021-11-04', 6, 242, 174),
(129, '8291719810', 'Table Cloth 90x90 White', 'http://dummyimage.com/230x100.png/dddddd/000000', 2, 133, 16, 46, 'Credit Card', 'tfarrand3k', 'tgarcia3k@qq.com', '2021-06-15', 6, 242, 4),
(130, '2795074141', 'Rum - Cream, Amarula', 'http://dummyimage.com/238x100.png/5fa2dd/ffffff', 6, 122, 5, 179, '', 'nfantin3l', 'lcaldeyroux3l@howstuffworks.com', '2021-12-16', 5, 149, 72),
(131, '3123348156', 'Potatoes - Idaho 80 Count', 'http://dummyimage.com/113x100.png/5fa2dd/ffffff', 6, 162, 10, 91, 'Apple Pay', 'pisard3m', 'idelacey3m@cafepress.com', '2021-11-17', 6, 97, 105),
(132, '7071165327', 'Crab Meat Claw Pasteurise', 'http://dummyimage.com/239x100.png/5fa2dd/ffffff', 3, 74, 18, 116, 'Apple Pay', 'hchallenor3n', 'noffiler3n@canalblog.com', '2021-05-29', 2, 189, 74),
(133, '5246821277', 'Beef - Top Butt', 'http://dummyimage.com/194x100.png/5fa2dd/ffffff', 1, 142, 10, 144, 'Apple Pay', 'rfahrenbacher3o', 'aerb3o@twitter.com', '2022-01-07', 1, 26, 42),
(134, '4295399140', 'Lamb - Shoulder, Boneless', 'http://dummyimage.com/143x100.png/cc0000/ffffff', 8, 180, 4, 35, 'Apple Pay', 'vcutcliffe3p', 'selam3p@auda.org.au', '2022-01-25', 6, 17, 147),
(135, '6933206963', 'Gin - Gilbeys London, Dry', 'http://dummyimage.com/107x100.png/5fa2dd/ffffff', 3, 109, 4, 119, '', 'mkent3q', 'dlarret3q@answers.com', '2021-06-26', 1, 164, 246),
(136, '0377332364', 'Cheese - Grie Des Champ', 'http://dummyimage.com/176x100.png/5fa2dd/ffffff', 3, 54, 10, 13, 'Apple Pay', 'clennarde3r', 'hmccloughen3r@deliciousdays.com', '2021-09-06', 5, 220, 26),
(137, '6613891401', 'Monkfish Fresh - Skin Off', 'http://dummyimage.com/221x100.png/ff4444/ffffff', 1, 88, 3, 31, '', 'mwainer3s', 'cgiamo3s@bbb.org', '2021-10-09', 6, 203, 242),
(138, '1637689667', 'Chicken - Breast, 5 - 7 Oz', 'http://dummyimage.com/243x100.png/5fa2dd/ffffff', 7, 70, 16, 71, 'Credit Card', 'ghannah3t', 'csigart3t@wikipedia.org', '2022-02-06', 6, 84, 176),
(139, '3485745561', 'Chinese Foods - Thick Noodles', 'http://dummyimage.com/169x100.png/cc0000/ffffff', 7, 58, 5, 56, '7-11 代碼繳費', 'lpottery3u', 'bhelstrip3u@google.cn', '2021-03-22', 5, 97, 220),
(140, '8152397709', 'Shortbread - Cookie Crumbs', 'http://dummyimage.com/136x100.png/dddddd/000000', 8, 60, 6, 171, 'Credit Card', 'fstacey3v', 'egoves3v@blogspot.com', '2022-01-02', 2, 102, 27),
(141, '9201774842', 'Cabbage Roll', 'http://dummyimage.com/141x100.png/dddddd/000000', 8, 30, 11, 168, '', 'hmurtagh3w', 'ndevey3w@ycombinator.com', '2021-05-28', 3, 134, 220),
(142, '3829407009', 'Miso - Soy Bean Paste', 'http://dummyimage.com/222x100.png/ff4444/ffffff', 2, 37, 11, 73, 'Google Pay', 'cnoore3x', 'hdella3x@irs.gov', '2021-03-25', 1, 21, 58),
(143, '3571607791', 'Baking Powder', 'http://dummyimage.com/107x100.png/5fa2dd/ffffff', 6, 32, 11, 134, '', 'ffumagalli3y', 'atorregiani3y@dropbox.com', '2021-03-22', 3, 61, 127),
(144, '8566465687', 'White Baguette', 'http://dummyimage.com/177x100.png/5fa2dd/ffffff', 5, 194, 11, 134, 'Credit Card', 'tlorent3z', 'ldurgan3z@japanpost.jp', '2021-06-13', 4, 49, 8),
(145, '4514798037', 'Tomatoes - Plum, Canned', 'http://dummyimage.com/183x100.png/dddddd/000000', 9, 193, 8, 149, '7-11 代碼繳費', 'vgianilli40', 'aarnaudin40@indiatimes.com', '2022-02-15', 3, 192, 61),
(146, '5161850345', 'Vinegar - Champagne', 'http://dummyimage.com/122x100.png/ff4444/ffffff', 5, 103, 12, 113, '7-11 代碼繳費', 'kvolk41', 'npalliser41@engadget.com', '2021-08-12', 3, 84, 197),
(147, '1360779027', 'Longos - Lasagna Veg', 'http://dummyimage.com/116x100.png/ff4444/ffffff', 5, 58, 9, 28, 'Credit Card', 'baslie42', 'tpinnington42@alibaba.com', '2021-11-07', 6, 151, 19),
(148, '9245894169', 'Butter Sweet', 'http://dummyimage.com/104x100.png/ff4444/ffffff', 6, 19, 10, 12, 'Apple Pay', 'tlebrom43', 'fquakley43@xinhuanet.com', '2021-12-23', 6, 129, 73),
(149, '0405610122', 'Cheese - Augre Des Champs', 'http://dummyimage.com/229x100.png/dddddd/000000', 4, 167, 15, 84, 'Apple Pay', 'wmcconnell44', 'gsaffon44@prnewswire.com', '2021-05-03', 1, 63, 107),
(150, '7179286230', 'Basil - Seedlings Cookstown', 'http://dummyimage.com/140x100.png/ff4444/ffffff', 7, 166, 3, 58, 'Google Pay', 'kmille45', 'desmonde45@de.vu', '2022-02-13', 4, 29, 113),
(151, '7304584106', 'Vinegar - Balsamic', 'http://dummyimage.com/182x100.png/ff4444/ffffff', 4, 194, 7, 168, '', 'glindenberg46', 'epittwood46@wix.com', '2021-08-25', 3, 237, 199),
(152, '4306324834', 'Longos - Burritos', 'http://dummyimage.com/118x100.png/ff4444/ffffff', 8, 62, 13, 48, '', 'elangham47', 'ahattigan47@biglobe.ne.jp', '2021-05-25', 6, 220, 64),
(153, '0891479678', 'Jam - Apricot', 'http://dummyimage.com/185x100.png/ff4444/ffffff', 5, 86, 16, 172, 'Apple Pay', 'glangforth48', 'mmcguff48@zdnet.com', '2021-09-12', 4, 33, 99),
(154, '9730410453', 'Lentils - Green Le Puy', 'http://dummyimage.com/210x100.png/dddddd/000000', 7, 63, 18, 17, 'Apple Pay', 'blenz49', 'igrinstead49@china.com.cn', '2021-05-25', 1, 69, 111),
(155, '1323441948', 'Tea - Jasmin Green', 'http://dummyimage.com/201x100.png/ff4444/ffffff', 1, 39, 15, 111, 'Apple Pay', 'tmuttock4a', 'pkelsall4a@histats.com', '2021-05-26', 4, 239, 136),
(156, '5886080414', 'Tuna - Sushi Grade', 'http://dummyimage.com/138x100.png/dddddd/000000', 9, 16, 15, 17, '7-11 代碼繳費', 'rliptrod4b', 'thaggett4b@ucsd.edu', '2021-09-29', 2, 162, 49),
(157, '8701581813', 'Pastry - Carrot Muffin - Mini', 'http://dummyimage.com/195x100.png/cc0000/ffffff', 7, 180, 12, 115, 'Apple Pay', 'smalarkey4c', 'fveryan4c@buzzfeed.com', '2021-04-23', 2, 41, 11),
(158, '4566156265', 'Cheese - St. Andre', 'http://dummyimage.com/217x100.png/dddddd/000000', 1, 153, 6, 50, 'Credit Card', 'klockey4d', 'pskeel4d@amazon.com', '2021-05-19', 4, 3, 186),
(159, '0279439482', 'Beer - Creemore', 'http://dummyimage.com/131x100.png/cc0000/ffffff', 1, 14, 5, 34, 'Credit Card', 'igeroldo4e', 'sledwidge4e@aboutads.info', '2022-01-10', 4, 165, 48),
(160, '2278834444', 'Corn - On The Cob', 'http://dummyimage.com/202x100.png/ff4444/ffffff', 7, 63, 10, 88, '7-11 代碼繳費', 'zsanderson4f', 'jsherratt4f@soup.io', '2022-01-16', 1, 189, 61),
(161, '7349141785', 'Garam Marsala', 'http://dummyimage.com/180x100.png/5fa2dd/ffffff', 5, 27, 14, 58, '7-11 代碼繳費', 'agorvette4g', 'msaturley4g@blogspot.com', '2022-01-18', 1, 124, 179),
(162, '5421476383', 'Cheese - Cheddar, Medium', 'http://dummyimage.com/212x100.png/cc0000/ffffff', 3, 95, 4, 62, 'Google Pay', 'jabrahams4h', 'mcrisford4h@gov.uk', '2021-12-24', 3, 92, 192),
(163, '7754079895', 'Wine - Shiraz Wolf Blass Premium', 'http://dummyimage.com/154x100.png/5fa2dd/ffffff', 8, 172, 10, 8, 'Apple Pay', 'tgladeche4i', 'cdockrill4i@nationalgeographic.com', '2021-06-21', 3, 52, 40),
(164, '4775633783', 'Pasta - Tortellini, Fresh', 'http://dummyimage.com/118x100.png/cc0000/ffffff', 4, 163, 5, 16, 'Credit Card', 'kmarshallsay4j', 'ajoncic4j@dot.gov', '2022-01-23', 6, 198, 82),
(165, '5537434067', 'Cumin - Ground', 'http://dummyimage.com/122x100.png/ff4444/ffffff', 6, 150, 19, 163, 'Credit Card', 'drarity4k', 'bnollet4k@webs.com', '2021-10-06', 5, 68, 86),
(166, '8540621096', 'Flour - Corn, Fine', 'http://dummyimage.com/224x100.png/dddddd/000000', 7, 83, 9, 96, 'Credit Card', 'bianitti4l', 'bhenric4l@noaa.gov', '2021-09-30', 6, 160, 213),
(167, '9601683127', 'Bacardi Raspberry', 'http://dummyimage.com/112x100.png/5fa2dd/ffffff', 9, 88, 11, 159, 'Apple Pay', 'kordelt4m', 'adudney4m@vk.com', '2021-04-23', 5, 130, 77),
(168, '2723927024', 'Soup Campbells Turkey Veg.', 'http://dummyimage.com/240x100.png/5fa2dd/ffffff', 7, 112, 7, 96, 'Apple Pay', 'dthridgould4n', 'mpiet4n@howstuffworks.com', '2021-06-21', 2, 195, 108),
(169, '4527542346', 'Red Cod Fillets - 225g', 'http://dummyimage.com/157x100.png/5fa2dd/ffffff', 3, 175, 6, 69, 'Google Pay', 'csantostefano4o', 'wmossbee4o@comsenz.com', '2021-03-18', 3, 245, 165),
(170, '1422039617', 'Pie Filling - Apple', 'http://dummyimage.com/208x100.png/cc0000/ffffff', 8, 38, 7, 138, 'Credit Card', 'afandrey4p', 'lguerreau4p@ted.com', '2021-06-25', 6, 228, 44),
(171, '6500514971', 'Grapes - Green', 'http://dummyimage.com/204x100.png/cc0000/ffffff', 6, 40, 19, 157, '', 'draw4q', 'hbasezzi4q@nydailynews.com', '2021-02-23', 2, 180, 124),
(172, '2211808441', 'Truffle - Whole Black Peeled', 'http://dummyimage.com/100x100.png/5fa2dd/ffffff', 4, 136, 16, 75, 'Credit Card', 'kburbridge4r', 'qtrorey4r@google.com.br', '2021-07-14', 4, 159, 91),
(173, '3602046974', 'Mint - Fresh', 'http://dummyimage.com/104x100.png/ff4444/ffffff', 3, 97, 5, 94, '7-11 代碼繳費', 'jmandre4s', 'acrummy4s@live.com', '2021-12-11', 6, 45, 206),
(174, '8411491366', 'Versatainer Nc - 888', 'http://dummyimage.com/214x100.png/5fa2dd/ffffff', 1, 66, 7, 26, 'Google Pay', 'fclifton4t', 'showie4t@google.ru', '2021-07-29', 4, 189, 36),
(175, '9809960506', 'Veal - Eye Of Round', 'http://dummyimage.com/176x100.png/cc0000/ffffff', 4, 117, 6, 138, '', 'cmoncey4u', 'swinchurst4u@reverbnation.com', '2021-09-04', 3, 196, 209),
(176, '5040340567', 'Tray - Foam, Square 4 - S', 'http://dummyimage.com/192x100.png/5fa2dd/ffffff', 6, 77, 7, 88, 'Apple Pay', 'kjansema4v', 'lnewton4v@unesco.org', '2021-04-08', 5, 129, 4),
(177, '3743401266', 'Wine - Chianti Classico Riserva', 'http://dummyimage.com/192x100.png/dddddd/000000', 6, 188, 17, 143, '7-11 代碼繳費', 'ctavner4w', 'wbainbridge4w@jugem.jp', '2021-08-26', 5, 81, 166),
(178, '8615294410', 'Juice - Ocean Spray Cranberry', 'http://dummyimage.com/248x100.png/5fa2dd/ffffff', 9, 160, 14, 167, '7-11 代碼繳費', 'dberrey4x', 'agreger4x@twitpic.com', '2021-06-12', 2, 133, 56),
(179, '0128112182', 'Napkin - Beverge, White 2 - Ply', 'http://dummyimage.com/215x100.png/5fa2dd/ffffff', 3, 33, 13, 37, 'Google Pay', 'eantrum4y', 'tmccane4y@addtoany.com', '2021-08-01', 2, 246, 212),
(180, '9426821988', 'Pork - European Side Bacon', 'http://dummyimage.com/232x100.png/ff4444/ffffff', 6, 70, 15, 42, '7-11 代碼繳費', 'awateridge4z', 'cgyurkovics4z@mlb.com', '2021-11-10', 2, 47, 221),
(181, '2539344119', 'Juice - Grapefruit, 341 Ml', 'http://dummyimage.com/147x100.png/dddddd/000000', 2, 72, 4, 25, 'Apple Pay', 'hkliesl50', 'rcornick50@freewebs.com', '2021-07-12', 3, 118, 224),
(182, '0151137080', 'Dry Ice', 'http://dummyimage.com/119x100.png/5fa2dd/ffffff', 6, 178, 11, 145, '7-11 代碼繳費', 'banwell51', 'vllywarch51@pbs.org', '2021-05-08', 3, 21, 7),
(183, '5683103959', 'Pineapple - Regular', 'http://dummyimage.com/224x100.png/5fa2dd/ffffff', 5, 128, 19, 52, 'Google Pay', 'asparry52', 'kludmann52@hexun.com', '2021-10-21', 3, 164, 117),
(184, '2499663707', 'Oil - Olive', 'http://dummyimage.com/143x100.png/ff4444/ffffff', 9, 123, 17, 61, '', 'crehm53', 'beccleston53@nifty.com', '2022-02-02', 1, 180, 56),
(185, '6664296926', 'Potatoes - Mini Red', 'http://dummyimage.com/161x100.png/cc0000/ffffff', 3, 188, 19, 43, 'Credit Card', 'agasnoll54', 'kbazeley54@columbia.edu', '2021-03-28', 4, 35, 159),
(186, '0660784998', 'Sobe - Orange Carrot', 'http://dummyimage.com/148x100.png/ff4444/ffffff', 3, 162, 16, 91, 'Credit Card', 'adavitashvili55', 'egrieve55@oracle.com', '2021-07-19', 6, 142, 117),
(187, '7817678243', 'Butter - Unsalted', 'http://dummyimage.com/195x100.png/ff4444/ffffff', 1, 42, 14, 171, 'Credit Card', 'cdorrins56', 'fhuetson56@cbslocal.com', '2021-11-05', 1, 113, 64),
(188, '1605657409', 'Cheese - Stilton', 'http://dummyimage.com/240x100.png/5fa2dd/ffffff', 6, 88, 6, 113, 'Google Pay', 'bcranke57', 'alavies57@bloglovin.com', '2021-11-29', 3, 22, 51),
(189, '9394725563', 'Crawfish', 'http://dummyimage.com/154x100.png/ff4444/ffffff', 6, 73, 11, 94, 'Apple Pay', 'nzecchinelli58', 'mravenhills58@dedecms.com', '2021-04-11', 6, 128, 27),
(190, '1966020244', 'Table Cloth 90x90 Colour', 'http://dummyimage.com/214x100.png/ff4444/ffffff', 9, 180, 12, 53, 'Google Pay', 'dlidington59', 'lnairn59@nifty.com', '2021-11-17', 6, 135, 74),
(191, '9358108622', 'Scallops - Live In Shell', 'http://dummyimage.com/209x100.png/cc0000/ffffff', 1, 97, 4, 131, 'Google Pay', 'bpumfrett5a', 'kohearn5a@nifty.com', '2022-01-28', 4, 89, 43),
(192, '3794485041', 'Lamb Leg - Bone - In Nz', 'http://dummyimage.com/239x100.png/dddddd/000000', 1, 189, 15, 54, '', 'ahulme5b', 'gsheerin5b@sfgate.com', '2021-04-05', 1, 155, 175),
(193, '7074192406', 'Temperature Recording Station', 'http://dummyimage.com/235x100.png/ff4444/ffffff', 9, 167, 8, 63, '7-11 代碼繳費', 'isiney5c', 'ajacobsz5c@google.pl', '2021-03-05', 5, 192, 97),
(194, '7610427500', 'Chevere Logs', 'http://dummyimage.com/184x100.png/ff4444/ffffff', 3, 164, 11, 168, 'Apple Pay', 'lrobottham5d', 'tmourant5d@columbia.edu', '2021-12-22', 1, 141, 24),
(195, '8539006782', 'Rice - Wild', 'http://dummyimage.com/162x100.png/dddddd/000000', 2, 177, 4, 75, 'Apple Pay', 'kblaine5e', 'daphale5e@huffingtonpost.com', '2021-09-07', 2, 206, 127),
(196, '0421410361', 'Asparagus - White, Fresh', 'http://dummyimage.com/169x100.png/cc0000/ffffff', 4, 154, 12, 75, 'Credit Card', 'ltwallin5f', 'cenefer5f@biglobe.ne.jp', '2021-05-22', 3, 79, 159),
(197, '6297263345', 'Chicken - Leg / Back Attach', 'http://dummyimage.com/191x100.png/dddddd/000000', 5, 116, 14, 78, 'Apple Pay', 'mmcnamee5g', 'sberston5g@si.edu', '2021-12-19', 1, 224, 34),
(198, '0042579023', 'Wine - Vineland Estate Semi - Dry', 'http://dummyimage.com/222x100.png/5fa2dd/ffffff', 6, 102, 11, 92, '', 'gsalleir5h', 'eludgate5h@noaa.gov', '2021-02-16', 6, 137, 98),
(199, '5388864553', 'Rice Wine - Aji Mirin', 'http://dummyimage.com/107x100.png/dddddd/000000', 8, 61, 17, 140, 'Credit Card', 'bdalgarnocht5i', 'gwicklin5i@chicagotribune.com', '2021-11-01', 1, 246, 52),
(200, '5600852142', 'Coffee - French Vanilla Frothy', 'http://dummyimage.com/241x100.png/5fa2dd/ffffff', 2, 102, 8, 149, 'Credit Card', 'asibbson5j', 'dshimon5j@theguardian.com', '2022-01-31', 2, 180, 110),
(201, '7937233370', 'Boogies', 'http://dummyimage.com/221x100.png/cc0000/ffffff', 8, 18, 8, 87, 'Credit Card', 'nkuhnel5k', 'anewbatt5k@live.com', '2021-09-27', 2, 145, 184),
(202, '6035514421', 'Veal - Brisket, Provimi,bnls', 'http://dummyimage.com/147x100.png/dddddd/000000', 9, 26, 15, 124, '7-11 代碼繳費', 'djedrzejewsky5l', 'mallum5l@google.es', '2021-07-03', 1, 203, 207),
(203, '9208702006', 'Shallots', 'http://dummyimage.com/248x100.png/ff4444/ffffff', 7, 184, 11, 74, 'Google Pay', 'hnoddles5m', 'dprimrose5m@arizona.edu', '2021-07-28', 1, 153, 153),
(204, '9080836931', 'Pesto - Primerba, Paste', 'http://dummyimage.com/249x100.png/cc0000/ffffff', 5, 103, 8, 164, 'Apple Pay', 'aredwall5n', 'hthuillier5n@arstechnica.com', '2021-08-31', 2, 11, 84),
(205, '7775938781', 'Chocolate - Dark Callets', 'http://dummyimage.com/183x100.png/ff4444/ffffff', 2, 76, 6, 22, 'Google Pay', 'pwrathall5o', 'pdionisii5o@yandex.ru', '2021-04-20', 4, 50, 205),
(206, '6896031972', 'Chocolate Bar - Reese Pieces', 'http://dummyimage.com/145x100.png/cc0000/ffffff', 9, 140, 10, 158, '7-11 代碼繳費', 'sjowers5p', 'jvirr5p@cnbc.com', '2021-07-07', 6, 240, 245),
(207, '7052246554', 'Longos - Greek Salad', 'http://dummyimage.com/215x100.png/cc0000/ffffff', 7, 17, 17, 157, 'Apple Pay', 'bnordass5q', 'bather5q@so-net.ne.jp', '2021-10-31', 3, 221, 28),
(208, '4605211586', 'Scallops 60/80 Iqf', 'http://dummyimage.com/114x100.png/dddddd/000000', 9, 137, 3, 68, 'Credit Card', 'jfiddiman5r', 'bschlagh5r@loc.gov', '2021-09-21', 2, 65, 53),
(209, '7779384748', 'Broom - Push', 'http://dummyimage.com/226x100.png/dddddd/000000', 3, 174, 9, 16, '7-11 代碼繳費', 'froskeilly5s', 'mfellenor5s@ucla.edu', '2021-07-23', 4, 211, 65),
(210, '1304505790', 'Sugar - Palm', 'http://dummyimage.com/124x100.png/5fa2dd/ffffff', 7, 106, 19, 178, '7-11 代碼繳費', 'smingardo5t', 'wridgeway5t@dedecms.com', '2021-08-24', 2, 33, 226),
(211, '3445729255', 'Clams - Canned', 'http://dummyimage.com/174x100.png/cc0000/ffffff', 1, 92, 8, 82, 'Apple Pay', 'mtullot5u', 'rgaven5u@auda.org.au', '2021-02-17', 3, 108, 162),
(212, '5643728907', 'Cheese - Brick With Pepper', 'http://dummyimage.com/195x100.png/5fa2dd/ffffff', 3, 103, 9, 61, 'Credit Card', 'jdennis5v', 'gconsterdine5v@arizona.edu', '2021-08-23', 1, 38, 217),
(213, '9980660252', 'Ostrich - Fan Fillet', 'http://dummyimage.com/118x100.png/cc0000/ffffff', 9, 71, 13, 124, 'Google Pay', 'bkenrick5w', 'awelland5w@salon.com', '2021-07-10', 4, 13, 149),
(214, '8646447103', 'Cheese - Brie, Cups 125g', 'http://dummyimage.com/142x100.png/cc0000/ffffff', 2, 145, 8, 156, 'Apple Pay', 'nbonellie5x', 'fshawcroft5x@statcounter.com', '2021-12-19', 6, 208, 178),
(215, '6502980872', 'Trueblue - Blueberry', 'http://dummyimage.com/233x100.png/cc0000/ffffff', 9, 79, 17, 76, '', 'dpedroli5y', 'apolet5y@hostgator.com', '2021-08-11', 6, 35, 17),
(216, '2324675897', 'Coke - Diet, 355 Ml', 'http://dummyimage.com/123x100.png/cc0000/ffffff', 4, 128, 14, 107, '', 'elansley5z', 'zhacquard5z@privacy.gov.au', '2021-02-27', 4, 51, 57),
(217, '3851258673', 'Coffee Beans - Chocolate', 'http://dummyimage.com/249x100.png/5fa2dd/ffffff', 3, 179, 15, 118, '7-11 代碼繳費', 'rmapes60', 'fiacovino60@ihg.com', '2021-09-28', 5, 19, 219),
(218, '0085762202', 'Pie Pecan', 'http://dummyimage.com/175x100.png/5fa2dd/ffffff', 8, 192, 6, 36, '', 'rbelsey61', 'rtows61@goo.gl', '2021-12-31', 5, 89, 52),
(219, '1918174369', 'Beans - Fava, Canned', 'http://dummyimage.com/186x100.png/cc0000/ffffff', 9, 123, 9, 117, '', 'fdetoc62', 'gelphinston62@house.gov', '2022-01-11', 1, 117, 193),
(220, '4902422697', 'Soup - French Onion', 'http://dummyimage.com/188x100.png/dddddd/000000', 3, 38, 10, 160, 'Apple Pay', 'swebb63', 'wschuricht63@163.com', '2022-01-16', 1, 169, 167),
(221, '1059069598', 'Quail - Eggs, Fresh', 'http://dummyimage.com/156x100.png/5fa2dd/ffffff', 6, 130, 13, 43, '7-11 代碼繳費', 'hmanifold64', 'jplumb64@g.co', '2021-04-16', 5, 83, 4),
(222, '7364903321', 'Muskox - French Rack', 'http://dummyimage.com/154x100.png/ff4444/ffffff', 4, 107, 10, 148, '', 'escad65', 'gshorto65@freewebs.com', '2021-04-05', 4, 158, 210),
(223, '9837968060', 'Blueberries - Frozen', 'http://dummyimage.com/211x100.png/5fa2dd/ffffff', 4, 177, 12, 178, 'Credit Card', 'gsayer66', 'cdidello66@taobao.com', '2021-08-03', 1, 124, 64),
(224, '4923592222', 'Broom And Brush Rack Black', 'http://dummyimage.com/105x100.png/dddddd/000000', 1, 29, 16, 82, '7-11 代碼繳費', 'gjostan67', 'rvonoertzen67@hp.com', '2021-11-08', 6, 21, 239),
(225, '1628301643', 'Wine - Valpolicella Masi', 'http://dummyimage.com/142x100.png/ff4444/ffffff', 5, 171, 17, 148, 'Apple Pay', 'mwallas68', 'nhindenberger68@infoseek.co.jp', '2022-01-26', 2, 54, 97),
(226, '8087076427', 'Broom - Push', 'http://dummyimage.com/244x100.png/cc0000/ffffff', 4, 89, 12, 139, 'Apple Pay', 'mbrockhouse69', 'rosgardby69@mit.edu', '2021-05-20', 1, 244, 218),
(227, '6331372369', 'Langers - Mango Nectar', 'http://dummyimage.com/131x100.png/cc0000/ffffff', 8, 127, 14, 166, '', 'mturnor6a', 'epillington6a@boston.com', '2021-11-13', 1, 72, 15),
(228, '9460064108', 'Potatoes - Idaho 80 Count', 'http://dummyimage.com/167x100.png/5fa2dd/ffffff', 1, 169, 10, 146, 'Google Pay', 'mtotterdell6b', 'jdrowsfield6b@wp.com', '2021-03-24', 6, 95, 112),
(229, '7398142536', 'Island Oasis - Sweet And Sour Mix', 'http://dummyimage.com/118x100.png/ff4444/ffffff', 8, 191, 14, 130, '', 'cgwyn6c', 'yelverstone6c@reference.com', '2021-07-14', 1, 181, 239),
(230, '2951963955', 'Olives - Black, Pitted', 'http://dummyimage.com/234x100.png/ff4444/ffffff', 3, 121, 11, 51, '7-11 代碼繳費', 'acalcraft6d', 'mmcsorley6d@simplemachines.org', '2021-05-07', 5, 152, 166),
(231, '0762152842', 'Cheese - Parmigiano Reggiano', 'http://dummyimage.com/175x100.png/5fa2dd/ffffff', 7, 130, 9, 60, 'Apple Pay', 'bdommett6e', 'ebuttrey6e@macromedia.com', '2021-03-01', 2, 148, 128),
(232, '1991846495', 'Lobster - Base', 'http://dummyimage.com/225x100.png/dddddd/000000', 7, 181, 18, 174, '7-11 代碼繳費', 'stibols6f', 'scases6f@archive.org', '2021-04-01', 6, 141, 15),
(233, '1296419789', 'Chinese Foods - Cantonese', 'http://dummyimage.com/154x100.png/dddddd/000000', 7, 174, 7, 150, '7-11 代碼繳費', 'swooffinden6g', 'dollivierre6g@smugmug.com', '2021-09-22', 1, 207, 32),
(234, '4018207646', 'Hickory Smoke, Liquid', 'http://dummyimage.com/115x100.png/cc0000/ffffff', 9, 186, 10, 9, 'Apple Pay', 'bcharleston6h', 'lsnoad6h@vkontakte.ru', '2021-11-06', 3, 186, 47),
(235, '1408404176', 'Cheese - Brie, Cups 125g', 'http://dummyimage.com/115x100.png/cc0000/ffffff', 4, 54, 13, 176, 'Credit Card', 'cludwig6i', 'rhewertson6i@themeforest.net', '2021-10-30', 1, 110, 98),
(236, '8597453516', 'Broom And Brush Rack Black', 'http://dummyimage.com/230x100.png/cc0000/ffffff', 8, 128, 15, 147, '', 'mbrewse6j', 'lbusswell6j@cbslocal.com', '2021-11-23', 3, 44, 237),
(237, '5197829907', 'Daikon Radish', 'http://dummyimage.com/192x100.png/ff4444/ffffff', 3, 61, 19, 63, '', 'ebanker6k', 'aaffuso6k@ycombinator.com', '2021-11-03', 6, 249, 46),
(238, '6785156408', 'Beer - Moosehead', 'http://dummyimage.com/168x100.png/ff4444/ffffff', 4, 160, 10, 31, '7-11 代碼繳費', 'klukianov6l', 'ablayney6l@oracle.com', '2021-03-05', 5, 105, 94),
(239, '6039863927', 'Tuna - Sushi Grade', 'http://dummyimage.com/185x100.png/5fa2dd/ffffff', 8, 189, 11, 39, 'Google Pay', 'nmquhan6m', 'lforeman6m@hostgator.com', '2021-07-06', 2, 237, 11),
(240, '2375477146', 'Squash - Sunburst', 'http://dummyimage.com/203x100.png/dddddd/000000', 2, 195, 13, 67, '7-11 代碼繳費', 'mteek6n', 'aravenhills6n@wiley.com', '2021-09-28', 5, 37, 184),
(241, '7263822652', 'Sauce - Mint', 'http://dummyimage.com/206x100.png/cc0000/ffffff', 3, 73, 7, 130, '', 'cbeckensall6o', 'tannies6o@pcworld.com', '2021-04-15', 3, 10, 35),
(242, '5368847599', 'Heavy Duty Dust Pan', 'http://dummyimage.com/142x100.png/cc0000/ffffff', 3, 62, 10, 92, '7-11 代碼繳費', 'tspurrior6p', 'amack6p@biglobe.ne.jp', '2021-07-31', 2, 144, 157),
(243, '2617533107', 'Nantucket - 518ml', 'http://dummyimage.com/174x100.png/ff4444/ffffff', 6, 62, 15, 103, 'Google Pay', 'ttongs6q', 'jhair6q@hp.com', '2022-01-26', 3, 168, 30),
(244, '1153699532', 'Nut - Almond, Blanched, Sliced', 'http://dummyimage.com/135x100.png/5fa2dd/ffffff', 4, 134, 3, 60, 'Credit Card', 'mskyner6r', 'lrustman6r@squarespace.com', '2021-09-28', 1, 97, 195),
(245, '2236427603', 'Pants Custom Dry Clean', 'http://dummyimage.com/235x100.png/dddddd/000000', 6, 194, 3, 112, '7-11 代碼繳費', 'adarinton6s', 'jneaves6s@sogou.com', '2021-05-17', 6, 214, 33),
(246, '0974327980', 'Compound - Mocha', 'http://dummyimage.com/122x100.png/dddddd/000000', 6, 22, 5, 174, '7-11 代碼繳費', 'dkurt6t', 'asalack6t@google.it', '2021-08-11', 3, 209, 157),
(247, '9663361549', 'Fireball Whisky', 'http://dummyimage.com/234x100.png/5fa2dd/ffffff', 6, 131, 16, 161, 'Google Pay', 'mconstantine6u', 'shailston6u@blogtalkradio.com', '2021-11-13', 1, 20, 12),
(248, '6659710116', 'Shallots', 'http://dummyimage.com/158x100.png/ff4444/ffffff', 2, 24, 8, 22, 'Apple Pay', 'risakov6v', 'msplaven6v@ow.ly', '2021-12-30', 6, 204, 79),
(249, '0652405169', 'Lettuce - Sea / Sea Asparagus', 'http://dummyimage.com/187x100.png/cc0000/ffffff', 6, 118, 3, 41, '', 'vmccartan6w', 'ddouthwaite6w@cocolog-nifty.com', '2021-02-23', 5, 63, 152),
(250, '2197132253', 'Corn - Mini', 'http://dummyimage.com/160x100.png/dddddd/000000', 3, 151, 3, 12, 'Apple Pay', 'fcranch6x', 'agorelli6x@dagondesign.com', '2021-08-01', 1, 212, 5);

-- --------------------------------------------------------

--
-- Table structure for table `order_detail`
--

DROP TABLE IF EXISTS `order_detail`;
CREATE TABLE `order_detail` (
  `id` int(11) NOT NULL,
  `product_name` varchar(50) DEFAULT NULL,
  `product_price` int(11) DEFAULT NULL,
  `created_at` datetime DEFAULT NULL,
  `order_id` int(11) DEFAULT NULL,
  `product_id` int(11) DEFAULT NULL
) ENGINE=InnoDB DEFAULT CHARSET=utf8mb4;

--
-- Dumping data for table `order_detail`
--

INSERT INTO `order_detail` (`id`, `product_name`, `product_price`, `created_at`, `order_id`, `product_id`) VALUES
(1, 'Taro Root', 13, '2021-12-02 00:00:00', 154, 210),
(2, 'Extract Vanilla Pure', 24, '2021-05-04 00:00:00', 90, 66),
(3, 'Beef - Ox Tongue', 11, '2021-06-26 00:00:00', 64, 32),
(4, 'Bread - Flat Bread', 18, '2021-12-05 00:00:00', 144, 247),
(5, 'Pineapple - Canned, Rings', 14, '2021-03-12 00:00:00', 248, 185),
(6, 'Pepper - Red, Finger Hot', 19, '2021-11-30 00:00:00', 20, 188),
(7, 'Garam Masala Powder', 9, '2021-02-27 00:00:00', 241, 222),
(8, 'Ginger - Pickled', 11, '2021-09-10 00:00:00', 126, 61),
(9, 'Beer - Guiness', 12, '2021-03-27 00:00:00', 196, 209),
(10, 'Maintenance Removal Charge', 31, '2021-07-02 00:00:00', 80, 245),
(11, 'Lobster - Live', 18, '2021-08-19 00:00:00', 95, 199),
(12, 'Wine - Sawmill Creek Autumn', 34, '2021-04-09 00:00:00', 99, 181),
(13, 'Pork Casing', 25, '2021-10-27 00:00:00', 42, 134),
(14, 'Carbonated Water - Strawberry', 29, '2021-04-30 00:00:00', 153, 22),
(15, 'Glove - Cutting', 37, '2021-07-30 00:00:00', 199, 6),
(16, 'Table Cloth 81x81 Colour', 19, '2021-11-24 00:00:00', 37, 239),
(17, 'Wine - Magnotta, Merlot Sr Vqa', 32, '2021-11-04 00:00:00', 101, 186),
(18, 'Coconut - Shredded, Unsweet', 10, '2021-12-13 00:00:00', 138, 187),
(19, 'Pork Casing', 18, '2021-10-03 00:00:00', 139, 35),
(20, 'Red Snapper - Fresh, Whole', 28, '2021-06-15 00:00:00', 35, 239),
(21, 'Soup - Knorr, Ministrone', 24, '2021-06-08 00:00:00', 56, 172),
(22, 'Plate - Foam, Bread And Butter', 36, '2021-05-12 00:00:00', 163, 235),
(23, 'Extract - Raspberry', 31, '2021-12-05 00:00:00', 19, 96),
(24, 'Wine - White, Lindemans Bin 95', 16, '2021-12-25 00:00:00', 151, 214),
(25, 'Trueblue - Blueberry 12x473ml', 23, '2021-07-19 00:00:00', 11, 195),
(26, 'Tea - Decaf Lipton', 31, '2021-02-18 00:00:00', 175, 92),
(27, 'Juice - Cranberry 284ml', 18, '2021-03-31 00:00:00', 247, 194),
(28, 'Cocoa Powder - Natural', 34, '2021-02-17 00:00:00', 20, 84),
(29, 'Chicken Breast Halal', 27, '2021-04-09 00:00:00', 3, 181),
(30, 'Nori Sea Weed', 31, '2021-10-22 00:00:00', 48, 175),
(31, 'Grenadillo', 27, '2021-06-11 00:00:00', 155, 217),
(32, 'Daves Island Stinger', 39, '2022-01-25 00:00:00', 185, 95),
(33, 'Garlic - Primerba, Paste', 14, '2021-06-15 00:00:00', 161, 81),
(34, 'Wine - Red, Colio Cabernet', 25, '2021-05-24 00:00:00', 190, 69),
(35, 'Cloves - Ground', 15, '2022-01-10 00:00:00', 68, 228),
(36, 'Pepper - Jalapeno', 22, '2021-07-13 00:00:00', 74, 168),
(37, 'Food Colouring - Pink', 18, '2021-04-18 00:00:00', 139, 74),
(38, 'Tuna - Sushi Grade', 23, '2021-03-05 00:00:00', 237, 64),
(39, '7up Diet, 355 Ml', 31, '2022-01-27 00:00:00', 53, 195),
(40, 'Wine - Masi Valpolocell', 27, '2021-12-06 00:00:00', 250, 196),
(41, 'Noodles - Cellophane, Thin', 30, '2022-02-14 00:00:00', 60, 220),
(42, 'Energy Drink - Franks Pineapple', 22, '2021-08-02 00:00:00', 193, 90),
(43, 'Peach - Fresh', 35, '2022-01-07 00:00:00', 132, 190),
(44, 'Squid - U 5', 25, '2021-12-07 00:00:00', 164, 34),
(45, 'Venison - Denver Leg Boneless', 27, '2021-09-29 00:00:00', 229, 129),
(46, 'Wine - Red, Pinot Noir, Chateau', 36, '2021-11-30 00:00:00', 174, 114),
(47, 'Coffee - Ristretto Coffee Capsule', 18, '2021-09-22 00:00:00', 229, 32),
(48, 'Tea - Darjeeling, Azzura', 33, '2021-05-09 00:00:00', 226, 12),
(49, 'Milk - 1%', 33, '2021-05-12 00:00:00', 199, 215),
(50, 'Scampi Tail', 35, '2021-07-06 00:00:00', 25, 2),
(51, 'Sherry - Dry', 31, '2021-08-04 00:00:00', 218, 189),
(52, 'Chicken Giblets', 13, '2021-12-10 00:00:00', 95, 168),
(53, 'Bols Melon Liqueur', 22, '2021-07-06 00:00:00', 11, 191),
(54, 'Onions - White', 11, '2021-04-08 00:00:00', 54, 97),
(55, 'Wine - Prosecco Valdobiaddene', 12, '2021-03-27 00:00:00', 112, 178),
(56, 'Evaporated Milk - Skim', 20, '2021-05-02 00:00:00', 229, 56),
(57, 'Veal - Leg', 22, '2021-11-01 00:00:00', 121, 232),
(58, 'Split Peas - Green, Dry', 33, '2021-10-22 00:00:00', 59, 105),
(59, 'Island Oasis - Peach Daiquiri', 14, '2021-03-01 00:00:00', 216, 233),
(60, 'Pate - Cognac', 10, '2021-06-28 00:00:00', 158, 130),
(61, 'Eel Fresh', 22, '2021-03-09 00:00:00', 248, 141),
(62, 'Sultanas', 26, '2021-05-13 00:00:00', 179, 82),
(63, 'Cheese Cloth No 60', 24, '2021-09-23 00:00:00', 14, 15),
(64, 'Scallops - 20/30', 20, '2021-10-15 00:00:00', 211, 227),
(65, 'Radish', 28, '2021-07-23 00:00:00', 211, 177),
(66, 'Chips - Assorted', 26, '2021-09-24 00:00:00', 45, 50),
(67, 'Coffee Cup 8oz 5338cd', 31, '2021-07-24 00:00:00', 129, 227),
(68, 'Tuna - Fresh', 39, '2021-11-22 00:00:00', 217, 51),
(69, 'Spice - Chili Powder Mexican', 21, '2021-02-22 00:00:00', 45, 79),
(70, 'Mushroom - Lg - Cello', 16, '2021-03-26 00:00:00', 235, 71),
(71, 'Pork - Belly Fresh', 22, '2021-09-09 00:00:00', 239, 222),
(72, 'Wine - Guy Sage Touraine', 33, '2021-09-01 00:00:00', 161, 111),
(73, 'Nestea - Iced Tea', 23, '2021-11-27 00:00:00', 48, 222),
(74, 'Bread - Multigrain Oval', 17, '2022-01-14 00:00:00', 180, 39),
(75, 'Pear - Packum', 36, '2022-02-15 00:00:00', 42, 204),
(76, 'Cheese - Victor Et Berthold', 12, '2021-11-18 00:00:00', 245, 93),
(77, 'Chicken - Wings, Tip Off', 32, '2021-07-11 00:00:00', 95, 206),
(78, 'Rhubarb', 10, '2022-01-07 00:00:00', 223, 171),
(79, 'Chocolate - Unsweetened', 34, '2022-02-07 00:00:00', 178, 220),
(80, 'Veal - Bones', 27, '2021-05-22 00:00:00', 201, 25),
(81, 'Mushroom - Morel Frozen', 23, '2021-04-19 00:00:00', 232, 47),
(82, 'Tart Shells - Savory, 4', 12, '2021-12-23 00:00:00', 132, 2),
(83, 'Sauce - Soya, Dark', 21, '2021-11-20 00:00:00', 222, 238),
(84, 'Salmon - Atlantic, Skin On', 21, '2021-06-26 00:00:00', 44, 53),
(85, 'Brandy - Bar', 18, '2021-12-22 00:00:00', 186, 93),
(86, 'Oregano - Dry, Rubbed', 10, '2021-04-25 00:00:00', 73, 66),
(87, 'Curry Paste - Madras', 14, '2021-10-02 00:00:00', 35, 223),
(88, 'Longos - Chicken Caeser Salad', 12, '2021-04-20 00:00:00', 234, 30),
(89, 'Tea - Jasmin Green', 23, '2021-07-21 00:00:00', 50, 16),
(90, 'Apple - Northern Spy', 12, '2021-08-18 00:00:00', 21, 215),
(91, 'C - Plus, Orange', 14, '2021-11-19 00:00:00', 228, 97),
(92, 'Wine - Ruffino Chianti Classico', 15, '2021-07-26 00:00:00', 12, 163),
(93, 'Capers - Ox Eye Daisy', 14, '2021-08-14 00:00:00', 21, 134),
(94, 'Wine - Niagara,vqa Reisling', 34, '2021-07-15 00:00:00', 142, 135),
(95, 'Venison - Liver', 20, '2021-03-31 00:00:00', 30, 160),
(96, 'Sauce Bbq Smokey', 35, '2021-03-10 00:00:00', 90, 116),
(97, 'Tuna - Yellowfin', 36, '2021-09-23 00:00:00', 64, 98),
(98, 'Lettuce - Red Leaf', 15, '2022-01-13 00:00:00', 117, 130),
(99, 'Soup - Campbells Chili Veg', 28, '2021-08-16 00:00:00', 62, 72),
(100, 'Petit Baguette', 11, '2021-11-10 00:00:00', 243, 211),
(101, 'Okra', 17, '2021-12-17 00:00:00', 174, 56),
(102, 'Beef - Striploin Aa', 24, '2021-12-18 00:00:00', 238, 85),
(103, 'Chocolate - Mi - Amere Semi', 17, '2021-06-27 00:00:00', 250, 39),
(104, 'Cup - 3.5oz, Foam', 14, '2021-04-23 00:00:00', 203, 107),
(105, 'Syrup - Monin, Swiss Choclate', 12, '2021-04-11 00:00:00', 136, 179),
(106, 'Soup - Campbells, Creamy', 19, '2021-06-25 00:00:00', 230, 56),
(107, 'Buffalo - Short Rib Fresh', 20, '2021-09-25 00:00:00', 148, 97),
(108, 'Yokaline', 29, '2021-11-22 00:00:00', 189, 131),
(109, 'Curry Paste - Madras', 18, '2021-05-02 00:00:00', 12, 59),
(110, 'Cheese - Comte', 23, '2022-01-11 00:00:00', 77, 140),
(111, 'Energy Drink - Redbull 355ml', 21, '2021-05-28 00:00:00', 72, 112),
(112, 'Wine - Baron De Rothschild', 11, '2021-05-26 00:00:00', 60, 8),
(113, 'Asparagus - Mexican', 34, '2021-05-16 00:00:00', 148, 176),
(114, 'Oil - Truffle, Black', 23, '2021-05-24 00:00:00', 162, 90),
(115, 'Milk - 2%', 32, '2022-02-04 00:00:00', 82, 248),
(116, 'Squash - Guords', 22, '2022-01-25 00:00:00', 120, 167),
(117, 'Pepsi - Diet, 355 Ml', 20, '2021-08-08 00:00:00', 67, 11),
(118, 'Lamb - Loin, Trimmed, Boneless', 17, '2021-10-03 00:00:00', 248, 188),
(119, 'Pork - Side Ribs', 32, '2021-11-12 00:00:00', 139, 61),
(120, 'Pork - Loin, Bone - In', 30, '2021-12-14 00:00:00', 8, 241),
(121, 'Mushroom - Morel Frozen', 31, '2021-10-28 00:00:00', 69, 29),
(122, 'Rum - Cream, Amarula', 10, '2021-04-09 00:00:00', 102, 63),
(123, 'Pork - Loin, Center Cut', 15, '2021-12-11 00:00:00', 45, 206),
(124, 'Milk - 2% 250 Ml', 36, '2021-07-08 00:00:00', 133, 83),
(125, 'Chives - Fresh', 15, '2021-09-18 00:00:00', 117, 32),
(126, 'White Baguette', 39, '2022-01-30 00:00:00', 175, 8),
(127, 'Coffee - Decaffeinato Coffee', 34, '2021-09-15 00:00:00', 16, 66),
(128, 'Brownies - Two Bite, Chocolate', 18, '2021-12-26 00:00:00', 215, 236),
(129, 'Lamb - Shanks', 24, '2022-01-08 00:00:00', 1, 68),
(130, 'Bag - Bread, White, Plain', 14, '2021-10-29 00:00:00', 172, 245),
(131, 'Eggplant - Baby', 31, '2021-09-06 00:00:00', 202, 89),
(132, 'Pecan Raisin - Tarts', 9, '2021-05-16 00:00:00', 82, 232),
(133, 'Celery Root', 18, '2021-03-09 00:00:00', 247, 133),
(134, 'Peas Snow', 14, '2021-06-13 00:00:00', 90, 142),
(135, 'Lambcasing', 38, '2021-06-05 00:00:00', 210, 109),
(136, 'Soup Campbells - Italian Wedding', 30, '2021-04-25 00:00:00', 248, 172),
(137, 'Pate - Cognac', 13, '2021-11-04 00:00:00', 222, 139),
(138, 'Coffee - Decafenated', 26, '2021-06-02 00:00:00', 95, 185),
(139, 'Vol Au Vents', 12, '2021-10-16 00:00:00', 49, 248),
(140, 'Mop Head - Cotton, 24 Oz', 28, '2021-08-02 00:00:00', 209, 225),
(141, 'Sherbet - Raspberry', 34, '2021-04-17 00:00:00', 42, 115),
(142, 'Clams - Littleneck, Whole', 30, '2021-04-11 00:00:00', 212, 55),
(143, 'Wine - Clavet Saint Emilion', 10, '2021-06-14 00:00:00', 19, 164),
(144, 'Water - Mineral, Natural', 26, '2021-03-23 00:00:00', 146, 183),
(145, 'Brandy Cherry - Mcguinness', 19, '2021-12-24 00:00:00', 109, 150),
(146, 'Flour - Corn, Fine', 26, '2021-12-07 00:00:00', 150, 3),
(147, 'Lentils - Green Le Puy', 28, '2021-07-02 00:00:00', 39, 95),
(148, 'Kellogs Special K Cereal', 10, '2022-01-25 00:00:00', 33, 25),
(149, 'Flour - Fast / Rapid', 25, '2021-08-17 00:00:00', 157, 221),
(150, 'Munchies Honey Sweet Trail Mix', 21, '2021-11-17 00:00:00', 140, 56),
(151, 'Muffin - Zero Transfat', 35, '2021-08-29 00:00:00', 23, 143),
(152, 'Bread - White, Unsliced', 28, '2021-03-01 00:00:00', 83, 135),
(153, 'Onions - Cippolini', 9, '2021-09-11 00:00:00', 48, 18),
(154, 'Cheese - Goat', 19, '2021-09-18 00:00:00', 33, 125),
(155, 'Kellogs Raisan Bran Bars', 13, '2021-03-23 00:00:00', 4, 246),
(156, 'Squash - Butternut', 9, '2021-07-23 00:00:00', 17, 15),
(157, 'Cranberries - Dry', 35, '2021-06-10 00:00:00', 78, 59),
(158, 'Bar Mix - Lemon', 36, '2021-05-15 00:00:00', 218, 5),
(159, 'Muffin Mix - Lemon Cranberry', 25, '2021-03-17 00:00:00', 146, 187),
(160, 'Wine - Red, Metus Rose', 12, '2021-06-20 00:00:00', 244, 135),
(161, 'Lamb Leg - Bone - In Nz', 23, '2021-06-28 00:00:00', 13, 11),
(162, 'Appetizer - Southwestern', 26, '2022-02-14 00:00:00', 69, 73),
(163, 'Muffin Mix - Lemon Cranberry', 24, '2021-07-23 00:00:00', 57, 67),
(164, 'Spice - Onion Powder Granulated', 30, '2021-03-16 00:00:00', 10, 228),
(165, 'Salmon - Atlantic, No Skin', 31, '2021-06-06 00:00:00', 109, 45),
(166, 'Chicken - Base, Ultimate', 19, '2021-08-23 00:00:00', 83, 73),
(167, 'Puree - Guava', 29, '2021-04-09 00:00:00', 189, 215),
(168, 'Pork - Suckling Pig', 36, '2021-06-26 00:00:00', 61, 21),
(169, 'Beef - Salted', 26, '2021-12-10 00:00:00', 86, 175),
(170, 'Stock - Beef, Brown', 11, '2021-03-22 00:00:00', 212, 3),
(171, 'Icecream - Dibs', 22, '2022-01-29 00:00:00', 14, 211),
(172, 'Beets - Mini Golden', 31, '2021-05-10 00:00:00', 225, 241),
(173, 'Bread - Frozen Basket Variety', 24, '2021-11-03 00:00:00', 193, 31),
(174, 'Bread - Bagels, Mini', 26, '2021-03-30 00:00:00', 19, 24),
(175, 'Wine - Taylors Reserve', 14, '2021-04-08 00:00:00', 131, 174),
(176, 'Mushroom - Morel Frozen', 35, '2021-10-20 00:00:00', 168, 153),
(177, 'Doilies - 5, Paper', 15, '2022-01-09 00:00:00', 158, 177),
(178, 'Jameson Irish Whiskey', 19, '2021-03-27 00:00:00', 59, 237),
(179, 'Milkettes - 2%', 17, '2021-11-11 00:00:00', 10, 133),
(180, 'Icecream - Dstk Strw Chseck', 23, '2021-03-13 00:00:00', 148, 70),
(181, 'Bread - Corn Muffaletta', 33, '2021-05-21 00:00:00', 167, 206),
(182, 'Wine - Rioja Campo Viejo', 29, '2021-02-27 00:00:00', 73, 168),
(183, 'Duck - Breast', 32, '2021-11-28 00:00:00', 226, 34),
(184, 'Jam - Blackberry, 20 Ml Jar', 22, '2021-05-16 00:00:00', 57, 8),
(185, 'Stock - Beef, Brown', 26, '2021-03-09 00:00:00', 104, 153),
(186, 'Truffle Cups - Brown', 23, '2021-12-04 00:00:00', 118, 82),
(187, 'Wine - Red, Gallo, Merlot', 29, '2021-08-20 00:00:00', 237, 215),
(188, 'Juice - Lagoon Mango', 18, '2021-07-16 00:00:00', 33, 120),
(189, 'French Kiss Vanilla', 28, '2021-09-17 00:00:00', 172, 214),
(190, 'Container - Hngd Cll Blk 7x7x3', 19, '2021-03-02 00:00:00', 238, 218),
(191, 'Wine - Alsace Riesling Reserve', 9, '2021-11-26 00:00:00', 30, 108),
(192, 'Bread Sour Rolls', 35, '2021-04-10 00:00:00', 244, 83),
(193, 'Bread - Wheat Baguette', 30, '2021-11-20 00:00:00', 27, 92),
(194, 'Juice - Pineapple, 48 Oz', 28, '2021-07-11 00:00:00', 221, 16),
(195, 'Potatoes - Peeled', 31, '2022-01-27 00:00:00', 41, 45),
(196, 'Kiwi', 26, '2021-06-26 00:00:00', 143, 194),
(197, 'Cookie Double Choco', 35, '2021-06-01 00:00:00', 214, 174),
(198, 'Capon - Breast, Double, Wing On', 34, '2021-04-13 00:00:00', 176, 223),
(199, 'Smoked Paprika', 22, '2021-07-13 00:00:00', 218, 166),
(200, 'Tomatoes Tear Drop', 36, '2021-07-28 00:00:00', 102, 170),
(201, 'Thyme - Dried', 32, '2021-06-05 00:00:00', 193, 132),
(202, 'Cloves - Whole', 36, '2021-07-29 00:00:00', 144, 38),
(203, 'Wine - Balbach Riverside', 13, '2021-04-07 00:00:00', 39, 97),
(204, 'Tea - Green', 29, '2021-03-21 00:00:00', 34, 46),
(205, 'Pepper - Jalapeno', 18, '2021-10-16 00:00:00', 194, 201),
(206, 'Crab - Imitation Flakes', 12, '2021-10-19 00:00:00', 25, 223),
(207, 'Samosa - Veg', 20, '2022-01-05 00:00:00', 168, 134),
(208, 'Pears - Fiorelle', 34, '2022-01-12 00:00:00', 132, 124),
(209, 'Bacardi Breezer - Tropical', 35, '2022-01-06 00:00:00', 11, 147),
(210, 'Lamb Leg - Bone - In Nz', 17, '2021-06-11 00:00:00', 246, 187),
(211, 'Beer - Guiness', 27, '2021-03-26 00:00:00', 70, 163),
(212, 'Chilli Paste, Hot Sambal Oelek', 11, '2021-05-17 00:00:00', 28, 82),
(213, 'Pickle - Dill', 20, '2021-08-20 00:00:00', 106, 156),
(214, 'Pepper - Chili Powder', 9, '2021-05-07 00:00:00', 54, 161),
(215, 'Table Cloth - 53x69 Colour', 37, '2021-09-05 00:00:00', 199, 37),
(216, 'Mint - Fresh', 27, '2021-04-03 00:00:00', 187, 218),
(217, 'Sauce Tomato Pouch', 10, '2021-06-06 00:00:00', 96, 90),
(218, 'Potatoes - Idaho 100 Count', 9, '2021-07-09 00:00:00', 146, 215),
(219, 'Shrimp - 100 / 200 Cold Water', 23, '2021-05-14 00:00:00', 213, 170),
(220, 'Pecan Raisin - Tarts', 26, '2021-10-17 00:00:00', 46, 56),
(221, 'Dehydrated Kelp Kombo', 27, '2021-06-27 00:00:00', 48, 111),
(222, 'Frangelico', 14, '2021-07-11 00:00:00', 109, 30),
(223, 'Wine - White, Schroder And Schyl', 36, '2021-06-20 00:00:00', 243, 193),
(224, 'Stock - Beef, Brown', 30, '2021-06-07 00:00:00', 221, 58),
(225, 'Rambutan', 23, '2021-04-26 00:00:00', 207, 153),
(226, 'Pork - Loin, Boneless', 12, '2021-07-15 00:00:00', 214, 53),
(227, 'Goat - Leg', 13, '2021-07-14 00:00:00', 71, 67),
(228, 'Carbonated Water - Raspberry', 35, '2021-05-23 00:00:00', 170, 142),
(229, 'Ice Cream - Life Savers', 13, '2021-11-17 00:00:00', 165, 248),
(230, 'Chickensplit Half', 18, '2021-02-23 00:00:00', 169, 213),
(231, 'Truffle Cups Green', 19, '2021-12-02 00:00:00', 6, 236),
(232, 'Cheese - Bakers Cream Cheese', 20, '2021-06-18 00:00:00', 129, 187),
(233, 'Madeira', 39, '2021-11-28 00:00:00', 30, 94),
(234, 'Juice Peach Nectar', 36, '2021-12-22 00:00:00', 194, 215),
(235, 'Chocolate - Dark', 9, '2021-07-04 00:00:00', 83, 240),
(236, 'Quail - Jumbo Boneless', 9, '2021-10-18 00:00:00', 23, 24),
(237, 'Ice Cream - Fudge Bars', 24, '2021-11-17 00:00:00', 230, 218),
(238, 'Gin - Gilbeys London, Dry', 25, '2021-12-18 00:00:00', 12, 178),
(239, 'Pickerel - Fillets', 13, '2021-09-11 00:00:00', 179, 31),
(240, 'Container - Hngd Cll Blk 7x7x3', 20, '2021-07-17 00:00:00', 224, 234),
(241, 'Energy Drink', 28, '2021-11-18 00:00:00', 2, 9),
(242, 'Broom And Broom Rack White', 10, '2021-03-16 00:00:00', 48, 135),
(243, 'Honey - Comb', 11, '2022-01-27 00:00:00', 206, 176),
(244, 'Truffle Shells - Semi - Sweet', 20, '2021-10-13 00:00:00', 86, 223),
(245, 'Table Cloth 54x72 White', 11, '2021-02-18 00:00:00', 214, 1),
(246, 'Ocean Spray - Ruby Red', 33, '2021-07-21 00:00:00', 222, 121),
(247, 'Madeira', 30, '2021-12-14 00:00:00', 102, 50),
(248, 'Squash - Acorn', 24, '2021-12-11 00:00:00', 41, 149),
(249, 'Sole - Fillet', 14, '2021-11-21 00:00:00', 197, 166),
(250, 'Salmon - Canned', 37, '2021-09-25 00:00:00', 182, 151);

-- --------------------------------------------------------

--
-- Table structure for table `order_status`
--

DROP TABLE IF EXISTS `order_status`;
CREATE TABLE `order_status` (
  `id` int(11) NOT NULL,
  `name` varchar(50) NOT NULL,
  `descp` varchar(50) NOT NULL,
  `created_at` date NOT NULL
) ENGINE=InnoDB DEFAULT CHARSET=utf8mb4;

--
-- Dumping data for table `order_status`
--

INSERT INTO `order_status` (`id`, `name`, `descp`, `created_at`) VALUES
(1, 'pending', '待付款', '2022-02-17'),
(2, 'cancel', '已取消', '2022-02-17'),
(3, 'paid', '已付款', '2022-02-17'),
(4, 'refund', '退款中', '2022-02-17'),
(5, 'refunded', '已退款', '2022-02-17'),
(6, 'close', '已關閉', '2022-02-17');

-- --------------------------------------------------------

--
-- Table structure for table `payment_method`
--

DROP TABLE IF EXISTS `payment_method`;
CREATE TABLE `payment_method` (
  `id` int(11) NOT NULL,
  `name` varchar(50) NOT NULL,
  `descp` varchar(50) NOT NULL,
  `created_at` date NOT NULL,
  `valid` int(11) NOT NULL
) ENGINE=InnoDB DEFAULT CHARSET=utf8mb4;

--
-- Dumping data for table `payment_method`
--

INSERT INTO `payment_method` (`id`, `name`, `descp`, `created_at`, `valid`) VALUES
(1, 'Apple Pay', 'Apple 支付', '2022-02-17', 1),
(2, 'Google Pay', 'Google 支付', '2022-02-17', 1),
(3, 'Line Pay', 'Line 第三方支付', '2022-02-17', 1),
(4, '7-11', '代碼繳費', '2022-02-17', 1);

-- --------------------------------------------------------

--
-- Table structure for table `products`
--

DROP TABLE IF EXISTS `products`;
CREATE TABLE `products` (
  `id` int(11) UNSIGNED NOT NULL,
  `name` varchar(50) DEFAULT NULL,
  `descp` text DEFAULT NULL,
  `img` varchar(50) DEFAULT NULL,
  `price` int(11) UNSIGNED DEFAULT NULL,
  `currency` varchar(3) DEFAULT NULL,
  `favorites` int(11) UNSIGNED DEFAULT NULL,
  `owners` int(11) UNSIGNED DEFAULT NULL,
  `stars` decimal(2,1) DEFAULT NULL,
  `review_counts` int(11) NOT NULL,
  `created_at` date DEFAULT NULL,
  `expired_at` date DEFAULT NULL,
  `product_status_id` int(11) UNSIGNED DEFAULT NULL,
  `product_series_id` int(11) UNSIGNED DEFAULT NULL
) ENGINE=InnoDB DEFAULT CHARSET=utf8mb4;

--
-- Dumping data for table `products`
--

INSERT INTO `products` (`id`, `name`, `descp`, `img`, `price`, `currency`, `favorites`, `owners`, `stars`, `review_counts`, `created_at`, `expired_at`, `product_status_id`, `product_series_id`) VALUES
(1, 'Disco 扭扭', 'Nulla ut erat id mauris vulputate elementum. Nullam varius. Nulla facilisi.\n\nCras non velit nec nisi vulputate nonummy. Maecenas tincidunt lacus at velit. Vivamus vel nulla eget eros elementum pellentesque.\n\nQuisque porta volutpat erat. Quisque erat eros, viverra eget, congue eget, semper rutrum, nulla. Nunc purus.', 'images/film/a1', 20, 'NT', 383, 260, '3.0', 99, '2021-12-21', '2022-04-26', 3, 4),
(2, '米其林五星級', 'Duis aliquam convallis nunc. Proin at turpis a pede posuere nonummy. Integer non velit.\n\nDonec diam neque, vestibulum eget, vulputate ut, ultrices vel, augue. Vestibulum ante ipsum primis in faucibus orci luctus et ultrices posuere cubilia Curae; Donec pharetra, magna vestibulum aliquet ultrices, erat tortor sollicitudin mi, sit amet lobortis sapien sapien non mi. Integer ac neque.\n\nDuis bibendum. Morbi non quam nec dui luctus rutrum. Nulla tellus.\n\nIn sagittis dui vel nisl. Duis ac nibh. Fusce lacus purus, aliquet at, feugiat non, pretium quis, lectus.', 'images/food/a1', 20, 'NT', 416, 63, '4.0', 99, '2021-11-17', '2022-07-03', 4, 2),
(3, '羅曼蒂克的秘密', 'Donec diam neque, vestibulum eget, vulputate ut, ultrices vel, augue. Vestibulum ante ipsum primis in faucibus orci luctus et ultrices posuere cubilia Curae; Donec pharetra, magna vestibulum aliquet ultrices, erat tortor sollicitudin mi, sit amet lobortis sapien sapien non mi. Integer ac neque.', 'images/wedding/a1', 20, 'NT', 96, 168, '5.0', 99, '2021-11-21', '2022-11-25', 1, 3),
(4, '80港風', 'In quis justo. Maecenas rhoncus aliquam lacus. Morbi quis tortor id nulla ultrices aliquet.\n\nMaecenas leo odio, condimentum id, luctus nec, molestie sed, justo. Pellentesque viverra pede ac diam. Cras pellentesque volutpat dui.', 'images/film/b1', 20, 'NT', 331, 140, '3.0', 99, '2021-07-31', '2022-03-25', 4, 4),
(5, '秋黃山谷', 'Cum sociis natoque penatibus et magnis dis parturient montes, nascetur ridiculus mus. Vivamus vestibulum sagittis sapien. Cum sociis natoque penatibus et magnis dis parturient montes, nascetur ridiculus mus.\n\nEtiam vel augue. Vestibulum rutrum rutrum neque. Aenean auctor gravida sem.', 'images/scenery/a1', 20, 'NT', 275, 154, '4.0', 99, '2021-11-21', '2022-06-06', 1, 5),
(6, '威靈頓牛排', 'Curabitur in libero ut massa volutpat convallis. Morbi odio odio, elementum eu, interdum eu, tincidunt in, leo. Maecenas pulvinar lobortis est.\n\nPhasellus sit amet erat. Nulla tempus. Vivamus in felis eu sapien cursus vestibulum.\n\nProin eu mi. Nulla ac enim. In tempor, turpis nec euismod scelerisque, quam turpis adipiscing lorem, vitae mattis nibh ligula nec sem.', 'images/food/b1', 20, 'NT', 150, 218, '2.0', 99, '2021-04-04', '2022-12-31', 4, 2),
(7, '潔白無瑕的慶典', 'Fusce posuere felis sed lacus. Morbi sem mauris, laoreet ut, rhoncus aliquet, pulvinar sed, nisl. Nunc rhoncus dui vel sem.\n\nSed sagittis. Nam congue, risus semper porta volutpat, quam pede lobortis ligula, sit amet eleifend pede libero quis orci. Nullam molestie nibh in lectus.\n\nPellentesque at nulla. Suspendisse potenti. Cras in purus eu magna vulputate luctus.\n\nCum sociis natoque penatibus et magnis dis parturient montes, nascetur ridiculus mus. Vivamus vestibulum sagittis sapien. Cum sociis natoque penatibus et magnis dis parturient montes, nascetur ridiculus mus.', 'images/wedding/b1', 20, 'NT', 208, 141, '3.0', 99, '2021-07-18', '2022-02-03', 5, 3),
(8, '80美式復古', 'Lorem ipsum dolor sit amet, consectetuer adipiscing elit. Proin risus. Praesent lectus.\n\nVestibulum quam sapien, varius ut, blandit non, interdum in, ante. Vestibulum ante ipsum primis in faucibus orci luctus et ultrices posuere cubilia Curae; Duis faucibus accumsan odio. Curabitur convallis.\n\nDuis consequat dui nec nisi volutpat eleifend. Donec ut dolor. Morbi vel lectus in quam fringilla rhoncus.\n\nMauris enim leo, rhoncus sed, vestibulum sit amet, cursus id, turpis. Integer aliquet, massa id lobortis convallis, tortor risus dapibus augue, vel accumsan tellus nisi eu orci. Mauris lacinia sapien quis libero.', 'images/film/c1', 41, 'NT', 43, 238, '5.0', 99, '2021-01-14', '2022-02-16', 3, 4),
(9, '泛黃回憶', 'Cras non velit nec nisi vulputate nonummy. Maecenas tincidunt lacus at velit. Vivamus vel nulla eget eros elementum pellentesque.\n\nQuisque porta volutpat erat. Quisque erat eros, viverra eget, congue eget, semper rutrum, nulla. Nunc purus.', 'images/film/d1', 20, 'NT', 94, 207, '4.0', 99, '2021-09-10', '2022-06-22', 3, 4),
(10, '春意草原', 'Curabitur gravida nisi at nibh. In hac habitasse platea dictumst. Aliquam augue quam, sollicitudin vitae, consectetuer eget, rutrum at, lorem.', 'images/scenery/b1', 49, 'NT', 407, 117, '5.0', 99, '2021-11-12', '2022-04-19', 4, 5),
(11, '奶油蛋糕', 'Praesent blandit. Nam nulla. Integer pede justo, lacinia eget, tincidunt eget, tempus vel, pede.', 'images/food/c1', 20, 'NT', 182, 42, '3.0', 99, '2021-10-11', '2022-10-06', 1, 2),
(12, '中國風早生貴子', 'Curabitur gravida nisi at nibh. In hac habitasse platea dictumst. Aliquam augue quam, sollicitudin vitae, consectetuer eget, rutrum at, lorem.\n\nInteger tincidunt ante vel ipsum. Praesent blandit lacinia erat. Vestibulum sed magna at nunc commodo placerat.\n\nPraesent blandit. Nam nulla. Integer pede justo, lacinia eget, tincidunt eget, tempus vel, pede.', 'images/wedding/c1', 20, 'NT', 323, 223, '5.0', 99, '2021-08-14', '2022-02-24', 1, 3),
(13, '甜蜜回憶', 'In hac habitasse platea dictumst. Etiam faucibus cursus urna. Ut tellus.', 'images/film/e1', 20, 'NT', 259, 54, '3.0', 99, '2021-11-21', '2022-06-04', 5, 4),
(14, '春天的腳步', 'Vestibulum quam sapien, varius ut, blandit non, interdum in, ante. Vestibulum ante ipsum primis in faucibus orci luctus et ultrices posuere cubilia Curae; Duis faucibus accumsan odio. Curabitur convallis.', 'images/scenery/c1', 20, 'NT', 166, 128, '4.0', 99, '2021-03-17', '2022-03-15', 5, 5),
(15, '梵谷自畫像', 'Duis consequat dui nec nisi volutpat eleifend. Donec ut dolor. Morbi vel lectus in quam fringilla rhoncus.\n\nMauris enim leo, rhoncus sed, vestibulum sit amet, cursus id, turpis. Integer aliquet, massa id lobortis convallis, tortor risus dapibus augue, vel accumsan tellus nisi eu orci. Mauris lacinia sapien quis libero.', 'images/portrait/a1', 20, 'NT', 322, 172, '5.0', 99, '2021-09-08', '2022-01-02', 4, 6),
(16, '莫內花園', 'Cum sociis natoque penatibus et magnis dis parturient montes, nascetur ridiculus mus. Vivamus vestibulum sagittis sapien. Cum sociis natoque penatibus et magnis dis parturient montes, nascetur ridiculus mus.\n\nEtiam vel augue. Vestibulum rutrum rutrum neque. Aenean auctor gravida sem.', 'images/portrait/b1', 64, 'NT', 493, 103, '4.5', 99, '2021-10-24', '2022-12-02', 1, 6),
(17, '粉紅泡泡', 'Aliquam quis turpis eget elit sodales scelerisque. Mauris sit amet eros. Suspendisse accumsan tortor quis turpis.\n\nSed ante. Vivamus tortor. Duis mattis egestas metus.\n\nAenean fermentum. Donec ut mauris eget massa tempor convallis. Nulla neque libero, convallis eget, eleifend luctus, ultricies eu, nibh.', 'images/food/d1', 78, 'NT', 221, 141, '5.0', 99, '2021-11-23', '2022-01-01', 5, 2),
(18, '老爹喇叭褲', 'In hac habitasse platea dictumst. Etiam faucibus cursus urna. Ut tellus.\n\nNulla ut erat id mauris vulputate elementum. Nullam varius. Nulla facilisi.\n\nCras non velit nec nisi vulputate nonummy. Maecenas tincidunt lacus at velit. Vivamus vel nulla eget eros elementum pellentesque.\n\nQuisque porta volutpat erat. Quisque erat eros, viverra eget, congue eget, semper rutrum, nulla. Nunc purus.', 'images/film/f1', 72, 'NT', 171, 267, '3.2', 99, '2021-03-02', '2022-04-08', 4, 4),
(19, '白色幻想', 'Nullam porttitor lacus at turpis. Donec posuere metus vitae ipsum. Aliquam non mauris.', 'images/wedding/d1', 61, 'NT', 169, 181, '3.2', 99, '2021-04-08', '2022-05-29', 2, 3),
(20, '曼徹斯特的海邊', 'Suspendisse potenti. In eleifend quam a odio. In hac habitasse platea dictumst.', 'images/scenery/d1', 29, 'NT', 401, 190, '5.0', 99, '2021-07-07', '2022-07-12', 3, 5),
(21, '少女，珍珠耳環', 'Maecenas tristique, est et tempus semper, est quam pharetra magna, ac consequat metus sapien ut nunc. Vestibulum ante ipsum primis in faucibus orci luctus et ultrices posuere cubilia Curae; Mauris viverra diam vitae quam. Suspendisse potenti.\n\nNullam porttitor lacus at turpis. Donec posuere metus vitae ipsum. Aliquam non mauris.', 'images/portrait/c1', 64, 'NT', 414, 94, '2.5', 99, '2021-09-10', '2022-01-13', 5, 6),
(22, '沙漠風情', 'Suspendisse potenti. In eleifend quam a odio. In hac habitasse platea dictumst.\n\nMaecenas ut massa quis augue luctus tincidunt. Nulla mollis molestie lorem. Quisque ut erat.\n\nCurabitur gravida nisi at nibh. In hac habitasse platea dictumst. Aliquam augue quam, sollicitudin vitae, consectetuer eget, rutrum at, lorem.', 'images/scenery/e1', 67, 'NT', 347, 238, '1.7', 99, '2021-06-29', '2022-10-24', 1, 5),
(23, '維納斯的肖像', 'Proin leo odio, porttitor id, consequat in, consequat ut, nulla. Sed accumsan felis. Ut at dolor quis odio consequat varius.\n\nInteger ac leo. Pellentesque ultrices mattis odio. Donec vitae nisi.', 'images/portrait/d1', 43, 'NT', 435, 33, '3.8', 99, '2021-02-18', '2022-02-21', 1, 6),
(24, '堅果牛奶', 'In congue. Etiam justo. Etiam pretium iaculis justo.', 'images/food/e1', 65, 'NT', 179, 120, '1.6', 99, '2021-01-24', '2022-01-11', 5, 2),
(25, '瑪麗蓬蓬裙', 'Suspendisse potenti. In eleifend quam a odio. In hac habitasse platea dictumst.\n\nMaecenas ut massa quis augue luctus tincidunt. Nulla mollis molestie lorem. Quisque ut erat.', 'images/film/g1', 76, 'NT', 121, 47, '2.2', 99, '2021-03-31', '2022-06-04', 4, 4),
(26, '野獸派，瞳', 'Integer ac leo. Pellentesque ultrices mattis odio. Donec vitae nisi.\n\nNam ultrices, libero non mattis pulvinar, nulla pede ullamcorper augue, a suscipit nulla elit ac nulla. Sed vel enim sit amet nunc viverra dapibus. Nulla suscipit ligula in lacus.', 'images/portrait/e1', 59, 'NT', 510, 125, '5.0', 99, '2021-09-04', '2022-12-04', 2, 6),
(27, '冰雪大地', 'Duis aliquam convallis nunc. Proin at turpis a pede posuere nonummy. Integer non velit.', 'images/scenery/f1', 45, 'NT', 429, 145, '3.3', 99, '2021-07-16', '2022-10-29', 5, 5),
(28, '達利，融化的臉', 'In hac habitasse platea dictumst. Etiam faucibus cursus urna. Ut tellus.\n\nNulla ut erat id mauris vulputate elementum. Nullam varius. Nulla facilisi.\n\nCras non velit nec nisi vulputate nonummy. Maecenas tincidunt lacus at velit. Vivamus vel nulla eget eros elementum pellentesque.\n\nQuisque porta volutpat erat. Quisque erat eros, viverra eget, congue eget, semper rutrum, nulla. Nunc purus.', 'images/portrait/f1', 60, 'NT', 318, 157, '3.3', 99, '2021-09-18', '2022-09-12', 1, 6),
(29, '親愛的，你好', 'Quisque porta volutpat erat. Quisque erat eros, viverra eget, congue eget, semper rutrum, nulla. Nunc purus.', 'images/wedding/e1', 53, 'NT', 194, 114, '4.3', 99, '2021-05-04', '2022-01-03', 4, 3),
(30, '大衛，沈睡', 'Praesent blandit. Nam nulla. Integer pede justo, lacinia eget, tincidunt eget, tempus vel, pede.\n\nMorbi porttitor lorem id ligula. Suspendisse ornare consequat lectus. In est risus, auctor sed, tristique in, tempus sit amet, sem.\n\nFusce consequat. Nulla nisl. Nunc nisl.', 'images/portrait/g1', 35, 'NT', 400, 243, '4.6', 99, '2021-07-08', '2022-05-24', 4, 6),
(31, '伴你一生', 'Fusce consequat. Nulla nisl. Nunc nisl.\n\nDuis bibendum, felis sed interdum venenatis, turpis enim blandit mi, in porttitor pede justo eu massa. Donec dapibus. Duis at velit eu est congue elementum.\n\nIn hac habitasse platea dictumst. Morbi vestibulum, velit id pretium iaculis, diam erat fermentum justo, nec condimentum neque sapien placerat ante. Nulla justo.\n\nAliquam quis turpis eget elit sodales scelerisque. Mauris sit amet eros. Suspendisse accumsan tortor quis turpis.', 'images/wedding/f1', 58, 'NT', 118, 257, '3.4', 99, '2021-11-01', '2022-07-16', 5, 3),
(32, '最後的晚餐，逝去', 'In sagittis dui vel nisl. Duis ac nibh. Fusce lacus purus, aliquet at, feugiat non, pretium quis, lectus.', 'images/portrait/h1', 49, 'NT', 357, 139, '1.2', 99, '2021-07-27', '2022-06-20', 5, 6),
(33, '清新明亮', 'Proin leo odio, porttitor id, consequat in, consequat ut, nulla. Sed accumsan felis. Ut at dolor quis odio consequat varius.\n\nInteger ac leo. Pellentesque ultrices mattis odio. Donec vitae nisi.\n\nNam ultrices, libero non mattis pulvinar, nulla pede ullamcorper augue, a suscipit nulla elit ac nulla. Sed vel enim sit amet nunc viverra dapibus. Nulla suscipit ligula in lacus.', 'images/wedding/g1', 22, 'NT', 353, 209, '1.3', 99, '2021-06-13', '2022-12-31', 3, 3),
(34, '命中註定', 'Duis bibendum. Morbi non quam nec dui luctus rutrum. Nulla tellus.\n\nIn sagittis dui vel nisl. Duis ac nibh. Fusce lacus purus, aliquet at, feugiat non, pretium quis, lectus.\n\nSuspendisse potenti. In eleifend quam a odio. In hac habitasse platea dictumst.\n\nMaecenas ut massa quis augue luctus tincidunt. Nulla mollis molestie lorem. Quisque ut erat.', 'images/wedding/h1', 49, 'NT', 76, 80, '1.9', 99, '2021-08-05', '2022-08-10', 3, 3),
(35, '真愛每兩天', 'Proin leo odio, porttitor id, consequat in, consequat ut, nulla. Sed accumsan felis. Ut at dolor quis odio consequat varius.\n\nInteger ac leo. Pellentesque ultrices mattis odio. Donec vitae nisi.\n\nNam ultrices, libero non mattis pulvinar, nulla pede ullamcorper augue, a suscipit nulla elit ac nulla. Sed vel enim sit amet nunc viverra dapibus. Nulla suscipit ligula in lacus.', 'images/wedding/i1', 68, 'NT', 177, 70, '1.5', 99, '2021-02-16', '2022-08-14', 5, 3),
(36, '暖心抹茶', 'Vestibulum quam sapien, varius ut, blandit non, interdum in, ante. Vestibulum ante ipsum primis in faucibus orci luctus et ultrices posuere cubilia Curae; Duis faucibus accumsan odio. Curabitur convallis.\n\nDuis consequat dui nec nisi volutpat eleifend. Donec ut dolor. Morbi vel lectus in quam fringilla rhoncus.\n\nMauris enim leo, rhoncus sed, vestibulum sit amet, cursus id, turpis. Integer aliquet, massa id lobortis convallis, tortor risus dapibus augue, vel accumsan tellus nisi eu orci. Mauris lacinia sapien quis libero.\n\nNullam sit amet turpis elementum ligula vehicula consequat. Morbi a ipsum. Integer a nibh.', 'images/food/g1', 69, 'NT', 422, 209, '3.5', 99, '2021-11-21', '2022-01-26', 5, 2),
(37, '午夜巴黎', 'Fusce posuere felis sed lacus. Morbi sem mauris, laoreet ut, rhoncus aliquet, pulvinar sed, nisl. Nunc rhoncus dui vel sem.\n\nSed sagittis. Nam congue, risus semper porta volutpat, quam pede lobortis ligula, sit amet eleifend pede libero quis orci. Nullam molestie nibh in lectus.\n\nPellentesque at nulla. Suspendisse potenti. Cras in purus eu magna vulputate luctus.\n\nCum sociis natoque penatibus et magnis dis parturient montes, nascetur ridiculus mus. Vivamus vestibulum sagittis sapien. Cum sociis natoque penatibus et magnis dis parturient montes, nascetur ridiculus mus.', 'images/scenery/g1', 63, 'NT', 355, 238, '4.7', 99, '2021-11-07', '2022-06-25', 3, 5),
(38, '睡前可可', 'Proin eu mi. Nulla ac enim. In tempor, turpis nec euismod scelerisque, quam turpis adipiscing lorem, vitae mattis nibh ligula nec sem.\n\nDuis aliquam convallis nunc. Proin at turpis a pede posuere nonummy. Integer non velit.\n\nDonec diam neque, vestibulum eget, vulputate ut, ultrices vel, augue. Vestibulum ante ipsum primis in faucibus orci luctus et ultrices posuere cubilia Curae; Donec pharetra, magna vestibulum aliquet ultrices, erat tortor sollicitudin mi, sit amet lobortis sapien sapien non mi. Integer ac neque.', 'images/food/h1', 33, 'NT', 118, 96, '2.1', 99, '2021-05-16', '2022-12-13', 1, 2),
(39, '烈陽山脊', 'Morbi non lectus. Aliquam sit amet diam in magna bibendum imperdiet. Nullam orci pede, venenatis non, sodales sed, tincidunt eu, felis.\n\nFusce posuere felis sed lacus. Morbi sem mauris, laoreet ut, rhoncus aliquet, pulvinar sed, nisl. Nunc rhoncus dui vel sem.\n\nSed sagittis. Nam congue, risus semper porta volutpat, quam pede lobortis ligula, sit amet eleifend pede libero quis orci. Nullam molestie nibh in lectus.', 'images/scenery/h1', 26, 'NT', 94, 34, '3.5', 99, '2021-07-18', '2022-05-02', 3, 5),
(40, '酸甜滋味', 'Cum sociis natoque penatibus et magnis dis parturient montes, nascetur ridiculus mus. Vivamus vestibulum sagittis sapien. Cum sociis natoque penatibus et magnis dis parturient montes, nascetur ridiculus mus.\n\nEtiam vel augue. Vestibulum rutrum rutrum neque. Aenean auctor gravida sem.\n\nPraesent id massa id nisl venenatis lacinia. Aenean sit amet justo. Morbi ut odio.\n\nCras mi pede, malesuada in, imperdiet et, commodo vulputate, justo. In blandit ultrices enim. Lorem ipsum dolor sit amet, consectetuer adipiscing elit.', 'images/food/f1', 75, 'NT', 293, 130, '3.2', 99, '2021-06-01', '2022-05-06', 3, 2),
(41, '有你真好', 'Cum sociis natoque penatibus et magnis dis parturient montes, nascetur ridiculus mus. Vivamus vestibulum sagittis sapien. Cum sociis natoque penatibus et magnis dis parturient montes, nascetur ridiculus mus.\n\nEtiam vel augue. Vestibulum rutrum rutrum neque. Aenean auctor gravida sem.', 'images/wedding/j1', 42, 'NT', 490, 216, '4.3', 99, '2021-01-31', '2022-10-12', 5, 3),
(42, '滄桑歲月', 'Duis aliquam convallis nunc. Proin at turpis a pede posuere nonummy. Integer non velit.\n\nDonec diam neque, vestibulum eget, vulputate ut, ultrices vel, augue. Vestibulum ante ipsum primis in faucibus orci luctus et ultrices posuere cubilia Curae; Donec pharetra, magna vestibulum aliquet ultrices, erat tortor sollicitudin mi, sit amet lobortis sapien sapien non mi. Integer ac neque.', 'images/film/h1', 57, 'NT', 151, 195, '1.3', 99, '2021-09-07', '2022-02-13', 3, 4),
(43, '慕夏記憶', 'Suspendisse potenti. In eleifend quam a odio. In hac habitasse platea dictumst.\r\n', 'images/wedding/k1', 66, 'NT', 53, 62, '4.5', 33, '2021-03-03', '2022-03-30', 1, 3);

-- --------------------------------------------------------

--
-- Table structure for table `product_series`
--

DROP TABLE IF EXISTS `product_series`;
CREATE TABLE `product_series` (
  `id` int(11) NOT NULL,
  `name` varchar(50) DEFAULT NULL,
  `descp` varchar(50) DEFAULT NULL,
  `created_at` date DEFAULT NULL,
  `valid` int(11) DEFAULT NULL
) ENGINE=InnoDB DEFAULT CHARSET=utf8mb4;

--
-- Dumping data for table `product_series`
--

INSERT INTO `product_series` (`id`, `name`, `descp`, `created_at`, `valid`) VALUES
(1, 'other', '其它', '2022-02-16', 1),
(2, 'food', '食物', '2022-02-16', 1),
(3, 'wedding', '婚禮', '2022-02-16', 1),
(4, 'flim', '復古', '2022-02-16', 1),
(5, 'scenery', '風景', '2022-02-16', 1),
(6, 'portrait', '人像', '2022-02-16', 1);

-- --------------------------------------------------------

--
-- Table structure for table `product_status`
--

DROP TABLE IF EXISTS `product_status`;
CREATE TABLE `product_status` (
  `id` int(11) UNSIGNED NOT NULL,
  `name` varchar(50) DEFAULT NULL,
  `descp` varchar(50) DEFAULT NULL,
  `created_at` date DEFAULT NULL,
  `valid` int(11) UNSIGNED DEFAULT NULL
) ENGINE=InnoDB DEFAULT CHARSET=utf8mb4;

--
-- Dumping data for table `product_status`
--

INSERT INTO `product_status` (`id`, `name`, `descp`, `created_at`, `valid`) VALUES
(1, 'public', '已上架', '2022-02-16', 1),
(2, 'private', '已下架', '2022-02-16', 1),
(3, 'prepared_public', '等待上架', '2022-02-16', 1),
(4, 'prepared_private', '等待下架', '2022-02-16', 1),
(5, 'stop', '停止下載', '2022-02-16', 1);

-- --------------------------------------------------------

--
-- Table structure for table `product_tag`
--

DROP TABLE IF EXISTS `product_tag`;
CREATE TABLE `product_tag` (
  `id` int(11) NOT NULL,
  `tag_id` int(11) DEFAULT NULL,
  `product_id` int(11) NOT NULL
) ENGINE=InnoDB DEFAULT CHARSET=utf8mb4;

--
-- Dumping data for table `product_tag`
--

INSERT INTO `product_tag` (`id`, `tag_id`, `product_id`) VALUES
(1, 1, 10),
(2, 2, 4),
(3, 3, 14),
(4, 4, 3),
(5, 1, 15),
(6, 2, 8),
(7, 4, 15);

-- --------------------------------------------------------

--
-- Table structure for table `reviews`
--

DROP TABLE IF EXISTS `reviews`;
CREATE TABLE `reviews` (
  `id` int(11) NOT NULL,
  `title` text DEFAULT NULL,
  `content` text DEFAULT NULL,
  `stars` int(11) DEFAULT NULL,
  `img` varchar(50) DEFAULT NULL,
  `likes` int(11) DEFAULT NULL,
  `created_at` date DEFAULT NULL,
  `review_status_id` int(11) DEFAULT NULL,
  `user_id` int(11) DEFAULT NULL,
  `product_id` int(11) DEFAULT NULL
) ENGINE=InnoDB DEFAULT CHARSET=utf8mb4;

--
-- Dumping data for table `reviews`
--

INSERT INTO `reviews` (`id`, `title`, `content`, `stars`, `img`, `likes`, `created_at`, `review_status_id`, `user_id`, `product_id`) VALUES
(1, 'aliquam non mauris morbi non', 'Cras in purus eu magna vulputate luctus. Cum sociis natoque penatibus et magnis dis parturient montes, nascetur ridiculus mus. Vivamus vestibulum sagittis sapien.', 3, 'data:image/png;base64,iVBORw0KGgoAAAANSUhEUgAAABAA', 40, '2021-01-19', 1, 38, 25),
(2, 'pretium nisl ut volutpat sapien', 'In sagittis dui vel nisl. Duis ac nibh. Fusce lacus purus, aliquet at, feugiat non, pretium quis, lectus.', 2, 'data:image/png;base64,iVBORw0KGgoAAAANSUhEUgAAABAA', 42, '2022-01-02', 3, 240, 46),
(3, 'aliquam sit amet diam', 'Pellentesque ultrices mattis odio. Donec vitae nisi. Nam ultrices, libero non mattis pulvinar, nulla pede ullamcorper augue, a suscipit nulla elit ac nulla.', 2, 'data:image/png;base64,iVBORw0KGgoAAAANSUhEUgAAABAA', 127, '2021-11-13', 1, 17, 35),
(4, 'dolor quis odio consequat varius', 'In eleifend quam a odio. In hac habitasse platea dictumst. Maecenas ut massa quis augue luctus tincidunt. Nulla mollis molestie lorem.', 3, 'data:image/png;base64,iVBORw0KGgoAAAANSUhEUgAAABAA', 114, '2022-02-05', 4, 79, 10),
(5, 'proin interdum mauris non', 'In blandit ultrices enim. Lorem ipsum dolor sit amet, consectetuer adipiscing elit. Proin interdum mauris non ligula pellentesque ultrices. Phasellus id sapien in sapien iaculis congue. Vivamus metus arcu, adipiscing molestie, hendrerit at, vulputate vitae, nisl.', 1, 'data:image/png;base64,iVBORw0KGgoAAAANSUhEUgAAABAA', 85, '2022-02-25', 4, 250, 43),
(6, 'facilisi cras non velit nec', 'Praesent blandit lacinia erat. Vestibulum sed magna at nunc commodo placerat. Praesent blandit.', 2, 'data:image/png;base64,iVBORw0KGgoAAAANSUhEUgAAABAA', 115, '2021-12-31', 1, 43, 22),
(7, 'luctus rutrum nulla', 'Cras in purus eu magna vulputate luctus. Cum sociis natoque penatibus et magnis dis parturient montes, nascetur ridiculus mus. Vivamus vestibulum sagittis sapien.', 1, 'data:image/png;base64,iVBORw0KGgoAAAANSUhEUgAAABAA', 32, '2021-06-12', 1, 183, 19),
(8, 'id ligula suspendisse ornare', 'Vestibulum ac est lacinia nisi venenatis tristique. Fusce congue, diam id ornare imperdiet, sapien urna pretium nisl, ut volutpat sapien arcu sed augue. Aliquam erat volutpat. In congue. Etiam justo.', 5, 'data:image/png;base64,iVBORw0KGgoAAAANSUhEUgAAABAA', 32, '2021-03-16', 2, 193, 34),
(9, 'luctus nec molestie sed justo', 'In est risus, auctor sed, tristique in, tempus sit amet, sem. Fusce consequat. Nulla nisl. Nunc nisl. Duis bibendum, felis sed interdum venenatis, turpis enim blandit mi, in porttitor pede justo eu massa.', 5, 'data:image/png;base64,iVBORw0KGgoAAAANSUhEUgAAABAA', 40, '2021-08-01', 1, 212, 13),
(10, 'amet diam in magna', 'Sed ante. Vivamus tortor. Duis mattis egestas metus. Aenean fermentum.', 3, 'data:image/png;base64,iVBORw0KGgoAAAANSUhEUgAAABAA', 27, '2021-10-09', 4, 231, 37),
(11, 'at nibh in hac', 'Vestibulum ante ipsum primis in faucibus orci luctus et ultrices posuere cubilia Curae; Nulla dapibus dolor vel est. Donec odio justo, sollicitudin ut, suscipit a, feugiat et, eros. Vestibulum ac est lacinia nisi venenatis tristique. Fusce congue, diam id ornare imperdiet, sapien urna pretium nisl, ut volutpat sapien arcu sed augue.', 5, 'data:image/png;base64,iVBORw0KGgoAAAANSUhEUgAAABAA', 32, '2021-05-21', 1, 72, 28),
(12, 'in tempus sit', 'Donec odio justo, sollicitudin ut, suscipit a, feugiat et, eros. Vestibulum ac est lacinia nisi venenatis tristique. Fusce congue, diam id ornare imperdiet, sapien urna pretium nisl, ut volutpat sapien arcu sed augue.', 1, 'data:image/png;base64,iVBORw0KGgoAAAANSUhEUgAAABAA', 42, '2022-01-11', 4, 238, 38),
(13, 'lectus pellentesque eget nunc', 'Nulla tempus. Vivamus in felis eu sapien cursus vestibulum. Proin eu mi. Nulla ac enim. In tempor, turpis nec euismod scelerisque, quam turpis adipiscing lorem, vitae mattis nibh ligula nec sem.', 2, 'data:image/png;base64,iVBORw0KGgoAAAANSUhEUgAAABAA', 80, '2021-09-24', 2, 42, 5),
(14, 'in consequat ut nulla', 'Nunc rhoncus dui vel sem. Sed sagittis. Nam congue, risus semper porta volutpat, quam pede lobortis ligula, sit amet eleifend pede libero quis orci. Nullam molestie nibh in lectus.', 1, 'data:image/png;base64,iVBORw0KGgoAAAANSUhEUgAAABAA', 104, '2022-02-21', 4, 26, 39),
(15, 'a libero nam dui', 'In hac habitasse platea dictumst. Morbi vestibulum, velit id pretium iaculis, diam erat fermentum justo, nec condimentum neque sapien placerat ante. Nulla justo. Aliquam quis turpis eget elit sodales scelerisque.', 3, 'data:image/png;base64,iVBORw0KGgoAAAANSUhEUgAAABAA', 144, '2021-05-29', 2, 205, 49),
(16, 'aliquam sit amet diam', 'Morbi non quam nec dui luctus rutrum. Nulla tellus. In sagittis dui vel nisl. Duis ac nibh. Fusce lacus purus, aliquet at, feugiat non, pretium quis, lectus.', 5, 'data:image/png;base64,iVBORw0KGgoAAAANSUhEUgAAABAA', 68, '2021-09-29', 4, 61, 28),
(17, 'nulla justo aliquam quis', 'Maecenas leo odio, condimentum id, luctus nec, molestie sed, justo. Pellentesque viverra pede ac diam. Cras pellentesque volutpat dui. Maecenas tristique, est et tempus semper, est quam pharetra magna, ac consequat metus sapien ut nunc.', 5, 'data:image/png;base64,iVBORw0KGgoAAAANSUhEUgAAABAA', 75, '2022-03-21', 3, 100, 20),
(18, 'felis sed lacus', 'Nam dui. Proin leo odio, porttitor id, consequat in, consequat ut, nulla. Sed accumsan felis. Ut at dolor quis odio consequat varius.', 2, 'data:image/png;base64,iVBORw0KGgoAAAANSUhEUgAAABAA', 66, '2021-12-06', 2, 208, 21),
(19, 'nulla quisque arcu', 'Vivamus vel nulla eget eros elementum pellentesque. Quisque porta volutpat erat. Quisque erat eros, viverra eget, congue eget, semper rutrum, nulla.', 3, 'data:image/png;base64,iVBORw0KGgoAAAANSUhEUgAAABAA', 31, '2021-10-25', 4, 161, 22),
(20, 'purus aliquet at feugiat non', 'Cras non velit nec nisi vulputate nonummy. Maecenas tincidunt lacus at velit. Vivamus vel nulla eget eros elementum pellentesque.', 4, 'data:image/png;base64,iVBORw0KGgoAAAANSUhEUgAAABAA', 150, '2021-05-29', 2, 87, 30),
(21, 'quam suspendisse potenti', 'Cras pellentesque volutpat dui. Maecenas tristique, est et tempus semper, est quam pharetra magna, ac consequat metus sapien ut nunc. Vestibulum ante ipsum primis in faucibus orci luctus et ultrices posuere cubilia Curae; Mauris viverra diam vitae quam.', 1, 'data:image/png;base64,iVBORw0KGgoAAAANSUhEUgAAABAA', 136, '2022-02-16', 3, 61, 47),
(22, 'sapien in sapien iaculis', 'Mauris sit amet eros. Suspendisse accumsan tortor quis turpis. Sed ante.', 3, 'data:image/png;base64,iVBORw0KGgoAAAANSUhEUgAAABAA', 48, '2021-08-01', 3, 236, 4),
(23, 'amet consectetuer adipiscing elit proin', 'Fusce congue, diam id ornare imperdiet, sapien urna pretium nisl, ut volutpat sapien arcu sed augue. Aliquam erat volutpat. In congue.', 5, 'data:image/png;base64,iVBORw0KGgoAAAANSUhEUgAAABAA', 111, '2021-09-12', 3, 213, 1),
(24, 'pharetra magna ac consequat metus', 'Sed vel enim sit amet nunc viverra dapibus. Nulla suscipit ligula in lacus. Curabitur at ipsum ac tellus semper interdum.', 1, 'data:image/png;base64,iVBORw0KGgoAAAANSUhEUgAAABAA', 137, '2022-02-08', 2, 72, 22),
(25, 'nulla sed vel', 'Etiam pretium iaculis justo. In hac habitasse platea dictumst. Etiam faucibus cursus urna. Ut tellus.', 1, 'data:image/png;base64,iVBORw0KGgoAAAANSUhEUgAAABAA', 66, '2021-05-09', 4, 61, 25),
(26, 'iaculis congue vivamus', 'Quisque ut erat. Curabitur gravida nisi at nibh. In hac habitasse platea dictumst. Aliquam augue quam, sollicitudin vitae, consectetuer eget, rutrum at, lorem. Integer tincidunt ante vel ipsum.', 3, 'data:image/png;base64,iVBORw0KGgoAAAANSUhEUgAAABAA', 85, '2021-08-21', 1, 57, 9),
(27, 'sed justo pellentesque viverra', 'Donec semper sapien a libero. Nam dui. Proin leo odio, porttitor id, consequat in, consequat ut, nulla.', 5, 'data:image/png;base64,iVBORw0KGgoAAAANSUhEUgAAABAA', 39, '2021-08-19', 2, 66, 4),
(28, 'tempor turpis nec euismod scelerisque', 'Lorem ipsum dolor sit amet, consectetuer adipiscing elit. Proin interdum mauris non ligula pellentesque ultrices. Phasellus id sapien in sapien iaculis congue. Vivamus metus arcu, adipiscing molestie, hendrerit at, vulputate vitae, nisl. Aenean lectus.', 4, 'data:image/png;base64,iVBORw0KGgoAAAANSUhEUgAAABAA', 102, '2022-02-22', 4, 37, 11),
(29, 'dui proin leo odio', 'Nam ultrices, libero non mattis pulvinar, nulla pede ullamcorper augue, a suscipit nulla elit ac nulla. Sed vel enim sit amet nunc viverra dapibus. Nulla suscipit ligula in lacus. Curabitur at ipsum ac tellus semper interdum. Mauris ullamcorper purus sit amet nulla.', 1, 'data:image/png;base64,iVBORw0KGgoAAAANSUhEUgAAABAA', 93, '2021-04-10', 3, 213, 26),
(30, 'eget rutrum at lorem integer', 'Mauris sit amet eros. Suspendisse accumsan tortor quis turpis. Sed ante. Vivamus tortor. Duis mattis egestas metus.', 3, 'data:image/png;base64,iVBORw0KGgoAAAANSUhEUgAAABAA', 94, '2021-05-11', 4, 132, 3),
(31, 'risus auctor sed tristique in', 'In quis justo. Maecenas rhoncus aliquam lacus. Morbi quis tortor id nulla ultrices aliquet.', 2, 'data:image/png;base64,iVBORw0KGgoAAAANSUhEUgAAABAA', 90, '2022-02-01', 1, 250, 17),
(32, 'scelerisque mauris sit amet', 'Donec dapibus. Duis at velit eu est congue elementum. In hac habitasse platea dictumst. Morbi vestibulum, velit id pretium iaculis, diam erat fermentum justo, nec condimentum neque sapien placerat ante. Nulla justo.', 3, 'data:image/png;base64,iVBORw0KGgoAAAANSUhEUgAAABAA', 44, '2021-02-09', 4, 82, 46),
(33, 'elementum nullam varius nulla facilisi', 'Nunc nisl. Duis bibendum, felis sed interdum venenatis, turpis enim blandit mi, in porttitor pede justo eu massa. Donec dapibus. Duis at velit eu est congue elementum.', 2, 'data:image/png;base64,iVBORw0KGgoAAAANSUhEUgAAABAA', 46, '2021-11-08', 4, 15, 47),
(34, 'nulla elit ac', 'Maecenas tristique, est et tempus semper, est quam pharetra magna, ac consequat metus sapien ut nunc. Vestibulum ante ipsum primis in faucibus orci luctus et ultrices posuere cubilia Curae; Mauris viverra diam vitae quam. Suspendisse potenti. Nullam porttitor lacus at turpis.', 5, 'data:image/png;base64,iVBORw0KGgoAAAANSUhEUgAAABAA', 64, '2022-02-09', 1, 130, 15),
(35, 'posuere cubilia curae duis faucibus', 'Nulla ut erat id mauris vulputate elementum. Nullam varius. Nulla facilisi.', 3, 'data:image/png;base64,iVBORw0KGgoAAAANSUhEUgAAABAA', 146, '2021-12-30', 3, 81, 37),
(36, 'a suscipit nulla', 'Praesent blandit. Nam nulla. Integer pede justo, lacinia eget, tincidunt eget, tempus vel, pede. Morbi porttitor lorem id ligula. Suspendisse ornare consequat lectus.', 2, 'data:image/png;base64,iVBORw0KGgoAAAANSUhEUgAAABAA', 54, '2021-07-20', 3, 29, 21),
(37, 'eget tempus vel', 'Nulla justo. Aliquam quis turpis eget elit sodales scelerisque. Mauris sit amet eros.', 2, 'data:image/png;base64,iVBORw0KGgoAAAANSUhEUgAAABAA', 102, '2021-01-18', 3, 104, 8),
(38, 'sapien in sapien iaculis', 'Vestibulum ante ipsum primis in faucibus orci luctus et ultrices posuere cubilia Curae; Nulla dapibus dolor vel est. Donec odio justo, sollicitudin ut, suscipit a, feugiat et, eros. Vestibulum ac est lacinia nisi venenatis tristique. Fusce congue, diam id ornare imperdiet, sapien urna pretium nisl, ut volutpat sapien arcu sed augue. Aliquam erat volutpat.', 3, 'data:image/png;base64,iVBORw0KGgoAAAANSUhEUgAAABAA', 127, '2021-01-25', 1, 37, 30),
(39, 'sed justo pellentesque viverra', 'Nulla tempus. Vivamus in felis eu sapien cursus vestibulum. Proin eu mi.', 4, 'data:image/png;base64,iVBORw0KGgoAAAANSUhEUgAAABAA', 127, '2021-04-29', 2, 95, 31),
(40, 'vestibulum ante ipsum primis', 'Phasellus in felis. Donec semper sapien a libero. Nam dui. Proin leo odio, porttitor id, consequat in, consequat ut, nulla.', 1, 'data:image/png;base64,iVBORw0KGgoAAAANSUhEUgAAABAA', 63, '2021-03-18', 3, 52, 48),
(41, 'sed justo pellentesque viverra', 'Quisque ut erat. Curabitur gravida nisi at nibh. In hac habitasse platea dictumst.', 4, 'data:image/png;base64,iVBORw0KGgoAAAANSUhEUgAAABAA', 112, '2021-09-18', 1, 96, 42),
(42, 'nulla ultrices aliquet maecenas leo', 'In congue. Etiam justo. Etiam pretium iaculis justo. In hac habitasse platea dictumst.', 3, 'data:image/png;base64,iVBORw0KGgoAAAANSUhEUgAAABAA', 49, '2021-01-29', 3, 205, 3),
(43, 'sem fusce consequat', 'Donec vitae nisi. Nam ultrices, libero non mattis pulvinar, nulla pede ullamcorper augue, a suscipit nulla elit ac nulla. Sed vel enim sit amet nunc viverra dapibus. Nulla suscipit ligula in lacus. Curabitur at ipsum ac tellus semper interdum.', 2, 'data:image/png;base64,iVBORw0KGgoAAAANSUhEUgAAABAA', 129, '2021-05-08', 3, 239, 33),
(44, 'ac diam cras', 'Suspendisse potenti. In eleifend quam a odio. In hac habitasse platea dictumst. Maecenas ut massa quis augue luctus tincidunt. Nulla mollis molestie lorem.', 2, 'data:image/png;base64,iVBORw0KGgoAAAANSUhEUgAAABAA', 60, '2021-06-18', 1, 27, 22),
(45, 'sapien dignissim vestibulum vestibulum ante', 'Nam ultrices, libero non mattis pulvinar, nulla pede ullamcorper augue, a suscipit nulla elit ac nulla. Sed vel enim sit amet nunc viverra dapibus. Nulla suscipit ligula in lacus. Curabitur at ipsum ac tellus semper interdum. Mauris ullamcorper purus sit amet nulla.', 3, 'data:image/png;base64,iVBORw0KGgoAAAANSUhEUgAAABAA', 72, '2021-07-03', 3, 214, 47),
(46, 'luctus rutrum nulla', 'Praesent lectus. Vestibulum quam sapien, varius ut, blandit non, interdum in, ante. Vestibulum ante ipsum primis in faucibus orci luctus et ultrices posuere cubilia Curae; Duis faucibus accumsan odio. Curabitur convallis.', 3, 'data:image/png;base64,iVBORw0KGgoAAAANSUhEUgAAABAA', 106, '2021-11-27', 1, 222, 47),
(47, 'porttitor lacus at', 'Cras mi pede, malesuada in, imperdiet et, commodo vulputate, justo. In blandit ultrices enim. Lorem ipsum dolor sit amet, consectetuer adipiscing elit. Proin interdum mauris non ligula pellentesque ultrices.', 1, 'data:image/png;base64,iVBORw0KGgoAAAANSUhEUgAAABAA', 73, '2021-09-07', 1, 57, 26),
(48, 'vehicula consequat morbi a ipsum', 'Etiam justo. Etiam pretium iaculis justo. In hac habitasse platea dictumst. Etiam faucibus cursus urna. Ut tellus.', 3, 'data:image/png;base64,iVBORw0KGgoAAAANSUhEUgAAABAA', 81, '2021-09-06', 1, 161, 33),
(49, 'ut massa volutpat convallis morbi', 'Quisque id justo sit amet sapien dignissim vestibulum. Vestibulum ante ipsum primis in faucibus orci luctus et ultrices posuere cubilia Curae; Nulla dapibus dolor vel est. Donec odio justo, sollicitudin ut, suscipit a, feugiat et, eros. Vestibulum ac est lacinia nisi venenatis tristique. Fusce congue, diam id ornare imperdiet, sapien urna pretium nisl, ut volutpat sapien arcu sed augue.', 5, 'data:image/png;base64,iVBORw0KGgoAAAANSUhEUgAAABAA', 109, '2022-01-14', 2, 172, 15),
(50, 'vel augue vestibulum rutrum rutrum', 'Morbi vel lectus in quam fringilla rhoncus. Mauris enim leo, rhoncus sed, vestibulum sit amet, cursus id, turpis. Integer aliquet, massa id lobortis convallis, tortor risus dapibus augue, vel accumsan tellus nisi eu orci. Mauris lacinia sapien quis libero. Nullam sit amet turpis elementum ligula vehicula consequat.', 5, 'data:image/png;base64,iVBORw0KGgoAAAANSUhEUgAAABAA', 114, '2021-05-14', 1, 96, 43),
(51, 'nullam porttitor lacus at turpis', 'Cras mi pede, malesuada in, imperdiet et, commodo vulputate, justo. In blandit ultrices enim. Lorem ipsum dolor sit amet, consectetuer adipiscing elit.', 2, 'data:image/png;base64,iVBORw0KGgoAAAANSUhEUgAAABAA', 34, '2021-01-26', 1, 120, 32),
(52, 'dictumst etiam faucibus cursus urna', 'Aliquam erat volutpat. In congue. Etiam justo. Etiam pretium iaculis justo.', 3, 'data:image/png;base64,iVBORw0KGgoAAAANSUhEUgAAABAA', 93, '2021-10-22', 3, 249, 19),
(53, 'ac diam cras pellentesque', 'Praesent blandit. Nam nulla. Integer pede justo, lacinia eget, tincidunt eget, tempus vel, pede. Morbi porttitor lorem id ligula.', 3, 'data:image/png;base64,iVBORw0KGgoAAAANSUhEUgAAABAA', 130, '2021-09-30', 3, 8, 12),
(54, 'vitae consectetuer eget rutrum at', 'Etiam justo. Etiam pretium iaculis justo. In hac habitasse platea dictumst.', 2, 'data:image/png;base64,iVBORw0KGgoAAAANSUhEUgAAABAA', 48, '2021-12-01', 1, 51, 19),
(55, 'posuere cubilia curae duis faucibus', 'Morbi porttitor lorem id ligula. Suspendisse ornare consequat lectus. In est risus, auctor sed, tristique in, tempus sit amet, sem. Fusce consequat.', 1, 'data:image/png;base64,iVBORw0KGgoAAAANSUhEUgAAABAA', 92, '2022-03-21', 2, 82, 29),
(56, 'in felis donec semper sapien', 'Duis ac nibh. Fusce lacus purus, aliquet at, feugiat non, pretium quis, lectus. Suspendisse potenti.', 3, 'data:image/png;base64,iVBORw0KGgoAAAANSUhEUgAAABAA', 118, '2022-01-01', 2, 194, 43),
(57, 'nunc proin at turpis a', 'In quis justo. Maecenas rhoncus aliquam lacus. Morbi quis tortor id nulla ultrices aliquet.', 2, 'data:image/png;base64,iVBORw0KGgoAAAANSUhEUgAAABAA', 116, '2021-09-21', 4, 97, 45),
(58, 'consequat varius integer ac leo', 'Nullam sit amet turpis elementum ligula vehicula consequat. Morbi a ipsum. Integer a nibh.', 1, 'data:image/png;base64,iVBORw0KGgoAAAANSUhEUgAAABAA', 100, '2021-08-30', 3, 45, 42),
(59, 'suscipit a feugiat et', 'Curabitur in libero ut massa volutpat convallis. Morbi odio odio, elementum eu, interdum eu, tincidunt in, leo. Maecenas pulvinar lobortis est.', 1, 'data:image/png;base64,iVBORw0KGgoAAAANSUhEUgAAABAA', 144, '2021-04-18', 4, 131, 39),
(60, 'consectetuer eget rutrum at lorem', 'Nulla mollis molestie lorem. Quisque ut erat. Curabitur gravida nisi at nibh. In hac habitasse platea dictumst. Aliquam augue quam, sollicitudin vitae, consectetuer eget, rutrum at, lorem.', 4, 'data:image/png;base64,iVBORw0KGgoAAAANSUhEUgAAABAA', 126, '2021-03-06', 2, 8, 29),
(61, 'convallis morbi odio odio', 'Nullam sit amet turpis elementum ligula vehicula consequat. Morbi a ipsum. Integer a nibh. In quis justo. Maecenas rhoncus aliquam lacus.', 3, 'data:image/png;base64,iVBORw0KGgoAAAANSUhEUgAAABAA', 68, '2021-11-08', 2, 56, 2),
(62, 'non lectus aliquam', 'Aliquam non mauris. Morbi non lectus. Aliquam sit amet diam in magna bibendum imperdiet. Nullam orci pede, venenatis non, sodales sed, tincidunt eu, felis.', 4, 'data:image/png;base64,iVBORw0KGgoAAAANSUhEUgAAABAA', 61, '2022-01-22', 3, 111, 8),
(63, 'sed nisl nunc rhoncus dui', 'Duis consequat dui nec nisi volutpat eleifend. Donec ut dolor. Morbi vel lectus in quam fringilla rhoncus. Mauris enim leo, rhoncus sed, vestibulum sit amet, cursus id, turpis. Integer aliquet, massa id lobortis convallis, tortor risus dapibus augue, vel accumsan tellus nisi eu orci.', 3, 'data:image/png;base64,iVBORw0KGgoAAAANSUhEUgAAABAA', 77, '2022-03-15', 4, 172, 36),
(64, 'fusce posuere felis', 'Etiam vel augue. Vestibulum rutrum rutrum neque. Aenean auctor gravida sem.', 1, 'data:image/png;base64,iVBORw0KGgoAAAANSUhEUgAAABAA', 132, '2021-06-13', 4, 24, 43),
(65, 'risus dapibus augue', 'Nullam varius. Nulla facilisi. Cras non velit nec nisi vulputate nonummy. Maecenas tincidunt lacus at velit.', 1, 'data:image/png;base64,iVBORw0KGgoAAAANSUhEUgAAABAA', 84, '2021-09-09', 1, 82, 50),
(66, 'ipsum primis in', 'Duis at velit eu est congue elementum. In hac habitasse platea dictumst. Morbi vestibulum, velit id pretium iaculis, diam erat fermentum justo, nec condimentum neque sapien placerat ante. Nulla justo. Aliquam quis turpis eget elit sodales scelerisque.', 4, 'data:image/png;base64,iVBORw0KGgoAAAANSUhEUgAAABAA', 72, '2021-03-09', 1, 173, 18),
(67, 'cursus urna ut tellus nulla', 'In hac habitasse platea dictumst. Aliquam augue quam, sollicitudin vitae, consectetuer eget, rutrum at, lorem. Integer tincidunt ante vel ipsum.', 5, 'data:image/png;base64,iVBORw0KGgoAAAANSUhEUgAAABAA', 133, '2021-11-01', 2, 114, 4),
(68, 'vivamus vel nulla eget eros', 'In hac habitasse platea dictumst. Maecenas ut massa quis augue luctus tincidunt. Nulla mollis molestie lorem.', 2, 'data:image/png;base64,iVBORw0KGgoAAAANSUhEUgAAABAA', 64, '2021-05-01', 1, 72, 19),
(69, 'rutrum ac lobortis vel dapibus', 'Mauris lacinia sapien quis libero. Nullam sit amet turpis elementum ligula vehicula consequat. Morbi a ipsum.', 4, 'data:image/png;base64,iVBORw0KGgoAAAANSUhEUgAAABAA', 47, '2022-02-04', 4, 212, 34),
(70, 'elementum in hac habitasse', 'Etiam vel augue. Vestibulum rutrum rutrum neque. Aenean auctor gravida sem. Praesent id massa id nisl venenatis lacinia.', 2, 'data:image/png;base64,iVBORw0KGgoAAAANSUhEUgAAABAA', 31, '2021-09-12', 4, 30, 43),
(71, 'morbi porttitor lorem id ligula', 'Phasellus sit amet erat. Nulla tempus. Vivamus in felis eu sapien cursus vestibulum.', 4, 'data:image/png;base64,iVBORw0KGgoAAAANSUhEUgAAABAA', 81, '2022-03-15', 2, 11, 39),
(72, 'nulla nunc purus phasellus', 'Nam congue, risus semper porta volutpat, quam pede lobortis ligula, sit amet eleifend pede libero quis orci. Nullam molestie nibh in lectus. Pellentesque at nulla.', 1, 'data:image/png;base64,iVBORw0KGgoAAAANSUhEUgAAABAA', 120, '2022-01-08', 1, 30, 39),
(73, 'morbi sem mauris', 'Nulla nisl. Nunc nisl. Duis bibendum, felis sed interdum venenatis, turpis enim blandit mi, in porttitor pede justo eu massa. Donec dapibus. Duis at velit eu est congue elementum.', 4, 'data:image/png;base64,iVBORw0KGgoAAAANSUhEUgAAABAA', 78, '2021-12-23', 1, 42, 34),
(74, 'tincidunt eget tempus', 'Cum sociis natoque penatibus et magnis dis parturient montes, nascetur ridiculus mus. Vivamus vestibulum sagittis sapien. Cum sociis natoque penatibus et magnis dis parturient montes, nascetur ridiculus mus.', 1, 'data:image/png;base64,iVBORw0KGgoAAAANSUhEUgAAABAA', 31, '2021-12-07', 4, 218, 45),
(75, 'nonummy integer non velit', 'Aenean lectus. Pellentesque eget nunc. Donec quis orci eget orci vehicula condimentum. Curabitur in libero ut massa volutpat convallis. Morbi odio odio, elementum eu, interdum eu, tincidunt in, leo.', 5, 'data:image/png;base64,iVBORw0KGgoAAAANSUhEUgAAABAA', 69, '2022-03-12', 4, 212, 16),
(76, 'pede libero quis orci', 'Nullam molestie nibh in lectus. Pellentesque at nulla. Suspendisse potenti.', 2, 'data:image/png;base64,iVBORw0KGgoAAAANSUhEUgAAABAA', 78, '2021-11-04', 1, 76, 11),
(77, 'magna ac consequat metus', 'Etiam justo. Etiam pretium iaculis justo. In hac habitasse platea dictumst.', 1, 'data:image/png;base64,iVBORw0KGgoAAAANSUhEUgAAABAA', 79, '2021-07-02', 2, 85, 6),
(78, 'quam nec dui luctus rutrum', 'Vivamus vel nulla eget eros elementum pellentesque. Quisque porta volutpat erat. Quisque erat eros, viverra eget, congue eget, semper rutrum, nulla. Nunc purus. Phasellus in felis.', 3, 'data:image/png;base64,iVBORw0KGgoAAAANSUhEUgAAABAA', 37, '2021-11-14', 4, 210, 38),
(79, 'proin interdum mauris non', 'Morbi odio odio, elementum eu, interdum eu, tincidunt in, leo. Maecenas pulvinar lobortis est. Phasellus sit amet erat.', 2, 'data:image/png;base64,iVBORw0KGgoAAAANSUhEUgAAABAA', 69, '2021-06-04', 2, 83, 48),
(80, 'ipsum integer a nibh', 'Cras in purus eu magna vulputate luctus. Cum sociis natoque penatibus et magnis dis parturient montes, nascetur ridiculus mus. Vivamus vestibulum sagittis sapien.', 3, 'data:image/png;base64,iVBORw0KGgoAAAANSUhEUgAAABAA', 129, '2021-05-27', 3, 82, 7),
(81, 'felis fusce posuere felis', 'Morbi non quam nec dui luctus rutrum. Nulla tellus. In sagittis dui vel nisl. Duis ac nibh. Fusce lacus purus, aliquet at, feugiat non, pretium quis, lectus.', 1, 'data:image/png;base64,iVBORw0KGgoAAAANSUhEUgAAABAA', 124, '2021-05-01', 1, 212, 44),
(82, 'sapien urna pretium nisl ut', 'Maecenas rhoncus aliquam lacus. Morbi quis tortor id nulla ultrices aliquet. Maecenas leo odio, condimentum id, luctus nec, molestie sed, justo. Pellentesque viverra pede ac diam. Cras pellentesque volutpat dui.', 2, 'data:image/png;base64,iVBORw0KGgoAAAANSUhEUgAAABAA', 46, '2022-03-25', 2, 210, 2),
(83, 'nulla neque libero', 'Integer ac neque. Duis bibendum. Morbi non quam nec dui luctus rutrum. Nulla tellus.', 5, 'data:image/png;base64,iVBORw0KGgoAAAANSUhEUgAAABAA', 93, '2021-08-08', 3, 249, 36),
(84, 'ac leo pellentesque', 'Mauris sit amet eros. Suspendisse accumsan tortor quis turpis. Sed ante. Vivamus tortor.', 2, 'data:image/png;base64,iVBORw0KGgoAAAANSUhEUgAAABAA', 93, '2022-03-06', 3, 45, 39),
(85, 'dolor sit amet', 'Donec diam neque, vestibulum eget, vulputate ut, ultrices vel, augue. Vestibulum ante ipsum primis in faucibus orci luctus et ultrices posuere cubilia Curae; Donec pharetra, magna vestibulum aliquet ultrices, erat tortor sollicitudin mi, sit amet lobortis sapien sapien non mi. Integer ac neque.', 2, 'data:image/png;base64,iVBORw0KGgoAAAANSUhEUgAAABAA', 92, '2021-01-07', 1, 160, 7),
(86, 'et commodo vulputate justo', 'Maecenas pulvinar lobortis est. Phasellus sit amet erat. Nulla tempus. Vivamus in felis eu sapien cursus vestibulum. Proin eu mi.', 2, 'data:image/png;base64,iVBORw0KGgoAAAANSUhEUgAAABAA', 82, '2021-05-15', 4, 117, 1),
(87, 'convallis nulla neque', 'Nulla justo. Aliquam quis turpis eget elit sodales scelerisque. Mauris sit amet eros. Suspendisse accumsan tortor quis turpis.', 1, 'data:image/png;base64,iVBORw0KGgoAAAANSUhEUgAAABAA', 76, '2021-07-05', 3, 182, 48),
(88, 'quam turpis adipiscing lorem vitae', 'In quis justo. Maecenas rhoncus aliquam lacus. Morbi quis tortor id nulla ultrices aliquet. Maecenas leo odio, condimentum id, luctus nec, molestie sed, justo.', 5, 'data:image/png;base64,iVBORw0KGgoAAAANSUhEUgAAABAA', 108, '2022-01-30', 3, 15, 39),
(89, 'porttitor lacus at turpis', 'Suspendisse accumsan tortor quis turpis. Sed ante. Vivamus tortor. Duis mattis egestas metus.', 5, 'data:image/png;base64,iVBORw0KGgoAAAANSUhEUgAAABAA', 130, '2021-07-22', 1, 42, 23),
(90, 'risus praesent lectus vestibulum quam', 'Pellentesque eget nunc. Donec quis orci eget orci vehicula condimentum. Curabitur in libero ut massa volutpat convallis. Morbi odio odio, elementum eu, interdum eu, tincidunt in, leo.', 2, 'data:image/png;base64,iVBORw0KGgoAAAANSUhEUgAAABAA', 40, '2021-05-08', 3, 213, 32),
(91, 'elit proin interdum mauris non', 'Curabitur convallis. Duis consequat dui nec nisi volutpat eleifend. Donec ut dolor.', 1, 'data:image/png;base64,iVBORw0KGgoAAAANSUhEUgAAABAA', 99, '2021-01-25', 1, 98, 6),
(92, 'venenatis lacinia aenean', 'Duis mattis egestas metus. Aenean fermentum. Donec ut mauris eget massa tempor convallis. Nulla neque libero, convallis eget, eleifend luctus, ultricies eu, nibh.', 5, 'data:image/png;base64,iVBORw0KGgoAAAANSUhEUgAAABAA', 36, '2021-10-04', 3, 69, 5),
(93, 'in purus eu', 'Lorem ipsum dolor sit amet, consectetuer adipiscing elit. Proin risus. Praesent lectus. Vestibulum quam sapien, varius ut, blandit non, interdum in, ante. Vestibulum ante ipsum primis in faucibus orci luctus et ultrices posuere cubilia Curae; Duis faucibus accumsan odio.', 5, 'data:image/png;base64,iVBORw0KGgoAAAANSUhEUgAAABAA', 90, '2021-01-21', 4, 227, 48),
(94, 'suscipit ligula in', 'Sed sagittis. Nam congue, risus semper porta volutpat, quam pede lobortis ligula, sit amet eleifend pede libero quis orci. Nullam molestie nibh in lectus. Pellentesque at nulla.', 3, 'data:image/png;base64,iVBORw0KGgoAAAANSUhEUgAAABAA', 99, '2021-12-30', 1, 39, 34),
(95, 'potenti nullam porttitor', 'Nunc rhoncus dui vel sem. Sed sagittis. Nam congue, risus semper porta volutpat, quam pede lobortis ligula, sit amet eleifend pede libero quis orci.', 1, 'data:image/png;base64,iVBORw0KGgoAAAANSUhEUgAAABAA', 129, '2021-12-18', 2, 87, 48),
(96, 'hac habitasse platea dictumst', 'Nunc nisl. Duis bibendum, felis sed interdum venenatis, turpis enim blandit mi, in porttitor pede justo eu massa. Donec dapibus. Duis at velit eu est congue elementum. In hac habitasse platea dictumst.', 2, 'data:image/png;base64,iVBORw0KGgoAAAANSUhEUgAAABAA', 39, '2022-02-24', 4, 217, 50),
(97, 'dui nec nisi volutpat eleifend', 'Vivamus vel nulla eget eros elementum pellentesque. Quisque porta volutpat erat. Quisque erat eros, viverra eget, congue eget, semper rutrum, nulla.', 1, 'data:image/png;base64,iVBORw0KGgoAAAANSUhEUgAAABAA', 131, '2022-03-19', 4, 201, 44),
(98, 'odio curabitur convallis', 'Integer ac leo. Pellentesque ultrices mattis odio. Donec vitae nisi. Nam ultrices, libero non mattis pulvinar, nulla pede ullamcorper augue, a suscipit nulla elit ac nulla. Sed vel enim sit amet nunc viverra dapibus.', 1, 'data:image/png;base64,iVBORw0KGgoAAAANSUhEUgAAABAA', 85, '2021-10-13', 2, 36, 20),
(99, 'pretium iaculis justo in', 'Maecenas rhoncus aliquam lacus. Morbi quis tortor id nulla ultrices aliquet. Maecenas leo odio, condimentum id, luctus nec, molestie sed, justo. Pellentesque viverra pede ac diam.', 1, 'data:image/png;base64,iVBORw0KGgoAAAANSUhEUgAAABAA', 58, '2022-01-03', 1, 31, 20),
(100, 'erat id mauris', 'Aliquam sit amet diam in magna bibendum imperdiet. Nullam orci pede, venenatis non, sodales sed, tincidunt eu, felis. Fusce posuere felis sed lacus. Morbi sem mauris, laoreet ut, rhoncus aliquet, pulvinar sed, nisl. Nunc rhoncus dui vel sem.', 4, 'data:image/png;base64,iVBORw0KGgoAAAANSUhEUgAAABAA', 110, '2021-03-17', 2, 103, 3),
(101, 'adipiscing lorem vitae mattis', 'Phasellus in felis. Donec semper sapien a libero. Nam dui. Proin leo odio, porttitor id, consequat in, consequat ut, nulla.', 3, 'data:image/png;base64,iVBORw0KGgoAAAANSUhEUgAAABAA', 130, '2022-01-03', 1, 197, 37),
(102, 'morbi porttitor lorem id', 'In tempor, turpis nec euismod scelerisque, quam turpis adipiscing lorem, vitae mattis nibh ligula nec sem. Duis aliquam convallis nunc. Proin at turpis a pede posuere nonummy.', 2, 'data:image/png;base64,iVBORw0KGgoAAAANSUhEUgAAABAA', 105, '2021-05-24', 3, 24, 9),
(103, 'est quam pharetra magna', 'In hac habitasse platea dictumst. Morbi vestibulum, velit id pretium iaculis, diam erat fermentum justo, nec condimentum neque sapien placerat ante. Nulla justo.', 1, 'data:image/png;base64,iVBORw0KGgoAAAANSUhEUgAAABAA', 121, '2021-08-10', 1, 235, 19),
(104, 'montes nascetur ridiculus mus vivamus', 'Pellentesque viverra pede ac diam. Cras pellentesque volutpat dui. Maecenas tristique, est et tempus semper, est quam pharetra magna, ac consequat metus sapien ut nunc.', 2, 'data:image/png;base64,iVBORw0KGgoAAAANSUhEUgAAABAA', 41, '2021-11-03', 1, 117, 5),
(105, 'ac tellus semper interdum', 'Sed sagittis. Nam congue, risus semper porta volutpat, quam pede lobortis ligula, sit amet eleifend pede libero quis orci. Nullam molestie nibh in lectus. Pellentesque at nulla. Suspendisse potenti.', 3, 'data:image/png;base64,iVBORw0KGgoAAAANSUhEUgAAABAA', 82, '2021-07-29', 1, 127, 36),
(106, 'pretium quis lectus suspendisse', 'Aliquam augue quam, sollicitudin vitae, consectetuer eget, rutrum at, lorem. Integer tincidunt ante vel ipsum. Praesent blandit lacinia erat. Vestibulum sed magna at nunc commodo placerat.', 2, 'data:image/png;base64,iVBORw0KGgoAAAANSUhEUgAAABAA', 146, '2021-12-14', 3, 73, 13),
(107, 'velit nec nisi vulputate nonummy', 'Suspendisse ornare consequat lectus. In est risus, auctor sed, tristique in, tempus sit amet, sem. Fusce consequat. Nulla nisl. Nunc nisl.', 2, 'data:image/png;base64,iVBORw0KGgoAAAANSUhEUgAAABAA', 114, '2021-01-18', 2, 117, 21),
(108, 'nullam molestie nibh in', 'Quisque porta volutpat erat. Quisque erat eros, viverra eget, congue eget, semper rutrum, nulla. Nunc purus.', 2, 'data:image/png;base64,iVBORw0KGgoAAAANSUhEUgAAABAA', 90, '2021-11-24', 1, 228, 28),
(109, 'in blandit ultrices', 'Proin at turpis a pede posuere nonummy. Integer non velit. Donec diam neque, vestibulum eget, vulputate ut, ultrices vel, augue.', 4, 'data:image/png;base64,iVBORw0KGgoAAAANSUhEUgAAABAA', 92, '2021-03-02', 4, 147, 47),
(110, 'risus dapibus augue', 'Donec odio justo, sollicitudin ut, suscipit a, feugiat et, eros. Vestibulum ac est lacinia nisi venenatis tristique. Fusce congue, diam id ornare imperdiet, sapien urna pretium nisl, ut volutpat sapien arcu sed augue.', 1, 'data:image/png;base64,iVBORw0KGgoAAAANSUhEUgAAABAA', 80, '2022-02-17', 1, 207, 1),
(111, 'in hac habitasse', 'Vestibulum ac est lacinia nisi venenatis tristique. Fusce congue, diam id ornare imperdiet, sapien urna pretium nisl, ut volutpat sapien arcu sed augue. Aliquam erat volutpat. In congue.', 3, 'data:image/png;base64,iVBORw0KGgoAAAANSUhEUgAAABAA', 67, '2021-02-19', 2, 8, 31),
(112, 'tempus sit amet sem fusce', 'Nulla mollis molestie lorem. Quisque ut erat. Curabitur gravida nisi at nibh.', 1, 'data:image/png;base64,iVBORw0KGgoAAAANSUhEUgAAABAA', 129, '2021-02-16', 4, 137, 6),
(113, 'vitae mattis nibh ligula', 'Nullam porttitor lacus at turpis. Donec posuere metus vitae ipsum. Aliquam non mauris. Morbi non lectus.', 5, 'data:image/png;base64,iVBORw0KGgoAAAANSUhEUgAAABAA', 120, '2021-09-03', 3, 35, 10),
(114, 'consequat varius integer', 'Duis bibendum. Morbi non quam nec dui luctus rutrum. Nulla tellus. In sagittis dui vel nisl.', 3, 'data:image/png;base64,iVBORw0KGgoAAAANSUhEUgAAABAA', 133, '2021-04-03', 3, 43, 24),
(115, 'pellentesque ultrices mattis odio', 'Nullam sit amet turpis elementum ligula vehicula consequat. Morbi a ipsum. Integer a nibh. In quis justo. Maecenas rhoncus aliquam lacus.', 1, 'data:image/png;base64,iVBORw0KGgoAAAANSUhEUgAAABAA', 34, '2022-02-14', 3, 136, 5),
(116, 'eget vulputate ut ultrices vel', 'In hac habitasse platea dictumst. Aliquam augue quam, sollicitudin vitae, consectetuer eget, rutrum at, lorem. Integer tincidunt ante vel ipsum. Praesent blandit lacinia erat.', 2, 'data:image/png;base64,iVBORw0KGgoAAAANSUhEUgAAABAA', 39, '2021-09-30', 4, 35, 18),
(117, 'vivamus in felis', 'Quisque ut erat. Curabitur gravida nisi at nibh. In hac habitasse platea dictumst. Aliquam augue quam, sollicitudin vitae, consectetuer eget, rutrum at, lorem.', 3, 'data:image/png;base64,iVBORw0KGgoAAAANSUhEUgAAABAA', 25, '2021-06-09', 2, 130, 14),
(118, 'luctus et ultrices', 'Cum sociis natoque penatibus et magnis dis parturient montes, nascetur ridiculus mus. Etiam vel augue. Vestibulum rutrum rutrum neque.', 5, 'data:image/png;base64,iVBORw0KGgoAAAANSUhEUgAAABAA', 36, '2021-02-13', 4, 243, 45),
(119, 'nam nulla integer pede justo', 'Nullam molestie nibh in lectus. Pellentesque at nulla. Suspendisse potenti.', 2, 'data:image/png;base64,iVBORw0KGgoAAAANSUhEUgAAABAA', 117, '2021-10-10', 2, 57, 38),
(120, 'lorem ipsum dolor sit amet', 'Praesent lectus. Vestibulum quam sapien, varius ut, blandit non, interdum in, ante. Vestibulum ante ipsum primis in faucibus orci luctus et ultrices posuere cubilia Curae; Duis faucibus accumsan odio. Curabitur convallis.', 1, 'data:image/png;base64,iVBORw0KGgoAAAANSUhEUgAAABAA', 85, '2021-04-29', 2, 65, 16),
(121, 'pede venenatis non', 'Proin eu mi. Nulla ac enim. In tempor, turpis nec euismod scelerisque, quam turpis adipiscing lorem, vitae mattis nibh ligula nec sem. Duis aliquam convallis nunc.', 4, 'data:image/png;base64,iVBORw0KGgoAAAANSUhEUgAAABAA', 63, '2021-06-19', 1, 188, 41),
(122, 'ipsum primis in faucibus', 'In quis justo. Maecenas rhoncus aliquam lacus. Morbi quis tortor id nulla ultrices aliquet. Maecenas leo odio, condimentum id, luctus nec, molestie sed, justo. Pellentesque viverra pede ac diam.', 5, 'data:image/png;base64,iVBORw0KGgoAAAANSUhEUgAAABAA', 89, '2022-03-17', 4, 236, 10),
(123, 'morbi non quam', 'Integer a nibh. In quis justo. Maecenas rhoncus aliquam lacus. Morbi quis tortor id nulla ultrices aliquet.', 5, 'data:image/png;base64,iVBORw0KGgoAAAANSUhEUgAAABAA', 80, '2021-07-25', 2, 194, 31),
(124, 'elit sodales scelerisque mauris', 'Donec diam neque, vestibulum eget, vulputate ut, ultrices vel, augue. Vestibulum ante ipsum primis in faucibus orci luctus et ultrices posuere cubilia Curae; Donec pharetra, magna vestibulum aliquet ultrices, erat tortor sollicitudin mi, sit amet lobortis sapien sapien non mi. Integer ac neque. Duis bibendum. Morbi non quam nec dui luctus rutrum.', 1, 'data:image/png;base64,iVBORw0KGgoAAAANSUhEUgAAABAA', 134, '2021-11-23', 2, 178, 30),
(125, 'ac est lacinia nisi venenatis', 'Nulla tellus. In sagittis dui vel nisl. Duis ac nibh.', 1, 'data:image/png;base64,iVBORw0KGgoAAAANSUhEUgAAABAA', 115, '2021-12-26', 4, 189, 33),
(126, 'aliquet maecenas leo odio condimentum', 'Morbi porttitor lorem id ligula. Suspendisse ornare consequat lectus. In est risus, auctor sed, tristique in, tempus sit amet, sem.', 1, 'data:image/png;base64,iVBORw0KGgoAAAANSUhEUgAAABAA', 118, '2021-01-11', 1, 27, 11),
(127, 'mattis odio donec vitae nisi', 'Morbi vestibulum, velit id pretium iaculis, diam erat fermentum justo, nec condimentum neque sapien placerat ante. Nulla justo. Aliquam quis turpis eget elit sodales scelerisque.', 1, 'data:image/png;base64,iVBORw0KGgoAAAANSUhEUgAAABAA', 56, '2021-07-17', 2, 196, 32),
(128, 'semper rutrum nulla', 'Cum sociis natoque penatibus et magnis dis parturient montes, nascetur ridiculus mus. Vivamus vestibulum sagittis sapien. Cum sociis natoque penatibus et magnis dis parturient montes, nascetur ridiculus mus. Etiam vel augue. Vestibulum rutrum rutrum neque.', 1, 'data:image/png;base64,iVBORw0KGgoAAAANSUhEUgAAABAA', 75, '2021-10-07', 2, 120, 40),
(129, 'quam nec dui luctus', 'Nulla tempus. Vivamus in felis eu sapien cursus vestibulum. Proin eu mi. Nulla ac enim. In tempor, turpis nec euismod scelerisque, quam turpis adipiscing lorem, vitae mattis nibh ligula nec sem.', 4, 'data:image/png;base64,iVBORw0KGgoAAAANSUhEUgAAABAA', 37, '2021-03-03', 2, 84, 30),
(130, 'viverra diam vitae quam suspendisse', 'Integer non velit. Donec diam neque, vestibulum eget, vulputate ut, ultrices vel, augue. Vestibulum ante ipsum primis in faucibus orci luctus et ultrices posuere cubilia Curae; Donec pharetra, magna vestibulum aliquet ultrices, erat tortor sollicitudin mi, sit amet lobortis sapien sapien non mi. Integer ac neque.', 2, 'data:image/png;base64,iVBORw0KGgoAAAANSUhEUgAAABAA', 56, '2021-09-22', 1, 152, 12),
(131, 'mauris non ligula pellentesque', 'Aenean sit amet justo. Morbi ut odio. Cras mi pede, malesuada in, imperdiet et, commodo vulputate, justo. In blandit ultrices enim. Lorem ipsum dolor sit amet, consectetuer adipiscing elit.', 2, 'data:image/png;base64,iVBORw0KGgoAAAANSUhEUgAAABAA', 82, '2021-01-07', 1, 218, 16),
(132, 'ut erat id', 'Suspendisse potenti. Cras in purus eu magna vulputate luctus. Cum sociis natoque penatibus et magnis dis parturient montes, nascetur ridiculus mus.', 3, 'data:image/png;base64,iVBORw0KGgoAAAANSUhEUgAAABAA', 109, '2021-10-01', 3, 163, 42),
(133, 'justo aliquam quis turpis eget', 'Nullam porttitor lacus at turpis. Donec posuere metus vitae ipsum. Aliquam non mauris. Morbi non lectus. Aliquam sit amet diam in magna bibendum imperdiet.', 5, 'data:image/png;base64,iVBORw0KGgoAAAANSUhEUgAAABAA', 61, '2021-03-20', 3, 56, 23),
(134, 'felis fusce posuere', 'Suspendisse potenti. In eleifend quam a odio. In hac habitasse platea dictumst.', 5, 'data:image/png;base64,iVBORw0KGgoAAAANSUhEUgAAABAA', 124, '2021-09-11', 2, 36, 49),
(135, 'ante vivamus tortor duis mattis', 'Nullam varius. Nulla facilisi. Cras non velit nec nisi vulputate nonummy.', 2, 'data:image/png;base64,iVBORw0KGgoAAAANSUhEUgAAABAA', 65, '2021-09-27', 3, 138, 25),
(136, 'sem sed sagittis nam', 'Morbi ut odio. Cras mi pede, malesuada in, imperdiet et, commodo vulputate, justo. In blandit ultrices enim.', 1, 'data:image/png;base64,iVBORw0KGgoAAAANSUhEUgAAABAA', 143, '2022-01-07', 4, 143, 14),
(137, 'sed accumsan felis ut', 'Nam congue, risus semper porta volutpat, quam pede lobortis ligula, sit amet eleifend pede libero quis orci. Nullam molestie nibh in lectus. Pellentesque at nulla. Suspendisse potenti.', 1, 'data:image/png;base64,iVBORw0KGgoAAAANSUhEUgAAABAA', 109, '2021-12-15', 4, 100, 40),
(138, 'habitasse platea dictumst etiam faucibus', 'Suspendisse potenti. Nullam porttitor lacus at turpis. Donec posuere metus vitae ipsum.', 1, 'data:image/png;base64,iVBORw0KGgoAAAANSUhEUgAAABAA', 46, '2022-02-14', 2, 170, 27),
(139, 'ac est lacinia nisi venenatis', 'Duis mattis egestas metus. Aenean fermentum. Donec ut mauris eget massa tempor convallis.', 2, 'data:image/png;base64,iVBORw0KGgoAAAANSUhEUgAAABAA', 127, '2021-12-18', 3, 61, 16),
(140, 'quis turpis sed', 'Mauris lacinia sapien quis libero. Nullam sit amet turpis elementum ligula vehicula consequat. Morbi a ipsum. Integer a nibh.', 1, 'data:image/png;base64,iVBORw0KGgoAAAANSUhEUgAAABAA', 138, '2022-02-28', 2, 110, 29),
(141, 'ultricies eu nibh quisque id', 'Vestibulum quam sapien, varius ut, blandit non, interdum in, ante. Vestibulum ante ipsum primis in faucibus orci luctus et ultrices posuere cubilia Curae; Duis faucibus accumsan odio. Curabitur convallis. Duis consequat dui nec nisi volutpat eleifend. Donec ut dolor.', 4, 'data:image/png;base64,iVBORw0KGgoAAAANSUhEUgAAABAA', 101, '2021-05-23', 2, 69, 28),
(142, 'scelerisque quam turpis adipiscing lorem', 'Aenean auctor gravida sem. Praesent id massa id nisl venenatis lacinia. Aenean sit amet justo.', 5, 'data:image/png;base64,iVBORw0KGgoAAAANSUhEUgAAABAA', 55, '2021-10-12', 3, 122, 33),
(143, 'aenean auctor gravida', 'Suspendisse ornare consequat lectus. In est risus, auctor sed, tristique in, tempus sit amet, sem. Fusce consequat.', 2, 'data:image/png;base64,iVBORw0KGgoAAAANSUhEUgAAABAA', 74, '2021-05-17', 1, 34, 22),
(144, 'quam sollicitudin vitae consectetuer', 'Morbi non lectus. Aliquam sit amet diam in magna bibendum imperdiet. Nullam orci pede, venenatis non, sodales sed, tincidunt eu, felis. Fusce posuere felis sed lacus. Morbi sem mauris, laoreet ut, rhoncus aliquet, pulvinar sed, nisl.', 4, 'data:image/png;base64,iVBORw0KGgoAAAANSUhEUgAAABAA', 106, '2022-03-14', 4, 130, 50),
(145, 'rutrum ac lobortis', 'Aliquam augue quam, sollicitudin vitae, consectetuer eget, rutrum at, lorem. Integer tincidunt ante vel ipsum. Praesent blandit lacinia erat.', 4, 'data:image/png;base64,iVBORw0KGgoAAAANSUhEUgAAABAA', 30, '2022-01-13', 3, 180, 38),
(146, 'nulla dapibus dolor', 'Sed ante. Vivamus tortor. Duis mattis egestas metus. Aenean fermentum. Donec ut mauris eget massa tempor convallis.', 1, 'data:image/png;base64,iVBORw0KGgoAAAANSUhEUgAAABAA', 138, '2021-05-02', 1, 174, 12),
(147, 'metus sapien ut nunc', 'Maecenas tincidunt lacus at velit. Vivamus vel nulla eget eros elementum pellentesque. Quisque porta volutpat erat. Quisque erat eros, viverra eget, congue eget, semper rutrum, nulla.', 3, 'data:image/png;base64,iVBORw0KGgoAAAANSUhEUgAAABAA', 50, '2021-09-22', 3, 73, 11),
(148, 'vitae nisl aenean lectus', 'Donec semper sapien a libero. Nam dui. Proin leo odio, porttitor id, consequat in, consequat ut, nulla. Sed accumsan felis. Ut at dolor quis odio consequat varius.', 1, 'data:image/png;base64,iVBORw0KGgoAAAANSUhEUgAAABAA', 131, '2021-11-28', 3, 173, 19),
(149, 'convallis eget eleifend luctus', 'Morbi quis tortor id nulla ultrices aliquet. Maecenas leo odio, condimentum id, luctus nec, molestie sed, justo. Pellentesque viverra pede ac diam.', 3, 'data:image/png;base64,iVBORw0KGgoAAAANSUhEUgAAABAA', 33, '2021-01-22', 2, 216, 50),
(150, 'morbi quis tortor', 'Vestibulum sed magna at nunc commodo placerat. Praesent blandit. Nam nulla. Integer pede justo, lacinia eget, tincidunt eget, tempus vel, pede.', 3, 'data:image/png;base64,iVBORw0KGgoAAAANSUhEUgAAABAA', 91, '2021-05-22', 4, 214, 1),
(151, 'cubilia curae nulla dapibus', 'Nunc nisl. Duis bibendum, felis sed interdum venenatis, turpis enim blandit mi, in porttitor pede justo eu massa. Donec dapibus. Duis at velit eu est congue elementum. In hac habitasse platea dictumst.', 4, 'data:image/png;base64,iVBORw0KGgoAAAANSUhEUgAAABAA', 82, '2021-09-21', 2, 73, 33),
(152, 'nisl nunc nisl duis', 'Proin leo odio, porttitor id, consequat in, consequat ut, nulla. Sed accumsan felis. Ut at dolor quis odio consequat varius. Integer ac leo.', 5, 'data:image/png;base64,iVBORw0KGgoAAAANSUhEUgAAABAA', 64, '2022-01-16', 3, 221, 21),
(153, 'quam fringilla rhoncus', 'Nulla mollis molestie lorem. Quisque ut erat. Curabitur gravida nisi at nibh. In hac habitasse platea dictumst.', 3, 'data:image/png;base64,iVBORw0KGgoAAAANSUhEUgAAABAA', 87, '2022-02-22', 4, 150, 28),
(154, 'vestibulum ante ipsum', 'Morbi non quam nec dui luctus rutrum. Nulla tellus. In sagittis dui vel nisl. Duis ac nibh.', 3, 'data:image/png;base64,iVBORw0KGgoAAAANSUhEUgAAABAA', 58, '2021-10-20', 4, 227, 4),
(155, 'justo nec condimentum', 'Nam ultrices, libero non mattis pulvinar, nulla pede ullamcorper augue, a suscipit nulla elit ac nulla. Sed vel enim sit amet nunc viverra dapibus. Nulla suscipit ligula in lacus.', 1, 'data:image/png;base64,iVBORw0KGgoAAAANSUhEUgAAABAA', 125, '2022-03-25', 3, 109, 12),
(156, 'a suscipit nulla elit', 'Curabitur in libero ut massa volutpat convallis. Morbi odio odio, elementum eu, interdum eu, tincidunt in, leo. Maecenas pulvinar lobortis est. Phasellus sit amet erat.', 2, 'data:image/png;base64,iVBORw0KGgoAAAANSUhEUgAAABAA', 92, '2021-07-01', 1, 73, 23),
(157, 'in lectus pellentesque at', 'Vestibulum ante ipsum primis in faucibus orci luctus et ultrices posuere cubilia Curae; Mauris viverra diam vitae quam. Suspendisse potenti. Nullam porttitor lacus at turpis.', 5, 'data:image/png;base64,iVBORw0KGgoAAAANSUhEUgAAABAA', 95, '2021-08-29', 4, 237, 13),
(158, 'sit amet sem fusce', 'Pellentesque viverra pede ac diam. Cras pellentesque volutpat dui. Maecenas tristique, est et tempus semper, est quam pharetra magna, ac consequat metus sapien ut nunc. Vestibulum ante ipsum primis in faucibus orci luctus et ultrices posuere cubilia Curae; Mauris viverra diam vitae quam.', 5, 'data:image/png;base64,iVBORw0KGgoAAAANSUhEUgAAABAA', 41, '2022-03-08', 3, 53, 19),
(159, 'turpis nec euismod scelerisque quam', 'Nam nulla. Integer pede justo, lacinia eget, tincidunt eget, tempus vel, pede. Morbi porttitor lorem id ligula. Suspendisse ornare consequat lectus. In est risus, auctor sed, tristique in, tempus sit amet, sem.', 1, 'data:image/png;base64,iVBORw0KGgoAAAANSUhEUgAAABAA', 80, '2021-08-16', 4, 196, 25),
(160, 'magna at nunc commodo placerat', 'Nunc rhoncus dui vel sem. Sed sagittis. Nam congue, risus semper porta volutpat, quam pede lobortis ligula, sit amet eleifend pede libero quis orci. Nullam molestie nibh in lectus. Pellentesque at nulla.', 2, 'data:image/png;base64,iVBORw0KGgoAAAANSUhEUgAAABAA', 35, '2021-03-18', 3, 140, 30),
(161, 'justo pellentesque viverra pede', 'Maecenas pulvinar lobortis est. Phasellus sit amet erat. Nulla tempus. Vivamus in felis eu sapien cursus vestibulum. Proin eu mi.', 1, 'data:image/png;base64,iVBORw0KGgoAAAANSUhEUgAAABAA', 123, '2021-06-09', 3, 19, 2),
(162, 'diam erat fermentum', 'Duis bibendum. Morbi non quam nec dui luctus rutrum. Nulla tellus.', 5, 'data:image/png;base64,iVBORw0KGgoAAAANSUhEUgAAABAA', 137, '2021-03-13', 3, 223, 39),
(163, 'convallis eget eleifend', 'Mauris lacinia sapien quis libero. Nullam sit amet turpis elementum ligula vehicula consequat. Morbi a ipsum.', 1, 'data:image/png;base64,iVBORw0KGgoAAAANSUhEUgAAABAA', 93, '2021-03-17', 2, 133, 38),
(164, 'aliquet maecenas leo', 'Vivamus in felis eu sapien cursus vestibulum. Proin eu mi. Nulla ac enim. In tempor, turpis nec euismod scelerisque, quam turpis adipiscing lorem, vitae mattis nibh ligula nec sem.', 3, 'data:image/png;base64,iVBORw0KGgoAAAANSUhEUgAAABAA', 77, '2021-04-12', 1, 235, 35),
(165, 'posuere felis sed', 'Cras non velit nec nisi vulputate nonummy. Maecenas tincidunt lacus at velit. Vivamus vel nulla eget eros elementum pellentesque. Quisque porta volutpat erat.', 2, 'data:image/png;base64,iVBORw0KGgoAAAANSUhEUgAAABAA', 119, '2021-05-16', 1, 112, 30),
(166, 'morbi ut odio', 'In eleifend quam a odio. In hac habitasse platea dictumst. Maecenas ut massa quis augue luctus tincidunt. Nulla mollis molestie lorem.', 5, 'data:image/png;base64,iVBORw0KGgoAAAANSUhEUgAAABAA', 32, '2021-04-02', 3, 140, 34),
(167, 'magna ac consequat metus', 'Fusce lacus purus, aliquet at, feugiat non, pretium quis, lectus. Suspendisse potenti. In eleifend quam a odio.', 3, 'data:image/png;base64,iVBORw0KGgoAAAANSUhEUgAAABAA', 130, '2022-01-10', 4, 125, 28),
(168, 'magna vulputate luctus', 'Etiam faucibus cursus urna. Ut tellus. Nulla ut erat id mauris vulputate elementum. Nullam varius.', 2, 'data:image/png;base64,iVBORw0KGgoAAAANSUhEUgAAABAA', 150, '2021-04-11', 3, 134, 32),
(169, 'pretium nisl ut volutpat sapien', 'Curabitur at ipsum ac tellus semper interdum. Mauris ullamcorper purus sit amet nulla. Quisque arcu libero, rutrum ac, lobortis vel, dapibus at, diam. Nam tristique tortor eu pede.', 1, 'data:image/png;base64,iVBORw0KGgoAAAANSUhEUgAAABAA', 56, '2021-10-02', 4, 54, 13),
(170, 'ut odio cras mi', 'Nam congue, risus semper porta volutpat, quam pede lobortis ligula, sit amet eleifend pede libero quis orci. Nullam molestie nibh in lectus. Pellentesque at nulla. Suspendisse potenti.', 2, 'data:image/png;base64,iVBORw0KGgoAAAANSUhEUgAAABAA', 115, '2021-06-23', 2, 88, 21),
(171, 'morbi sem mauris', 'Vivamus in felis eu sapien cursus vestibulum. Proin eu mi. Nulla ac enim.', 4, 'data:image/png;base64,iVBORw0KGgoAAAANSUhEUgAAABAA', 37, '2021-10-14', 1, 70, 27),
(172, 'vestibulum ante ipsum', 'Maecenas rhoncus aliquam lacus. Morbi quis tortor id nulla ultrices aliquet. Maecenas leo odio, condimentum id, luctus nec, molestie sed, justo.', 2, 'data:image/png;base64,iVBORw0KGgoAAAANSUhEUgAAABAA', 131, '2021-05-16', 2, 205, 27),
(173, 'quisque erat eros viverra eget', 'Morbi ut odio. Cras mi pede, malesuada in, imperdiet et, commodo vulputate, justo. In blandit ultrices enim. Lorem ipsum dolor sit amet, consectetuer adipiscing elit.', 1, 'data:image/png;base64,iVBORw0KGgoAAAANSUhEUgAAABAA', 125, '2021-03-16', 2, 137, 21),
(174, 'vel enim sit amet', 'Nulla neque libero, convallis eget, eleifend luctus, ultricies eu, nibh. Quisque id justo sit amet sapien dignissim vestibulum. Vestibulum ante ipsum primis in faucibus orci luctus et ultrices posuere cubilia Curae; Nulla dapibus dolor vel est. Donec odio justo, sollicitudin ut, suscipit a, feugiat et, eros. Vestibulum ac est lacinia nisi venenatis tristique.', 2, 'data:image/png;base64,iVBORw0KGgoAAAANSUhEUgAAABAA', 116, '2022-02-09', 3, 35, 22),
(175, 'dictumst morbi vestibulum', 'Cras in purus eu magna vulputate luctus. Cum sociis natoque penatibus et magnis dis parturient montes, nascetur ridiculus mus. Vivamus vestibulum sagittis sapien.', 1, 'data:image/png;base64,iVBORw0KGgoAAAANSUhEUgAAABAA', 123, '2021-01-20', 4, 33, 3);
INSERT INTO `reviews` (`id`, `title`, `content`, `stars`, `img`, `likes`, `created_at`, `review_status_id`, `user_id`, `product_id`) VALUES
(176, 'integer a nibh in', 'Curabitur convallis. Duis consequat dui nec nisi volutpat eleifend. Donec ut dolor.', 4, 'data:image/png;base64,iVBORw0KGgoAAAANSUhEUgAAABAA', 93, '2022-02-11', 1, 38, 2),
(177, 'sapien a libero', 'Integer ac leo. Pellentesque ultrices mattis odio. Donec vitae nisi. Nam ultrices, libero non mattis pulvinar, nulla pede ullamcorper augue, a suscipit nulla elit ac nulla. Sed vel enim sit amet nunc viverra dapibus.', 3, 'data:image/png;base64,iVBORw0KGgoAAAANSUhEUgAAABAA', 47, '2022-02-06', 3, 95, 38),
(178, 'aliquam quis turpis eget', 'Etiam justo. Etiam pretium iaculis justo. In hac habitasse platea dictumst.', 5, 'data:image/png;base64,iVBORw0KGgoAAAANSUhEUgAAABAA', 83, '2021-01-06', 3, 154, 19),
(179, 'augue vestibulum ante ipsum primis', 'In est risus, auctor sed, tristique in, tempus sit amet, sem. Fusce consequat. Nulla nisl.', 3, 'data:image/png;base64,iVBORw0KGgoAAAANSUhEUgAAABAA', 55, '2021-07-21', 2, 111, 33),
(180, 'sed vestibulum sit amet', 'Vestibulum ac est lacinia nisi venenatis tristique. Fusce congue, diam id ornare imperdiet, sapien urna pretium nisl, ut volutpat sapien arcu sed augue. Aliquam erat volutpat. In congue.', 4, 'data:image/png;base64,iVBORw0KGgoAAAANSUhEUgAAABAA', 104, '2022-03-25', 4, 46, 46),
(181, 'leo odio condimentum id', 'Donec diam neque, vestibulum eget, vulputate ut, ultrices vel, augue. Vestibulum ante ipsum primis in faucibus orci luctus et ultrices posuere cubilia Curae; Donec pharetra, magna vestibulum aliquet ultrices, erat tortor sollicitudin mi, sit amet lobortis sapien sapien non mi. Integer ac neque. Duis bibendum. Morbi non quam nec dui luctus rutrum.', 2, 'data:image/png;base64,iVBORw0KGgoAAAANSUhEUgAAABAA', 57, '2021-05-15', 1, 188, 14),
(182, 'primis in faucibus orci luctus', 'Lorem ipsum dolor sit amet, consectetuer adipiscing elit. Proin risus. Praesent lectus.', 3, 'data:image/png;base64,iVBORw0KGgoAAAANSUhEUgAAABAA', 95, '2021-04-01', 3, 176, 23),
(183, 'sed justo pellentesque viverra pede', 'Aliquam erat volutpat. In congue. Etiam justo. Etiam pretium iaculis justo. In hac habitasse platea dictumst.', 1, 'data:image/png;base64,iVBORw0KGgoAAAANSUhEUgAAABAA', 84, '2021-04-20', 2, 246, 47),
(184, 'neque duis bibendum morbi non', 'Duis aliquam convallis nunc. Proin at turpis a pede posuere nonummy. Integer non velit. Donec diam neque, vestibulum eget, vulputate ut, ultrices vel, augue.', 2, 'data:image/png;base64,iVBORw0KGgoAAAANSUhEUgAAABAA', 60, '2021-10-01', 2, 127, 28),
(185, 'convallis nunc proin at turpis', 'Cras non velit nec nisi vulputate nonummy. Maecenas tincidunt lacus at velit. Vivamus vel nulla eget eros elementum pellentesque.', 2, 'data:image/png;base64,iVBORw0KGgoAAAANSUhEUgAAABAA', 84, '2021-05-23', 4, 139, 24),
(186, 'morbi quis tortor id nulla', 'Vivamus in felis eu sapien cursus vestibulum. Proin eu mi. Nulla ac enim.', 1, 'data:image/png;base64,iVBORw0KGgoAAAANSUhEUgAAABAA', 122, '2021-08-05', 3, 53, 33),
(187, 'non pretium quis lectus', 'In hac habitasse platea dictumst. Morbi vestibulum, velit id pretium iaculis, diam erat fermentum justo, nec condimentum neque sapien placerat ante. Nulla justo. Aliquam quis turpis eget elit sodales scelerisque. Mauris sit amet eros.', 2, 'data:image/png;base64,iVBORw0KGgoAAAANSUhEUgAAABAA', 86, '2022-03-21', 4, 183, 19),
(188, 'in felis donec', 'In hac habitasse platea dictumst. Morbi vestibulum, velit id pretium iaculis, diam erat fermentum justo, nec condimentum neque sapien placerat ante. Nulla justo. Aliquam quis turpis eget elit sodales scelerisque.', 3, 'data:image/png;base64,iVBORw0KGgoAAAANSUhEUgAAABAA', 111, '2022-03-14', 4, 155, 8),
(189, 'turpis a pede posuere', 'Duis at velit eu est congue elementum. In hac habitasse platea dictumst. Morbi vestibulum, velit id pretium iaculis, diam erat fermentum justo, nec condimentum neque sapien placerat ante. Nulla justo.', 2, 'data:image/png;base64,iVBORw0KGgoAAAANSUhEUgAAABAA', 45, '2021-09-01', 3, 105, 31),
(190, 'lorem vitae mattis nibh', 'Aliquam quis turpis eget elit sodales scelerisque. Mauris sit amet eros. Suspendisse accumsan tortor quis turpis. Sed ante.', 3, 'data:image/png;base64,iVBORw0KGgoAAAANSUhEUgAAABAA', 43, '2021-08-26', 3, 179, 46),
(191, 'proin leo odio', 'Maecenas tristique, est et tempus semper, est quam pharetra magna, ac consequat metus sapien ut nunc. Vestibulum ante ipsum primis in faucibus orci luctus et ultrices posuere cubilia Curae; Mauris viverra diam vitae quam. Suspendisse potenti. Nullam porttitor lacus at turpis.', 5, 'data:image/png;base64,iVBORw0KGgoAAAANSUhEUgAAABAA', 90, '2021-05-19', 1, 107, 18),
(192, 'neque aenean auctor gravida', 'Duis consequat dui nec nisi volutpat eleifend. Donec ut dolor. Morbi vel lectus in quam fringilla rhoncus.', 3, 'data:image/png;base64,iVBORw0KGgoAAAANSUhEUgAAABAA', 81, '2021-11-21', 4, 20, 23),
(193, 'consequat metus sapien ut', 'Donec posuere metus vitae ipsum. Aliquam non mauris. Morbi non lectus. Aliquam sit amet diam in magna bibendum imperdiet.', 3, 'data:image/png;base64,iVBORw0KGgoAAAANSUhEUgAAABAA', 107, '2022-01-15', 3, 134, 31),
(194, 'turpis eget elit sodales', 'Vestibulum ante ipsum primis in faucibus orci luctus et ultrices posuere cubilia Curae; Donec pharetra, magna vestibulum aliquet ultrices, erat tortor sollicitudin mi, sit amet lobortis sapien sapien non mi. Integer ac neque. Duis bibendum. Morbi non quam nec dui luctus rutrum. Nulla tellus.', 3, 'data:image/png;base64,iVBORw0KGgoAAAANSUhEUgAAABAA', 127, '2022-02-08', 3, 91, 30),
(195, 'dolor sit amet consectetuer', 'Donec semper sapien a libero. Nam dui. Proin leo odio, porttitor id, consequat in, consequat ut, nulla. Sed accumsan felis. Ut at dolor quis odio consequat varius.', 4, 'data:image/png;base64,iVBORw0KGgoAAAANSUhEUgAAABAA', 72, '2022-01-14', 3, 30, 22),
(196, 'interdum venenatis turpis enim blandit', 'Nulla mollis molestie lorem. Quisque ut erat. Curabitur gravida nisi at nibh. In hac habitasse platea dictumst. Aliquam augue quam, sollicitudin vitae, consectetuer eget, rutrum at, lorem.', 4, 'data:image/png;base64,iVBORw0KGgoAAAANSUhEUgAAABAA', 119, '2021-10-12', 3, 108, 37),
(197, 'gravida sem praesent', 'Cras pellentesque volutpat dui. Maecenas tristique, est et tempus semper, est quam pharetra magna, ac consequat metus sapien ut nunc. Vestibulum ante ipsum primis in faucibus orci luctus et ultrices posuere cubilia Curae; Mauris viverra diam vitae quam.', 5, 'data:image/png;base64,iVBORw0KGgoAAAANSUhEUgAAABAA', 84, '2021-06-22', 3, 72, 40),
(198, 'ultrices vel augue vestibulum', 'Duis mattis egestas metus. Aenean fermentum. Donec ut mauris eget massa tempor convallis.', 2, 'data:image/png;base64,iVBORw0KGgoAAAANSUhEUgAAABAA', 125, '2021-09-19', 4, 178, 9),
(199, 'justo in hac habitasse platea', 'Pellentesque viverra pede ac diam. Cras pellentesque volutpat dui. Maecenas tristique, est et tempus semper, est quam pharetra magna, ac consequat metus sapien ut nunc.', 4, 'data:image/png;base64,iVBORw0KGgoAAAANSUhEUgAAABAA', 97, '2021-09-30', 4, 21, 27),
(200, 'viverra pede ac diam', 'Proin leo odio, porttitor id, consequat in, consequat ut, nulla. Sed accumsan felis. Ut at dolor quis odio consequat varius. Integer ac leo.', 4, 'data:image/png;base64,iVBORw0KGgoAAAANSUhEUgAAABAA', 74, '2021-07-12', 2, 58, 21),
(201, 'nulla justo aliquam quis turpis', 'In congue. Etiam justo. Etiam pretium iaculis justo.', 5, 'data:image/png;base64,iVBORw0KGgoAAAANSUhEUgAAABAA', 95, '2021-12-18', 1, 137, 50),
(202, 'duis ac nibh fusce lacus', 'Morbi non quam nec dui luctus rutrum. Nulla tellus. In sagittis dui vel nisl. Duis ac nibh. Fusce lacus purus, aliquet at, feugiat non, pretium quis, lectus.', 3, 'data:image/png;base64,iVBORw0KGgoAAAANSUhEUgAAABAA', 28, '2021-03-07', 4, 219, 8),
(203, 'dis parturient montes', 'Cum sociis natoque penatibus et magnis dis parturient montes, nascetur ridiculus mus. Vivamus vestibulum sagittis sapien. Cum sociis natoque penatibus et magnis dis parturient montes, nascetur ridiculus mus.', 5, 'data:image/png;base64,iVBORw0KGgoAAAANSUhEUgAAABAA', 80, '2021-12-05', 2, 85, 15),
(204, 'sit amet consectetuer adipiscing elit', 'Integer aliquet, massa id lobortis convallis, tortor risus dapibus augue, vel accumsan tellus nisi eu orci. Mauris lacinia sapien quis libero. Nullam sit amet turpis elementum ligula vehicula consequat. Morbi a ipsum. Integer a nibh.', 3, 'data:image/png;base64,iVBORw0KGgoAAAANSUhEUgAAABAA', 82, '2021-10-13', 3, 69, 10),
(205, 'ut volutpat sapien', 'Suspendisse ornare consequat lectus. In est risus, auctor sed, tristique in, tempus sit amet, sem. Fusce consequat.', 3, 'data:image/png;base64,iVBORw0KGgoAAAANSUhEUgAAABAA', 64, '2021-06-12', 3, 104, 29),
(206, 'eu orci mauris', 'Aliquam quis turpis eget elit sodales scelerisque. Mauris sit amet eros. Suspendisse accumsan tortor quis turpis. Sed ante. Vivamus tortor.', 4, 'data:image/png;base64,iVBORw0KGgoAAAANSUhEUgAAABAA', 75, '2021-03-15', 3, 117, 21),
(207, 'est lacinia nisi', 'Vivamus vestibulum sagittis sapien. Cum sociis natoque penatibus et magnis dis parturient montes, nascetur ridiculus mus. Etiam vel augue. Vestibulum rutrum rutrum neque.', 5, 'data:image/png;base64,iVBORw0KGgoAAAANSUhEUgAAABAA', 53, '2022-03-21', 3, 135, 9),
(208, 'et commodo vulputate', 'Vestibulum ante ipsum primis in faucibus orci luctus et ultrices posuere cubilia Curae; Donec pharetra, magna vestibulum aliquet ultrices, erat tortor sollicitudin mi, sit amet lobortis sapien sapien non mi. Integer ac neque. Duis bibendum.', 1, 'data:image/png;base64,iVBORw0KGgoAAAANSUhEUgAAABAA', 115, '2021-12-13', 1, 124, 39),
(209, 'ut ultrices vel augue', 'Curabitur in libero ut massa volutpat convallis. Morbi odio odio, elementum eu, interdum eu, tincidunt in, leo. Maecenas pulvinar lobortis est.', 5, 'data:image/png;base64,iVBORw0KGgoAAAANSUhEUgAAABAA', 36, '2021-11-14', 1, 242, 40),
(210, 'in ante vestibulum', 'Praesent blandit. Nam nulla. Integer pede justo, lacinia eget, tincidunt eget, tempus vel, pede. Morbi porttitor lorem id ligula. Suspendisse ornare consequat lectus.', 2, 'data:image/png;base64,iVBORw0KGgoAAAANSUhEUgAAABAA', 114, '2021-11-09', 1, 5, 42),
(211, 'cras mi pede', 'Pellentesque viverra pede ac diam. Cras pellentesque volutpat dui. Maecenas tristique, est et tempus semper, est quam pharetra magna, ac consequat metus sapien ut nunc. Vestibulum ante ipsum primis in faucibus orci luctus et ultrices posuere cubilia Curae; Mauris viverra diam vitae quam.', 5, 'data:image/png;base64,iVBORw0KGgoAAAANSUhEUgAAABAA', 110, '2022-03-15', 4, 207, 41),
(212, 'pretium nisl ut volutpat sapien', 'Integer aliquet, massa id lobortis convallis, tortor risus dapibus augue, vel accumsan tellus nisi eu orci. Mauris lacinia sapien quis libero. Nullam sit amet turpis elementum ligula vehicula consequat. Morbi a ipsum.', 1, 'data:image/png;base64,iVBORw0KGgoAAAANSUhEUgAAABAA', 78, '2022-01-12', 4, 224, 9),
(213, 'turpis eget elit sodales scelerisque', 'Sed vel enim sit amet nunc viverra dapibus. Nulla suscipit ligula in lacus. Curabitur at ipsum ac tellus semper interdum. Mauris ullamcorper purus sit amet nulla. Quisque arcu libero, rutrum ac, lobortis vel, dapibus at, diam.', 4, 'data:image/png;base64,iVBORw0KGgoAAAANSUhEUgAAABAA', 119, '2022-03-24', 2, 242, 16),
(214, 'sed accumsan felis ut', 'Mauris enim leo, rhoncus sed, vestibulum sit amet, cursus id, turpis. Integer aliquet, massa id lobortis convallis, tortor risus dapibus augue, vel accumsan tellus nisi eu orci. Mauris lacinia sapien quis libero.', 1, 'data:image/png;base64,iVBORw0KGgoAAAANSUhEUgAAABAA', 122, '2021-02-17', 4, 28, 5),
(215, 'nulla tellus in sagittis dui', 'Morbi quis tortor id nulla ultrices aliquet. Maecenas leo odio, condimentum id, luctus nec, molestie sed, justo. Pellentesque viverra pede ac diam.', 5, 'data:image/png;base64,iVBORw0KGgoAAAANSUhEUgAAABAA', 85, '2021-02-26', 3, 13, 50),
(216, 'lacinia erat vestibulum', 'Maecenas leo odio, condimentum id, luctus nec, molestie sed, justo. Pellentesque viverra pede ac diam. Cras pellentesque volutpat dui.', 2, 'data:image/png;base64,iVBORw0KGgoAAAANSUhEUgAAABAA', 92, '2021-12-11', 1, 22, 23),
(217, 'pretium nisl ut volutpat sapien', 'Fusce posuere felis sed lacus. Morbi sem mauris, laoreet ut, rhoncus aliquet, pulvinar sed, nisl. Nunc rhoncus dui vel sem. Sed sagittis. Nam congue, risus semper porta volutpat, quam pede lobortis ligula, sit amet eleifend pede libero quis orci.', 5, 'data:image/png;base64,iVBORw0KGgoAAAANSUhEUgAAABAA', 115, '2021-06-28', 3, 86, 44),
(218, 'luctus et ultrices', 'Morbi vestibulum, velit id pretium iaculis, diam erat fermentum justo, nec condimentum neque sapien placerat ante. Nulla justo. Aliquam quis turpis eget elit sodales scelerisque. Mauris sit amet eros.', 3, 'data:image/png;base64,iVBORw0KGgoAAAANSUhEUgAAABAA', 72, '2021-11-29', 4, 53, 5),
(219, 'faucibus orci luctus', 'Lorem ipsum dolor sit amet, consectetuer adipiscing elit. Proin interdum mauris non ligula pellentesque ultrices. Phasellus id sapien in sapien iaculis congue.', 1, 'data:image/png;base64,iVBORw0KGgoAAAANSUhEUgAAABAA', 70, '2021-11-07', 3, 244, 32),
(220, 'suscipit nulla elit', 'Phasellus sit amet erat. Nulla tempus. Vivamus in felis eu sapien cursus vestibulum.', 3, 'data:image/png;base64,iVBORw0KGgoAAAANSUhEUgAAABAA', 141, '2021-07-07', 2, 191, 1),
(221, 'vestibulum ante ipsum primis', 'Etiam vel augue. Vestibulum rutrum rutrum neque. Aenean auctor gravida sem.', 3, 'data:image/png;base64,iVBORw0KGgoAAAANSUhEUgAAABAA', 135, '2021-08-17', 1, 206, 18),
(222, 'parturient montes nascetur ridiculus mus', 'Donec posuere metus vitae ipsum. Aliquam non mauris. Morbi non lectus.', 1, 'data:image/png;base64,iVBORw0KGgoAAAANSUhEUgAAABAA', 75, '2021-03-29', 2, 145, 7),
(223, 'nulla nunc purus phasellus in', 'Sed vel enim sit amet nunc viverra dapibus. Nulla suscipit ligula in lacus. Curabitur at ipsum ac tellus semper interdum. Mauris ullamcorper purus sit amet nulla.', 5, 'data:image/png;base64,iVBORw0KGgoAAAANSUhEUgAAABAA', 137, '2022-01-27', 1, 3, 12),
(224, 'morbi porttitor lorem id ligula', 'Suspendisse potenti. Nullam porttitor lacus at turpis. Donec posuere metus vitae ipsum.', 5, 'data:image/png;base64,iVBORw0KGgoAAAANSUhEUgAAABAA', 66, '2022-03-26', 1, 91, 41),
(225, 'a pede posuere nonummy', 'Duis consequat dui nec nisi volutpat eleifend. Donec ut dolor. Morbi vel lectus in quam fringilla rhoncus. Mauris enim leo, rhoncus sed, vestibulum sit amet, cursus id, turpis. Integer aliquet, massa id lobortis convallis, tortor risus dapibus augue, vel accumsan tellus nisi eu orci.', 5, 'data:image/png;base64,iVBORw0KGgoAAAANSUhEUgAAABAA', 27, '2021-02-04', 4, 24, 46),
(226, 'duis aliquam convallis nunc', 'Vivamus vestibulum sagittis sapien. Cum sociis natoque penatibus et magnis dis parturient montes, nascetur ridiculus mus. Etiam vel augue. Vestibulum rutrum rutrum neque.', 1, 'data:image/png;base64,iVBORw0KGgoAAAANSUhEUgAAABAA', 75, '2021-09-19', 1, 199, 22),
(227, 'varius ut blandit non', 'Aliquam augue quam, sollicitudin vitae, consectetuer eget, rutrum at, lorem. Integer tincidunt ante vel ipsum. Praesent blandit lacinia erat. Vestibulum sed magna at nunc commodo placerat.', 2, 'data:image/png;base64,iVBORw0KGgoAAAANSUhEUgAAABAA', 98, '2022-01-11', 3, 80, 17),
(228, 'viverra eget congue eget semper', 'Donec ut dolor. Morbi vel lectus in quam fringilla rhoncus. Mauris enim leo, rhoncus sed, vestibulum sit amet, cursus id, turpis. Integer aliquet, massa id lobortis convallis, tortor risus dapibus augue, vel accumsan tellus nisi eu orci. Mauris lacinia sapien quis libero.', 1, 'data:image/png;base64,iVBORw0KGgoAAAANSUhEUgAAABAA', 119, '2021-03-27', 1, 152, 40),
(229, 'suscipit a feugiat', 'Integer non velit. Donec diam neque, vestibulum eget, vulputate ut, ultrices vel, augue. Vestibulum ante ipsum primis in faucibus orci luctus et ultrices posuere cubilia Curae; Donec pharetra, magna vestibulum aliquet ultrices, erat tortor sollicitudin mi, sit amet lobortis sapien sapien non mi. Integer ac neque. Duis bibendum.', 1, 'data:image/png;base64,iVBORw0KGgoAAAANSUhEUgAAABAA', 50, '2021-04-11', 3, 212, 39),
(230, 'justo sollicitudin ut suscipit', 'Curabitur in libero ut massa volutpat convallis. Morbi odio odio, elementum eu, interdum eu, tincidunt in, leo. Maecenas pulvinar lobortis est. Phasellus sit amet erat. Nulla tempus.', 1, 'data:image/png;base64,iVBORw0KGgoAAAANSUhEUgAAABAA', 139, '2021-08-28', 3, 105, 9),
(231, 'donec ut mauris eget massa', 'Morbi vestibulum, velit id pretium iaculis, diam erat fermentum justo, nec condimentum neque sapien placerat ante. Nulla justo. Aliquam quis turpis eget elit sodales scelerisque. Mauris sit amet eros.', 3, 'data:image/png;base64,iVBORw0KGgoAAAANSUhEUgAAABAA', 28, '2021-02-20', 4, 193, 4),
(232, 'luctus rutrum nulla', 'Morbi non quam nec dui luctus rutrum. Nulla tellus. In sagittis dui vel nisl. Duis ac nibh. Fusce lacus purus, aliquet at, feugiat non, pretium quis, lectus.', 2, 'data:image/png;base64,iVBORw0KGgoAAAANSUhEUgAAABAA', 124, '2021-10-24', 3, 199, 15),
(233, 'in lectus pellentesque', 'Praesent blandit lacinia erat. Vestibulum sed magna at nunc commodo placerat. Praesent blandit. Nam nulla.', 5, 'data:image/png;base64,iVBORw0KGgoAAAANSUhEUgAAABAA', 46, '2021-07-29', 4, 230, 31),
(234, 'condimentum id luctus nec', 'Morbi ut odio. Cras mi pede, malesuada in, imperdiet et, commodo vulputate, justo. In blandit ultrices enim.', 1, 'data:image/png;base64,iVBORw0KGgoAAAANSUhEUgAAABAA', 72, '2022-02-11', 2, 196, 4),
(235, 'blandit non interdum', 'Aliquam erat volutpat. In congue. Etiam justo. Etiam pretium iaculis justo. In hac habitasse platea dictumst.', 3, 'data:image/png;base64,iVBORw0KGgoAAAANSUhEUgAAABAA', 96, '2021-06-18', 1, 231, 16),
(236, 'phasellus in felis donec semper', 'Donec posuere metus vitae ipsum. Aliquam non mauris. Morbi non lectus.', 5, 'data:image/png;base64,iVBORw0KGgoAAAANSUhEUgAAABAA', 124, '2021-07-30', 3, 41, 47),
(237, 'maecenas tristique est et tempus', 'Vestibulum ante ipsum primis in faucibus orci luctus et ultrices posuere cubilia Curae; Mauris viverra diam vitae quam. Suspendisse potenti. Nullam porttitor lacus at turpis.', 1, 'data:image/png;base64,iVBORw0KGgoAAAANSUhEUgAAABAA', 105, '2021-03-18', 1, 106, 41),
(238, 'luctus cum sociis', 'Pellentesque ultrices mattis odio. Donec vitae nisi. Nam ultrices, libero non mattis pulvinar, nulla pede ullamcorper augue, a suscipit nulla elit ac nulla. Sed vel enim sit amet nunc viverra dapibus. Nulla suscipit ligula in lacus.', 3, 'data:image/png;base64,iVBORw0KGgoAAAANSUhEUgAAABAA', 116, '2021-05-26', 4, 2, 13),
(239, 'ullamcorper purus sit', 'Duis bibendum, felis sed interdum venenatis, turpis enim blandit mi, in porttitor pede justo eu massa. Donec dapibus. Duis at velit eu est congue elementum.', 5, 'data:image/png;base64,iVBORw0KGgoAAAANSUhEUgAAABAA', 53, '2021-09-29', 3, 164, 29),
(240, 'blandit lacinia erat vestibulum', 'Etiam faucibus cursus urna. Ut tellus. Nulla ut erat id mauris vulputate elementum. Nullam varius.', 2, 'data:image/png;base64,iVBORw0KGgoAAAANSUhEUgAAABAA', 76, '2021-12-17', 2, 215, 41),
(241, 'non quam nec dui luctus', 'In hac habitasse platea dictumst. Etiam faucibus cursus urna. Ut tellus.', 1, 'data:image/png;base64,iVBORw0KGgoAAAANSUhEUgAAABAA', 65, '2022-03-28', 4, 55, 19),
(242, 'mauris eget massa tempor convallis', 'Donec diam neque, vestibulum eget, vulputate ut, ultrices vel, augue. Vestibulum ante ipsum primis in faucibus orci luctus et ultrices posuere cubilia Curae; Donec pharetra, magna vestibulum aliquet ultrices, erat tortor sollicitudin mi, sit amet lobortis sapien sapien non mi. Integer ac neque. Duis bibendum. Morbi non quam nec dui luctus rutrum.', 4, 'data:image/png;base64,iVBORw0KGgoAAAANSUhEUgAAABAA', 44, '2021-07-10', 1, 198, 1),
(243, 'quis libero nullam', 'Fusce posuere felis sed lacus. Morbi sem mauris, laoreet ut, rhoncus aliquet, pulvinar sed, nisl. Nunc rhoncus dui vel sem. Sed sagittis.', 5, 'data:image/png;base64,iVBORw0KGgoAAAANSUhEUgAAABAA', 61, '2021-09-20', 2, 58, 46),
(244, 'mauris eget massa tempor', 'In tempor, turpis nec euismod scelerisque, quam turpis adipiscing lorem, vitae mattis nibh ligula nec sem. Duis aliquam convallis nunc. Proin at turpis a pede posuere nonummy. Integer non velit. Donec diam neque, vestibulum eget, vulputate ut, ultrices vel, augue.', 5, 'data:image/png;base64,iVBORw0KGgoAAAANSUhEUgAAABAA', 132, '2021-05-14', 4, 63, 35),
(245, 'risus auctor sed tristique', 'Curabitur convallis. Duis consequat dui nec nisi volutpat eleifend. Donec ut dolor.', 4, 'data:image/png;base64,iVBORw0KGgoAAAANSUhEUgAAABAA', 34, '2021-05-29', 3, 160, 21),
(246, 'ac nibh fusce lacus', 'In quis justo. Maecenas rhoncus aliquam lacus. Morbi quis tortor id nulla ultrices aliquet. Maecenas leo odio, condimentum id, luctus nec, molestie sed, justo. Pellentesque viverra pede ac diam.', 3, 'data:image/png;base64,iVBORw0KGgoAAAANSUhEUgAAABAA', 72, '2021-06-21', 4, 166, 4),
(247, 'mattis odio donec vitae', 'Donec ut mauris eget massa tempor convallis. Nulla neque libero, convallis eget, eleifend luctus, ultricies eu, nibh. Quisque id justo sit amet sapien dignissim vestibulum. Vestibulum ante ipsum primis in faucibus orci luctus et ultrices posuere cubilia Curae; Nulla dapibus dolor vel est.', 5, 'data:image/png;base64,iVBORw0KGgoAAAANSUhEUgAAABAA', 131, '2021-08-02', 3, 10, 8),
(248, 'felis sed interdum venenatis', 'Maecenas pulvinar lobortis est. Phasellus sit amet erat. Nulla tempus.', 1, 'data:image/png;base64,iVBORw0KGgoAAAANSUhEUgAAABAA', 120, '2021-06-19', 3, 85, 50),
(249, 'tempor convallis nulla', 'Quisque porta volutpat erat. Quisque erat eros, viverra eget, congue eget, semper rutrum, nulla. Nunc purus. Phasellus in felis. Donec semper sapien a libero.', 3, 'data:image/png;base64,iVBORw0KGgoAAAANSUhEUgAAABAA', 84, '2022-02-18', 2, 240, 42),
(250, 'lobortis vel dapibus at diam', 'Suspendisse ornare consequat lectus. In est risus, auctor sed, tristique in, tempus sit amet, sem. Fusce consequat. Nulla nisl.', 5, 'data:image/png;base64,iVBORw0KGgoAAAANSUhEUgAAABAA', 41, '2021-08-18', 2, 235, 13);

-- --------------------------------------------------------

--
-- Table structure for table `review_status`
--

DROP TABLE IF EXISTS `review_status`;
CREATE TABLE `review_status` (
  `id` int(11) NOT NULL,
  `name` varchar(20) NOT NULL,
  `descp` varchar(100) NOT NULL,
  `created_at` datetime NOT NULL
) ENGINE=InnoDB DEFAULT CHARSET=utf8mb4;

--
-- Dumping data for table `review_status`
--

INSERT INTO `review_status` (`id`, `name`, `descp`, `created_at`) VALUES
(1, 'private', '隱藏', '2022-02-18 10:10:18'),
(2, 'draft', '草稿', '2022-02-18 10:10:18'),
(3, 'delete', '刪除', '2022-02-18 10:14:09'),
(4, 'public', '發布', '2022-02-18 10:14:09');

-- --------------------------------------------------------

--
-- Table structure for table `tag`
--

DROP TABLE IF EXISTS `tag`;
CREATE TABLE `tag` (
  `id` int(11) NOT NULL,
  `name` varchar(8) CHARACTER SET utf8mb4 COLLATE utf8mb4_unicode_ci NOT NULL
) ENGINE=InnoDB DEFAULT CHARSET=utf8mb4;

--
-- Dumping data for table `tag`
--

INSERT INTO `tag` (`id`, `name`) VALUES
(1, '名畫風'),
(2, '底片風'),
(3, '清新風'),
(4, '粉色風');

-- --------------------------------------------------------

--
-- Table structure for table `users`
--

DROP TABLE IF EXISTS `users`;
CREATE TABLE `users` (
  `id` int(11) NOT NULL,
  `name` varchar(50) DEFAULT NULL,
  `gender` varchar(50) DEFAULT NULL,
  `account` varchar(50) DEFAULT NULL,
  `email` varchar(50) DEFAULT NULL,
  `password` varchar(70) DEFAULT NULL,
  `phone` varchar(50) DEFAULT NULL,
  `figure` varchar(50) NOT NULL,
  `birthday` date DEFAULT NULL,
  `created_at` date DEFAULT NULL,
  `modified_at` date DEFAULT NULL,
  `registered` int(11) DEFAULT NULL,
  `password_hint` text DEFAULT NULL,
  `user_status_id` int(11) DEFAULT NULL
) ENGINE=InnoDB DEFAULT CHARSET=utf8mb4;

--
-- Dumping data for table `users`
--

INSERT INTO `users` (`id`, `name`, `gender`, `account`, `email`, `password`, `phone`, `figure`, `birthday`, `created_at`, `modified_at`, `registered`, `password_hint`, `user_status_id`) VALUES
(1, 'Ellette Castanho', 'Transgender Woman', 'ecastanho0', 'ecastanho0@surveymonkey.com', 'mPw04U7', '4732504217', '', '2018-08-09', '2021-11-11', '2021-09-12', 1, 'integer a', 3),
(2, 'Lorelle Chandlar', 'Male to Female', 'lchandlar1', 'lchandlar1@phoca.cz', 'Y4CsBWwbEppu', '1629884186', '', '2019-04-04', '2021-04-03', '2021-10-27', 2, 'suscipit ligula', 3),
(3, 'Sandie Stodit', 'Two-Spirit', 'sstodit2', 'sstodit2@cbsnews.com', 'aC7rKUyl6', '6545946676', '', '1997-06-01', '2021-12-10', '2021-11-27', 1, 'phasellus', 2),
(4, 'Jane Jakubovski', 'Cisgender', 'jjakubovski3', 'jjakubovski3@youtube.com', 'Mm2q6EU7D0MH', '8483133921', '', '2008-08-08', '2021-10-07', '2021-06-29', 2, 'tempus', 2),
(5, 'Reggy Bridgeman', 'Trans Person', 'rbridgeman4', 'rbridgeman4@smugmug.com', 'EuG5xnCu62h', '6311885174', '', '2015-07-05', '2021-08-27', '2021-03-04', 0, 'integer aliquet', 1),
(6, 'Branden Halson', 'Androgyne', 'bhalson5', 'bhalson5@lulu.com', 'sLQkoA0KTcj1', '9544745660', '', '2003-11-17', '2021-08-02', '2021-10-19', 1, 'lacinia', 1),
(7, 'Dody Tunsley', 'Transsexual', 'dtunsley6', 'dtunsley6@goo.gl', 'xTIX8B4iK', '5099298165', '', '2001-07-17', '2021-11-20', '2021-04-16', 0, 'vestibulum', 1),
(8, 'Sherrie Faldoe', 'Gender Fluid', 'sfaldoe7', 'sfaldoe7@army.mil', 'Vbfmf9UHrLTU', '7685432944', '', '2002-02-23', '2021-06-27', '2021-09-20', 0, 'metus', 2),
(9, 'Mervin Surridge', 'Cis Man', 'msurridge8', 'msurridge8@dot.gov', 'YyiL1OJ', '9238754112', '', '1993-03-11', '2021-09-25', '2021-06-23', 0, 'augue vel', 2),
(10, 'Munroe Davydkov', 'Trans Person', 'mdavydkov9', 'mdavydkov9@japanpost.jp', 'uxtj94zzhZtV', '9494162259', '', '2017-06-13', '2021-05-08', '2021-11-16', 0, 'aliquam erat', 1),
(11, 'Lance Benstead', 'Female to Male', 'lbensteada', 'lbensteada@ucoz.com', 'ETk0ePuss', '5342040308', '', '2011-12-26', '2021-09-13', '2021-04-21', 2, 'suspendisse ornare', 3),
(12, 'Goran Aldrick', 'Transsexual Woman', 'galdrickb', 'galdrickb@dagondesign.com', 'XNcolg', '2103554093', '', '2011-02-22', '2021-02-21', '2021-03-10', 0, 'proin', 3),
(13, 'Elisha Atley', 'Neither', 'eatleyc', 'eatleyc@psu.edu', 'cFrmmw', '2848690605', '', '2016-04-06', '2021-11-05', '2021-02-16', 0, 'diam', 2),
(14, 'Margareta O\'Doherty', 'Trans Person', 'modohertyd', 'modohertyd@lycos.com', '3KdUr6y3Iq2', '7737332965', '', '2004-08-21', '2021-07-20', '2021-10-30', 2, 'quam nec', 1),
(15, 'Waldo Janusik', 'Cisgender Woman', 'wjanusike', 'wjanusike@bravesites.com', 'pM6Xigy', '7074319611', '', '1993-11-05', '2021-04-20', '2022-01-26', 0, 'lorem', 1),
(16, 'Chas MacManus', 'Neither', 'cmacmanusf', 'cmacmanusf@merriam-webster.com', 'engjJzitcyBj', '1613844316', '', '1998-04-16', '2021-08-29', '2021-09-22', 2, 'turpis', 3),
(17, 'Alikee Maric', 'Gender Questioning', 'amaricg', 'amaricg@ning.com', 'ZEWJQTX8', '5909601850', '', '2014-10-05', '2021-11-24', '2021-11-02', 2, 'ultrices posuere', 2),
(18, 'Patrice Powlett', 'Transgender Female', 'ppowletth', 'ppowletth@liveinternet.ru', 'O8IJLffE8kom', '1025105680', '', '1996-08-03', '2021-03-18', '2022-02-11', 0, 'a nibh', 1),
(19, 'Nessa Camellini', 'Transsexual Person', 'ncamellinii', 'ncamellinii@mtv.com', '9kbXDYNz', '7672147285', '', '2005-08-01', '2021-08-29', '2021-07-15', 2, 'cursus', 2),
(20, 'Grantham Fry', 'Intersex', 'gfryj', 'gfryj@paypal.com', '0A6pohhC', '9867625347', '', '1996-06-26', '2021-08-04', '2021-08-11', 2, 'vestibulum eget', 2),
(21, 'Gladys Terbeck', 'Pangender', 'gterbeckk', 'gterbeckk@adobe.com', 'ox8F3xosB', '4701128490', '', '1998-08-22', '2021-04-19', '2021-11-22', 2, 'ultrices', 1),
(22, 'Lucius Mendus', 'Cis Female', 'lmendusl', 'lmendusl@smh.com.au', 'llXhXVl3', '5926279480', '', '1995-12-04', '2021-11-25', '2021-09-04', 2, 'vestibulum proin', 2),
(23, 'Con Ingley', 'Transsexual Woman', 'cingleym', 'cingleym@gov.uk', 'oAFMk2g8B', '5567331356', '', '1995-06-06', '2021-06-24', '2021-06-26', 2, 'quisque', 3),
(24, 'Kipp Ricciardello', 'Transgender Male', 'kricciardellon', 'kricciardellon@washingtonpost.com', '6clcAXa0', '7961300881', '', '2018-04-08', '2021-07-17', '2021-12-09', 0, 'integer', 2),
(25, 'Elsa Pidgeon', 'Genderqueer', 'epidgeono', 'epidgeono@adobe.com', '4FUVFJ9tBQ', '2379622010', '', '2017-06-07', '2021-08-06', '2021-10-27', 1, 'diam cras', 3),
(26, 'Lissi Wethers', 'Transsexual Female', 'lwethersp', 'lwethersp@ask.com', 'TLpoFu5n8I3', '2586554012', '', '2017-09-20', '2021-07-18', '2021-07-05', 1, 'odio curabitur', 1),
(27, 'Bird Hilley', 'Trans Female', 'bhilleyq', 'bhilleyq@zdnet.com', 'NHGRrPtP', '3617345793', '', '2011-12-17', '2021-05-25', '2022-02-10', 0, 'vitae', 2),
(28, 'Erich Crass', 'Cisgender Female', 'ecrassr', 'ecrassr@diigo.com', 'iCt8aA', '3587579115', '', '2020-07-18', '2021-04-19', '2021-05-17', 1, 'vestibulum', 1),
(29, 'Gifford Peakman', 'Cis', 'gpeakmans', 'gpeakmans@google.co.jp', 'uikfk97VJN', '4559991652', '', '1993-11-02', '2022-02-02', '2022-02-05', 2, 'tellus', 2),
(30, 'Jasmina Gravatt', 'Cisgender Woman', 'jgravattt', 'jgravattt@myspace.com', 'RQKJoGTRi6X', '1658785258', '', '2016-02-20', '2021-08-27', '2021-05-29', 0, 'enim', 3),
(31, 'Marice Kondratyuk', 'Male to Female', 'mkondratyuku', 'mkondratyuku@123-reg.co.uk', '6zK948h', '4087708528', '', '2010-06-21', '2021-03-29', '2021-10-27', 2, 'non', 2),
(32, 'Herschel Shambrooke', 'Cisgender Woman', 'hshambrookev', 'hshambrookev@npr.org', 'fgiYF4IvA', '6324402360', '', '2021-12-04', '2021-08-17', '2021-10-19', 0, 'parturient', 1),
(33, 'Hi Ainslee', 'Trans Woman', 'hainsleew', 'hainsleew@themeforest.net', 'vpN7tgyVi', '4335756562', '', '1995-10-19', '2021-04-01', '2021-12-05', 2, 'id', 3),
(34, 'Jorgan Portman', 'Gender Questioning', 'jportmanx', 'jportmanx@shareasale.com', 's9MhWhqRebZX', '8883429294', '', '2001-11-09', '2021-05-05', '2021-03-09', 2, 'id ligula', 1),
(35, 'Elsbeth Archell', 'Gender Questioning', 'earchelly', 'earchelly@ehow.com', 'nyoBuo6x', '1547166868', '', '2007-01-05', '2022-01-27', '2021-10-21', 2, 'quis', 2),
(36, 'Steffi Churcher', 'Transgender Woman', 'schurcherz', 'schurcherz@nba.com', '6CAXaDjAOE', '3066401498', '', '2004-10-28', '2021-08-17', '2021-04-26', 2, 'non mi', 3),
(37, 'Nat Probbin', 'Gender Nonconforming', 'nprobbin10', 'nprobbin10@ox.ac.uk', 'doEXpJOkH', '4797786990', '', '2018-04-10', '2021-11-19', '2021-03-30', 2, 'mattis egestas', 3),
(38, 'Izzy Soame', 'Transsexual', 'isoame11', 'isoame11@economist.com', 'RSD7R57', '4462535279', '', '2008-02-01', '2021-12-30', '2021-03-13', 1, 'mollis', 1),
(39, 'Dian Humbell', 'Neutrois', 'dhumbell12', 'dhumbell12@jugem.jp', '4Kfjo0p', '2993238711', '', '1999-04-26', '2021-06-10', '2021-10-17', 0, 'donec diam', 1),
(40, 'Omar Redgate', 'Transsexual Male', 'oredgate13', 'oredgate13@google.ru', 'MZwGew', '2558740856', '', '2006-08-27', '2021-04-21', '2021-07-27', 2, 'vitae', 3),
(41, 'Marc Argyle', 'Trans Male', 'margyle14', 'margyle14@nyu.edu', 'LD5p0HJk0m', '4287347555', '', '2012-02-04', '2022-02-12', '2021-05-30', 0, 'sapien dignissim', 1),
(42, 'Gussie Whitland', 'Two-Spirit', 'gwhitland15', 'gwhitland15@springer.com', 'jHdZdjyFN3y', '7916855173', '', '2000-10-17', '2021-11-20', '2021-03-13', 1, 'faucibus', 1),
(43, 'Lela Clapston', 'Genderqueer', 'lclapston16', 'lclapston16@nifty.com', 'xyxMXs', '8681709950', '', '2007-10-16', '2021-03-10', '2022-01-03', 1, 'imperdiet et', 2),
(44, 'Riki Geane', 'Transsexual Person', 'rgeane17', 'rgeane17@hugedomains.com', 'EMS6laFcy', '4143706352', '', '1998-09-28', '2021-11-09', '2021-07-29', 0, 'sapien cursus', 1),
(45, 'Camila Boriston', 'Cis Woman', 'cboriston18', 'cboriston18@istockphoto.com', 'otC7voVYcPfs', '7317753895', '', '2016-02-20', '2021-08-08', '2021-07-13', 0, 'magna ac', 1),
(46, 'Lisbeth Creaser', 'Transsexual Woman', 'lcreaser19', 'lcreaser19@ed.gov', 'cQBhVG8R', '4606933653', '', '2010-07-24', '2021-12-21', '2021-06-07', 1, 'lorem', 2),
(47, 'Ailina Joannic', 'Gender Fluid', 'ajoannic1a', 'ajoannic1a@flavors.me', 'Z14mXYE', '8642195942', '', '2001-11-23', '2021-10-12', '2021-12-21', 2, 'blandit non', 1),
(48, 'Ansell Minker', 'Cis', 'aminker1b', 'aminker1b@forbes.com', 'GvomWHc0aRi', '6367764731', '', '2005-03-23', '2021-11-05', '2021-06-20', 0, 'ligula', 1),
(49, 'Wolfy Darinton', 'Trans Male', 'wdarinton1c', 'wdarinton1c@geocities.jp', 'oF0gqF6lrH', '7967291001', '', '2011-01-26', '2021-07-17', '2021-03-07', 2, 'leo rhoncus', 3),
(50, 'Bibbye Fadell', 'Female to Male', 'bfadell1d', 'bfadell1d@umich.edu', '7MaE8Va', '1919141289', '', '2021-02-11', '2021-09-11', '2021-07-25', 0, 'adipiscing', 1),
(51, 'Birk Patrie', 'Transgender Woman', 'bpatrie1e', 'bpatrie1e@mozilla.com', 'g6Rl5Q2', '8818549864', '', '1993-07-03', '2021-09-17', '2021-08-13', 1, 'suscipit', 3),
(52, 'Issi Broadist', 'Genderqueer', 'ibroadist1f', 'ibroadist1f@xinhuanet.com', 'cmJVv8', '5783043681', '', '2016-06-26', '2021-04-19', '2021-02-26', 2, 'blandit', 2),
(53, 'Wendeline Chellam', 'Male to Female', 'wchellam1g', 'wchellam1g@about.com', 'DNwlLc', '7162415487', '', '2016-03-10', '2022-01-20', '2021-07-23', 0, 'nec', 3),
(54, 'Avram Pardie', 'Trans Man', 'apardie1h', 'apardie1h@wordpress.com', 'ceOUBekUpbS4', '8232007785', '', '1998-08-12', '2021-10-03', '2021-11-05', 1, 'cras', 3),
(55, 'Kristofer Purviss', 'Two-Spirit', 'kpurviss1i', 'kpurviss1i@constantcontact.com', 'DvgylARWApmI', '9884722190', '', '2011-02-05', '2021-03-10', '2021-10-29', 1, 'congue', 1),
(56, 'Liliane MacKeogh', 'Cisgender Female', 'lmackeogh1j', 'lmackeogh1j@list-manage.com', 'YoKMNw', '1127782521', '', '2009-04-10', '2021-04-06', '2021-08-20', 2, 'eu tincidunt', 3),
(57, 'Fernanda MacMaykin', 'Bigender', 'fmacmaykin1k', 'fmacmaykin1k@bbc.co.uk', 'TqxRnU5d', '3115835900', '', '1992-09-24', '2021-03-12', '2021-08-18', 2, 'porta volutpat', 2),
(58, 'Van Ierland', 'Cis Man', 'vierland1l', 'vierland1l@mtv.com', 'tfWy2OmzVsmq', '2845558966', '', '2008-07-30', '2021-09-21', '2021-11-06', 2, 'dignissim vestibulum', 2),
(59, 'Benedetta Kilpin', 'Transgender Person', 'bkilpin1m', 'bkilpin1m@list-manage.com', 'aRfboWNWgRA', '1018614536', '', '2002-09-26', '2021-11-25', '2021-05-26', 1, 'non velit', 3),
(60, 'Bay Pennyman', 'Androgyne', 'bpennyman1n', 'bpennyman1n@deviantart.com', 'ZvpsawF', '8178928703', '', '2002-09-03', '2021-11-01', '2021-11-12', 1, 'mauris morbi', 3),
(61, 'Trescha Hourstan', 'Genderqueer', 'thourstan1o', 'thourstan1o@google.co.jp', '7baJdv9ch', '6571638113', '', '2005-01-16', '2021-12-08', '2021-09-21', 2, 'pharetra', 2),
(62, 'Lamond Panting', 'Androgyne', 'lpanting1p', 'lpanting1p@bbb.org', 'qfbGkFg', '2557440868', '', '2019-08-10', '2021-07-25', '2021-10-24', 1, 'lacinia erat', 3),
(63, 'Gianni Pietron', 'Cis Male', 'gpietron1q', 'gpietron1q@comsenz.com', 'zsE59w', '7726327633', '', '2014-08-12', '2021-12-29', '2021-11-22', 0, 'vulputate vitae', 1),
(64, 'Jayson Kelly', 'Cisgender Woman', 'jkelly1r', 'jkelly1r@friendfeed.com', 'tX3s5H3', '3083380425', '', '2002-11-08', '2021-04-10', '2021-11-09', 1, 'integer ac', 3),
(65, 'Paolo Wallbutton', 'MTF', 'pwallbutton1s', 'pwallbutton1s@cloudflare.com', 'TDsAD1MT', '4129096550', '', '2000-06-22', '2021-03-10', '2021-12-20', 0, 'sit', 2),
(66, 'Cazzie Cathrae', 'Trans Woman', 'ccathrae1t', 'ccathrae1t@deliciousdays.com', '5QqNUF', '8278846968', '', '1998-10-04', '2021-07-03', '2021-02-21', 1, 'semper', 2),
(67, 'Ilysa Ryland', 'Androgyne', 'iryland1u', 'iryland1u@businessinsider.com', '4YcUruGoQ', '6536728868', '', '1998-11-23', '2021-11-03', '2021-09-20', 0, 'consequat metus', 2),
(68, 'Cullin Baughan', 'Transgender Woman', 'cbaughan1v', 'cbaughan1v@meetup.com', '6RBW8NIDesL', '5028954412', '', '2004-05-05', '2021-05-14', '2021-06-07', 2, 'maecenas rhoncus', 1),
(69, 'Elissa Holtaway', 'Other', 'eholtaway1w', 'eholtaway1w@fema.gov', 'LnzB40Xphft', '8784640070', '', '1996-07-23', '2021-09-24', '2021-11-06', 2, 'curabitur', 3),
(70, 'Freida Rees', 'Gender Fluid', 'frees1x', 'frees1x@elpais.com', '0fkeu0', '3578086915', '', '2021-01-28', '2021-09-29', '2021-10-14', 1, 'etiam pretium', 3),
(71, 'Amberly Vickarman', 'Trans Person', 'avickarman1y', 'avickarman1y@vinaora.com', 'knhvpu8o', '8564897802', '', '2013-04-20', '2021-08-06', '2021-12-23', 1, 'amet', 1),
(72, 'Cynthie Khrishtafovich', 'Female to Male', 'ckhrishtafovich1z', 'ckhrishtafovich1z@rakuten.co.jp', 'nSjslksMtc', '3827498804', '', '2016-10-21', '2021-03-21', '2021-10-19', 0, 'pretium', 3),
(73, 'Shelley Pearman', 'Trans Person', 'spearman20', 'spearman20@zimbio.com', 'SwmAanbt', '8511519300', '', '2017-02-13', '2022-02-06', '2021-10-06', 1, 'et', 3),
(74, 'Gustavo Hammerson', 'Trans Woman', 'ghammerson21', 'ghammerson21@tripod.com', 'tMncmKtl8d27', '9277175982', '', '2002-06-15', '2021-08-29', '2021-09-18', 1, 'suscipit', 1),
(75, 'Uri Kiljan', 'Transgender Female', 'ukiljan22', 'ukiljan22@hexun.com', 'd79Dydt1', '3412683013', '', '2007-01-08', '2021-12-16', '2021-12-02', 0, 'felis ut', 1),
(76, 'Audrie Gebbe', 'Androgynous', 'agebbe23', 'agebbe23@zimbio.com', 'XCKGK2V', '8462753529', '', '2014-11-16', '2021-09-10', '2021-10-07', 1, 'lorem', 2),
(77, 'Dud Lyon', 'Cisgender Man', 'dlyon24', 'dlyon24@wikimedia.org', 'HRWRsvfmDhr', '8179462494', '', '2014-07-23', '2021-12-23', '2021-05-03', 0, 'nulla', 2),
(78, 'Rosette Kasperski', 'Transgender Woman', 'rkasperski25', 'rkasperski25@washington.edu', 'Ccl8xTThR', '1398434609', '', '2002-06-02', '2022-02-06', '2022-01-12', 0, 'potenti', 2),
(79, 'Martainn Pattini', 'Cis Woman', 'mpattini26', 'mpattini26@apache.org', 'tURSiOU3', '1481176273', '', '1993-04-16', '2021-05-15', '2021-10-26', 1, 'faucibus accumsan', 1),
(80, 'Mikael Birrell', 'Cisgender', 'mbirrell27', 'mbirrell27@behance.net', 'ge5Hu0t', '2401249298', '', '2012-12-15', '2021-09-19', '2021-09-14', 2, 'elit ac', 2),
(81, 'Piggy Grombridge', 'Gender Variant', 'pgrombridge28', 'pgrombridge28@mashable.com', 'CNAUuvGtgI', '9515540195', '', '2014-06-01', '2021-12-03', '2021-07-18', 2, 'dui', 1),
(82, 'Sande Preshous', 'Two-Spirit', 'spreshous29', 'spreshous29@booking.com', 'NeITf93sO7', '1526369949', '', '2013-06-02', '2022-01-21', '2021-08-08', 2, 'sed vel', 1),
(83, 'Morganica Boyle', 'Female to Male', 'mboyle2a', 'mboyle2a@redcross.org', 'UxdU65uU1Kbk', '6161958422', '', '1995-06-08', '2021-11-24', '2021-07-03', 2, 'tortor', 2),
(84, 'Lind Sommerfeld', 'Trans Woman', 'lsommerfeld2b', 'lsommerfeld2b@t.co', 'u4fVVX7SRq6s', '9309188547', '', '1999-04-01', '2021-05-16', '2022-01-06', 2, 'sollicitudin', 2),
(85, 'Clementine Imloch', 'Androgynous', 'cimloch2c', 'cimloch2c@redcross.org', '36OKz44kn', '9842484047', '', '2005-11-16', '2021-04-25', '2021-10-04', 0, 'eu', 2),
(86, 'Donnamarie Muspratt', 'MTF', 'dmuspratt2d', 'dmuspratt2d@sciencedaily.com', 'S8aOtrLs6jv4', '2734094576', '', '1999-08-06', '2021-03-05', '2021-10-24', 2, 'sit amet', 3),
(87, 'Mella Nono', 'Pangender', 'mnono2e', 'mnono2e@vkontakte.ru', 'uJuLVipJm4', '4464446823', '', '2009-10-07', '2021-07-08', '2021-03-23', 2, 'convallis', 3),
(88, 'Adelheid Henrot', 'Cis', 'ahenrot2f', 'ahenrot2f@google.com', '3jVJnSi4', '7552623344', '', '2020-11-07', '2021-05-23', '2021-11-30', 1, 'pede venenatis', 2),
(89, 'Karena Micheu', 'Two-Spirit', 'kmicheu2g', 'kmicheu2g@barnesandnoble.com', 'GMtRPTdS3', '1902666907', '', '2021-07-29', '2021-12-21', '2021-09-25', 2, 'tortor', 1),
(90, 'Peggy Clipson', 'MTF', 'pclipson2h', 'pclipson2h@ed.gov', '44HOq7yIUk', '3763639449', '', '2005-03-17', '2021-10-15', '2021-03-06', 2, 'mauris eget', 2),
(91, 'Clayborn Jelks', 'Non-binary', 'cjelks2i', 'cjelks2i@businessweek.com', 'q9extr', '1259942078', '', '2021-10-14', '2021-09-21', '2021-05-05', 0, 'est congue', 3),
(92, 'Joannes Dando', 'Neither', 'jdando2j', 'jdando2j@prweb.com', 'Lgcma7k', '1903837415', '', '2007-08-04', '2021-03-06', '2021-11-12', 1, 'massa volutpat', 3),
(93, 'Roanne Bridle', 'Gender Fluid', 'rbridle2k', 'rbridle2k@shop-pro.jp', 'McCXJiIMd', '4551283719', '', '2007-03-13', '2021-04-03', '2021-03-12', 2, 'ut', 1),
(94, 'Koo Cousans', 'Bigender', 'kcousans2l', 'kcousans2l@imdb.com', 'jFGuoFYl', '4834898043', '', '1999-02-16', '2021-05-29', '2021-04-29', 0, 'molestie', 1),
(95, 'Randa Larkkem', 'Cisgender', 'rlarkkem2m', 'rlarkkem2m@arizona.edu', 'OlyfbV', '4828389161', '', '2017-11-17', '2021-07-15', '2021-10-28', 2, 'lacinia', 1),
(96, 'Sonni Gorges', 'Cisgender', 'sgorges2n', 'sgorges2n@webeden.co.uk', 'Ym0F9grtrGGk', '5311268248', '', '2000-12-10', '2021-11-01', '2021-12-22', 1, 'adipiscing', 2),
(97, 'Torrence Habershaw', 'Transsexual Woman', 'thabershaw2o', 'thabershaw2o@indiatimes.com', 'CSTMqwUiSQF', '8085319190', '', '2014-02-01', '2021-02-17', '2021-03-27', 1, 'mi', 3),
(98, 'Christal Ralling', 'Other', 'cralling2p', 'cralling2p@github.com', 'cdIoNT', '6437734518', '', '2013-09-18', '2021-08-11', '2021-05-12', 0, 'tortor quis', 3),
(99, 'Fons Roby', 'Transsexual', 'froby2q', 'froby2q@theglobeandmail.com', 'frE4o1', '9912510112', '', '2013-05-18', '2021-07-11', '2021-11-29', 2, 'nisl ut', 2),
(100, 'Gael Plunket', 'Male to Female', 'gplunket2r', 'gplunket2r@mlb.com', 'VPDJGuKvkr', '8156663109', '', '2012-11-15', '2021-02-25', '2021-06-05', 2, 'ut ultrices', 2),
(101, 'Mariann Martinets', 'Cisgender Female', 'mmartinets2s', 'mmartinets2s@illinois.edu', 'vgowCfgGAc9T', '4561382626', '', '2003-11-07', '2021-03-18', '2021-12-07', 1, 'velit vivamus', 2),
(102, 'Bealle Moisey', 'Cis Female', 'bmoisey2t', 'bmoisey2t@spiegel.de', 'oXDAyqfO1', '6858155646', '', '1998-07-20', '2021-05-05', '2022-02-08', 2, 'gravida nisi', 1),
(103, 'Gertruda Edden', 'Transmasculine', 'gedden2u', 'gedden2u@kickstarter.com', 'Nd2Xzahf', '9292343851', '', '1999-01-30', '2021-11-23', '2021-10-19', 1, 'rhoncus aliquam', 2),
(104, 'Kamilah Bridgeman', 'Gender Fluid', 'kbridgeman2v', 'kbridgeman2v@indiegogo.com', 'XI51wcsw', '3219791047', '', '1996-04-25', '2022-01-24', '2021-05-13', 0, 'fermentum', 1),
(105, 'Mateo Roocroft', 'Gender Variant', 'mroocroft2w', 'mroocroft2w@163.com', 'dhpujtqhcSkM', '5896249750', '', '2012-05-01', '2021-05-25', '2021-07-28', 2, 'ut', 3),
(106, 'Carlina Rosterne', 'Intersex', 'crosterne2x', 'crosterne2x@edublogs.org', 'si5hQK', '8963167611', '', '2009-07-22', '2021-12-01', '2021-08-06', 1, 'congue diam', 1),
(107, 'Alyce Stockau', 'Transsexual Female', 'astockau2y', 'astockau2y@yolasite.com', 'GO8syI8Tl', '2741065315', '', '2010-10-18', '2021-03-29', '2021-10-29', 2, 'ac', 2),
(108, 'Alaster Neilly', 'Transsexual', 'aneilly2z', 'aneilly2z@is.gd', 'E9sUxbG', '9665216452', '', '2007-03-06', '2021-08-03', '2021-09-15', 2, 'etiam faucibus', 3),
(109, 'Shelli Cota', 'Transgender Male', 'scota30', 'scota30@hud.gov', 'jTwb39bkMn', '5341212300', '', '1997-04-11', '2021-12-04', '2021-05-01', 0, 'in porttitor', 3),
(110, 'Charlotta Candey', 'Two-Spirit', 'ccandey31', 'ccandey31@fda.gov', 'FQbdb3nWgl', '3092752441', '', '2015-04-13', '2021-02-28', '2021-12-02', 1, 'at diam', 3),
(111, 'Francisca Plan', 'Transsexual Female', 'fplan32', 'fplan32@prlog.org', 'TC4i36e3', '6462706940', '', '2017-02-01', '2021-06-01', '2021-03-02', 1, 'sed tincidunt', 3),
(112, 'Friederike Pickersail', 'Gender Questioning', 'fpickersail33', 'fpickersail33@list-manage.com', 'k7QaoXZ04j', '7475208153', '', '2013-11-07', '2021-10-17', '2021-08-21', 2, 'pede ac', 3),
(113, 'Susie Magrannell', 'Cis Female', 'smagrannell34', 'smagrannell34@ask.com', 'p0pSGj', '2838226145', '', '1997-02-28', '2021-10-15', '2021-07-18', 0, 'habitasse platea', 3),
(114, 'Brew Overstone', 'Cis', 'boverstone35', 'boverstone35@sun.com', '2uIQlxKVTdeV', '5969645848', '', '2009-05-24', '2021-07-04', '2021-06-17', 2, 'mauris', 2),
(115, 'Westley Ciciari', 'Transgender Male', 'wciciari36', 'wciciari36@fema.gov', 'mi0vc7J', '5658787088', '', '2009-12-09', '2021-07-09', '2021-10-01', 1, 'fusce', 3),
(116, 'Kingsley Clemmett', 'Gender Questioning', 'kclemmett37', 'kclemmett37@umn.edu', 'QJwk5D0hyq', '4124556399', '', '1999-03-29', '2021-12-01', '2022-01-07', 0, 'enim', 3),
(117, 'Wrennie Tal', 'Genderqueer', 'wtal38', 'wtal38@craigslist.org', 'fTK9h7qb', '4476935666', '', '2008-02-23', '2021-03-24', '2022-02-05', 1, 'at', 2),
(118, 'Fayth Branscombe', 'Pangender', 'fbranscombe39', 'fbranscombe39@foxnews.com', 'rHcNcHI', '5649465866', '', '2020-09-19', '2021-03-19', '2021-10-20', 1, 'lobortis ligula', 2),
(119, 'Ollie Southway', 'Transsexual Woman', 'osouthway3a', 'osouthway3a@seesaa.net', 'rIR8Am', '5987983109', '', '1999-01-12', '2021-08-26', '2022-01-10', 2, 'duis', 1),
(120, 'Ealasaid Turbefield', 'Bigender', 'eturbefield3b', 'eturbefield3b@twitter.com', 't3Fr6c', '9513292407', '', '2014-12-30', '2021-12-05', '2021-09-10', 2, 'felis donec', 3),
(121, 'Tristan Nockolds', 'Trans Male', 'tnockolds3c', 'tnockolds3c@wikispaces.com', 'r1eoOUsb94M', '8135673724', '', '2014-09-01', '2021-12-10', '2021-09-24', 2, 'suscipit a', 3),
(122, 'Berna Slimm', 'Transsexual Female', 'bslimm3d', 'bslimm3d@blogtalkradio.com', 'kwHKbHzPcf', '6601738466', '', '2019-10-13', '2021-10-28', '2021-04-17', 0, 'odio', 3),
(123, 'Morgan Clapston', 'Transsexual Man', 'mclapston3e', 'mclapston3e@storify.com', 'Wcqxv2Tnt', '2167125850', '', '2013-07-11', '2021-11-26', '2021-09-09', 0, 'mauris enim', 2),
(124, 'Shana McGivena', 'Transsexual Person', 'smcgivena3f', 'smcgivena3f@de.vu', 'jZTcdkT', '8958086341', '', '1998-09-06', '2021-07-20', '2021-06-16', 0, 'in faucibus', 1),
(125, 'Ronalda Grinsted', 'Trans Male', 'rgrinsted3g', 'rgrinsted3g@nhs.uk', 'qvdDwzCfvBoM', '3985656255', '', '1997-12-03', '2021-08-08', '2021-04-10', 2, 'viverra eget', 1),
(126, 'Merrilee Fermer', 'Gender Questioning', 'mfermer3h', 'mfermer3h@archive.org', 'q2ERgIi', '3392080371', '', '2019-08-26', '2021-04-07', '2021-12-18', 1, 'quis orci', 2),
(127, 'Niles Swateridge', 'Trans Person', 'nswateridge3i', 'nswateridge3i@gizmodo.com', 'fZsjS0JRZof', '4922407763', '', '2002-05-08', '2021-09-27', '2021-06-09', 0, 'in', 2),
(128, 'Roch Costerd', 'Genderqueer', 'rcosterd3j', 'rcosterd3j@businesswire.com', 'rwBxdPrQre', '8715835697', '', '2017-06-18', '2021-09-25', '2021-08-27', 0, 'molestie', 2),
(129, 'Siobhan Crispin', 'Transgender', 'scrispin3k', 'scrispin3k@usa.gov', 'BCa3a1EIvv', '2894050340', '', '1995-02-20', '2021-05-23', '2022-02-14', 2, 'sapien in', 3),
(130, 'Crystal Olivelli', 'FTM', 'colivelli3l', 'colivelli3l@sciencedirect.com', 'ayUcvI8Plyy', '1282807528', '', '2000-06-03', '2022-02-07', '2021-05-05', 1, 'varius integer', 1),
(131, 'Lenna Sweeney', 'Transsexual Person', 'lsweeney3m', 'lsweeney3m@cbslocal.com', 'FWE3Xo9Rx8O', '2025429980', '', '2012-09-21', '2022-01-30', '2021-05-31', 1, 'odio curabitur', 3),
(132, 'Luciana Denisovo', 'Neither', 'ldenisovo3n', 'ldenisovo3n@t.co', 'TrNhaFiBsAFp', '6367053042', '', '2005-12-03', '2021-11-13', '2021-11-17', 2, 'morbi porttitor', 2),
(133, 'Joanie Episcopio', 'Cisgender Man', 'jepiscopio3o', 'jepiscopio3o@biblegateway.com', 'eaQNJxsqRm', '7001009234', '', '2002-10-13', '2021-11-29', '2021-10-18', 0, 'donec', 2),
(134, 'Mel Hebble', 'Trans Woman', 'mhebble3p', 'mhebble3p@google.it', 'CgKU1FmrB', '7321949050', '', '2003-06-21', '2021-07-09', '2021-05-01', 0, 'sapien', 3),
(135, 'Elonore Jahns', 'Intersex', 'ejahns3q', 'ejahns3q@smh.com.au', 'l4EySz', '2681540229', '', '2007-04-07', '2021-11-12', '2021-12-23', 1, 'aliquam', 3),
(136, 'Loleta Buckbee', 'Transgender Female', 'lbuckbee3r', 'lbuckbee3r@japanpost.jp', 'aD1Dz4m9eGfx', '2871655615', '', '2011-05-31', '2022-02-07', '2021-10-03', 1, 'platea dictumst', 2),
(137, 'Wake Twell', 'Transgender Person', 'wtwell3s', 'wtwell3s@tmall.com', 'uAFzIMKx', '1332751846', '', '2020-12-12', '2021-10-31', '2021-05-03', 0, 'hac habitasse', 3),
(138, 'Ban Sesons', 'Female to Male', 'bsesons3t', 'bsesons3t@who.int', 'WJRgcMfRWX', '3609403266', '', '1993-08-27', '2021-12-01', '2021-10-01', 2, 'sit', 1),
(139, 'Rhody Felstead', 'Transsexual Person', 'rfelstead3u', 'rfelstead3u@dell.com', 'VgN1GwgJMNux', '4669188169', '', '1998-04-20', '2021-04-13', '2021-11-17', 0, 'felis donec', 3),
(140, 'Ericha Haitlie', 'Gender Fluid', 'ehaitlie3v', 'ehaitlie3v@europa.eu', 'Edbfz3QYb', '9245057885', '', '2006-10-03', '2021-05-19', '2021-07-10', 2, 'elit', 2),
(141, 'Jordon Tomes', 'Transsexual', 'jtomes3w', 'jtomes3w@soundcloud.com', '1MaIWVxj', '9558437468', '', '2021-03-06', '2021-08-03', '2021-08-13', 0, 'nec sem', 1),
(142, 'Edsel Matthews', 'Transgender Female', 'ematthews3x', 'ematthews3x@shinystat.com', 'DZN0ag2vE', '5274827771', '', '2014-12-09', '2021-12-19', '2021-08-15', 0, 'porttitor', 3),
(143, 'Julee Westrip', 'Non-binary', 'jwestrip3y', 'jwestrip3y@privacy.gov.au', 'Opng0UFC', '3586702127', '', '2011-10-31', '2021-11-03', '2021-07-11', 2, 'laoreet', 2),
(144, 'Cazzie Lorincz', 'Transgender Man', 'clorincz3z', 'clorincz3z@oaic.gov.au', 'keN64W5SK', '3032640208', '', '2017-12-09', '2021-07-22', '2021-12-12', 2, 'luctus et', 3),
(145, 'Hobey Yaknov', 'Trans Female', 'hyaknov40', 'hyaknov40@studiopress.com', '1K7Hle', '7836313958', '', '2010-12-12', '2021-11-09', '2021-05-14', 1, 'erat', 1),
(146, 'Malina Carlyle', 'Trans Man', 'mcarlyle41', 'mcarlyle41@elegantthemes.com', 'n7R0aKUp', '1433341401', '', '2014-12-21', '2021-10-29', '2021-09-19', 2, 'ut nunc', 1),
(147, 'Richard Pohlke', 'Gender Questioning', 'rpohlke42', 'rpohlke42@rakuten.co.jp', 'huEZkXPI', '9342177860', '', '2011-02-05', '2021-10-28', '2021-06-19', 2, 'nisi', 2),
(148, 'Ivor Petticrow', 'Bigender', 'ipetticrow43', 'ipetticrow43@epa.gov', 'v5cS2cxER', '1939613261', '', '2019-10-18', '2021-07-13', '2021-06-24', 0, 'aliquet', 2),
(149, 'Isiahi Stapele', 'Female to Male', 'istapele44', 'istapele44@aboutads.info', 'NtRr7Q3a9gl', '6794871529', '', '1994-12-07', '2021-07-02', '2021-02-23', 1, 'nunc', 1),
(150, 'Matilde Haylock', 'Androgynous', 'mhaylock45', 'mhaylock45@artisteer.com', 'emi7aMew', '4854272870', '', '2013-11-25', '2022-01-21', '2021-09-22', 1, 'convallis', 1),
(151, 'Chrisy Klimentyonok', 'Cisgender Man', 'cklimentyonok46', 'cklimentyonok46@list-manage.com', 'FFBUUoyveU9R', '1597994626', '', '2004-12-25', '2021-10-30', '2021-12-10', 0, 'erat', 1),
(152, 'Carlin McLardie', 'Trans Person', 'cmclardie47', 'cmclardie47@photobucket.com', 'y6Br4X0j', '2257491104', '', '1995-05-02', '2021-03-22', '2021-08-25', 2, 'posuere cubilia', 1),
(153, 'Shirl Englefield', 'Transsexual', 'senglefield48', 'senglefield48@chronoengine.com', 'hX6jR1h', '3947235503', '', '2017-01-20', '2022-01-03', '2021-04-19', 1, 'congue diam', 1),
(154, 'Dian Beavon', 'Agender', 'dbeavon49', 'dbeavon49@dmoz.org', 'WJW5Pb', '3065109745', '', '2003-08-11', '2021-09-05', '2022-02-15', 2, 'in quam', 1),
(155, 'Judah Fanner', 'Androgynous', 'jfanner4a', 'jfanner4a@histats.com', 'MfnEsCt', '4013264704', '', '1996-06-15', '2021-10-12', '2021-07-26', 0, 'interdum', 3),
(156, 'Averill Ead', 'Bigender', 'aead4b', 'aead4b@utexas.edu', 'pqZq22', '5235093712', '', '2007-10-29', '2021-02-19', '2021-04-23', 0, 'congue diam', 1),
(157, 'Marguerite Baron', 'Transfeminine', 'mbaron4c', 'mbaron4c@bigcartel.com', 'f0zZnngr5fNh', '3263003929', '', '2018-05-25', '2022-02-15', '2021-04-20', 2, 'at', 1),
(158, 'Cesare Wallen', 'Non-binary', 'cwallen4d', 'cwallen4d@addtoany.com', 'EZsXQyc', '6919072753', '', '2016-06-14', '2021-02-21', '2021-07-13', 1, 'quisque', 1),
(159, 'Trudi MacAne', 'Transsexual', 'tmacane4e', 'tmacane4e@wikia.com', 'uNRDyif', '8685164249', '', '2000-07-10', '2021-06-29', '2021-08-15', 0, 'odio', 3),
(160, 'Dietrich Seiler', 'Cis Male', 'dseiler4f', 'dseiler4f@seattletimes.com', 'TPIExais', '1499255397', '', '2004-02-17', '2021-12-16', '2021-10-06', 0, 'ridiculus', 1),
(161, 'Carrie Potteril', 'Bigender', 'cpotteril4g', 'cpotteril4g@deviantart.com', 'cLMS3kVW30', '1081323226', '', '2004-07-11', '2021-02-24', '2021-10-09', 1, 'ligula sit', 1),
(162, 'Dedra Humbles', 'Cis Woman', 'dhumbles4h', 'dhumbles4h@npr.org', 'eTSEG3', '2851679797', '', '2001-11-17', '2021-05-03', '2021-06-12', 0, 'non', 3),
(163, 'Alaric Feldmark', 'Cis', 'afeldmark4i', 'afeldmark4i@ebay.co.uk', '1H9Po0G', '4378432472', '', '1999-04-24', '2021-06-04', '2021-11-04', 2, 'lorem', 1),
(164, 'Glenn Lammie', 'Neither', 'glammie4j', 'glammie4j@bloomberg.com', 'Xsri84NbdEY', '5594642465', '', '2016-12-28', '2021-12-14', '2021-05-13', 2, 'leo', 3),
(165, 'Artemis Wetherhead', 'Transgender Male', 'awetherhead4k', 'awetherhead4k@paypal.com', 'dVUSzDYRV6', '8099042292', '', '2005-10-28', '2021-06-19', '2021-03-31', 0, 'morbi', 3),
(166, 'Hal Collingworth', 'Gender Nonconforming', 'hcollingworth4l', 'hcollingworth4l@theatlantic.com', 'zeYLCjNoG', '7807439971', '', '2010-03-08', '2022-01-02', '2021-07-17', 0, 'a pede', 2),
(167, 'Brien Aartsen', 'Transgender', 'baartsen4m', 'baartsen4m@ucoz.com', 'eFD1ss', '9776770675', '', '2008-04-22', '2021-09-02', '2021-12-03', 2, 'ipsum aliquam', 2),
(168, 'Roda McPhillimey', 'MTF', 'rmcphillimey4n', 'rmcphillimey4n@goodreads.com', 'VyYqyKyq', '7836245776', '', '1997-10-11', '2021-08-14', '2021-08-09', 1, 'morbi sem', 3),
(169, 'Thorsten Dickon', 'Transsexual Person', 'tdickon4o', 'tdickon4o@omniture.com', 'KYUs3wF7', '5886117349', '', '2016-06-16', '2022-01-21', '2021-04-18', 2, 'proin', 1),
(170, 'Wilbert Yashin', 'Female to Male', 'wyashin4p', 'wyashin4p@sbwire.com', 'QAWdElcwyZ', '1961605964', '', '2009-08-06', '2021-07-14', '2021-11-27', 0, 'sit amet', 3),
(171, 'Boycey Rubert', 'Cis', 'brubert4q', 'brubert4q@bbb.org', 'zXWTDScCS', '7362779729', '', '2020-06-02', '2021-11-30', '2022-01-25', 1, 'pretium quis', 2),
(172, 'Nathalie Frounks', 'Androgyne', 'nfrounks4r', 'nfrounks4r@fotki.com', '620BaPbm', '1439955935', '', '2012-04-13', '2021-10-06', '2022-01-02', 2, 'mus', 3),
(173, 'Joan Abels', 'Agender', 'jabels4s', 'jabels4s@zdnet.com', 'eoQKGAzhv0', '7775596984', '', '2006-04-14', '2021-07-04', '2022-01-23', 2, 'quam', 1),
(174, 'Natty Palmer', 'Neither', 'npalmer4t', 'npalmer4t@moonfruit.com', 'abGm25Tiwi', '7112910855', '', '2020-03-11', '2021-10-25', '2021-11-15', 0, 'aliquam', 2),
(175, 'Ferguson Thirwell', 'Transsexual', 'fthirwell4u', 'fthirwell4u@xing.com', 'BeVc8XwHiwpo', '6803322295', '', '2004-09-28', '2021-10-02', '2021-12-03', 0, 'ut', 2),
(176, 'Tina Tweedle', 'Transgender Female', 'ttweedle4v', 'ttweedle4v@reverbnation.com', 'wFT2VSD', '1255361547', '', '2000-11-04', '2022-01-24', '2022-02-15', 2, 'duis bibendum', 2),
(177, 'Bourke Bielfeldt', 'Neutrois', 'bbielfeldt4w', 'bbielfeldt4w@blogtalkradio.com', 'IpecOKi', '3882097177', '', '2020-05-14', '2021-08-17', '2021-11-16', 1, 'sapien', 1),
(178, 'Bald Habgood', 'Gender Variant', 'bhabgood4x', 'bhabgood4x@etsy.com', 'fDLcEcU', '7099955544', '', '2021-12-06', '2021-04-13', '2021-12-14', 2, 'volutpat sapien', 1),
(179, 'Analise Legging', 'Neutrois', 'alegging4y', 'alegging4y@zimbio.com', 'NoNxuGh', '2469466128', '', '1995-07-06', '2021-07-26', '2021-08-21', 1, 'aliquam', 2),
(180, 'Hi Petrasch', 'Intersex', 'hpetrasch4z', 'hpetrasch4z@wufoo.com', 'R0TuzqrH', '9228858399', '', '2021-04-14', '2022-01-08', '2021-04-01', 1, 'at nulla', 2),
(181, 'Nola Dunster', 'Gender Fluid', 'ndunster50', 'ndunster50@jugem.jp', 'Pyh0fmhG', '1196487266', '', '2003-09-17', '2021-04-18', '2021-11-26', 2, 'turpis', 3),
(182, 'Glenden Heathfield', 'Cisgender Female', 'gheathfield51', 'gheathfield51@nbcnews.com', 'XqRqQdaikC', '6714091636', '', '1998-11-19', '2021-09-07', '2021-03-27', 0, 'duis bibendum', 2),
(183, 'Fiona Loker', 'Agender', 'floker52', 'floker52@hatena.ne.jp', '6xHGMKam', '3327856719', '', '2009-08-04', '2022-02-07', '2021-03-24', 0, 'dapibus', 3),
(184, 'Godfrey Tyght', 'Bigender', 'gtyght53', 'gtyght53@bandcamp.com', '8QnzSA', '3712301753', '', '1994-11-10', '2021-10-11', '2022-01-24', 1, 'ornare consequat', 1),
(185, 'Rowland O\'Lennane', 'Cis Male', 'rolennane54', 'rolennane54@howstuffworks.com', 'xAbkC4', '2001529563', '', '1997-04-11', '2021-03-18', '2022-01-11', 0, 'hac habitasse', 3),
(186, 'Lilllie Woodhead', 'Trans Female', 'lwoodhead55', 'lwoodhead55@youtu.be', 'dc9MgPO1i3', '8922276406', '', '1997-05-10', '2021-02-20', '2021-06-21', 1, 'erat', 3),
(187, 'Sigismundo Gasgarth', 'Two-Spirit', 'sgasgarth56', 'sgasgarth56@phpbb.com', 'ENEAaAyeou0', '6056605095', '', '2006-11-09', '2021-10-11', '2021-03-05', 0, 'pulvinar lobortis', 1),
(188, 'Hartley Tudhope', 'Cisgender Man', 'htudhope57', 'htudhope57@cyberchimps.com', '5XggSUK2', '7061086289', '', '2013-04-10', '2021-03-12', '2021-03-19', 0, 'amet', 1),
(189, 'Greg Buxton', 'FTM', 'gbuxton58', 'gbuxton58@prlog.org', 'PmiX5o71RVZy', '6549181467', '', '2011-05-02', '2021-10-23', '2022-02-10', 0, 'ac consequat', 2),
(190, 'Mathilda Mathie', 'Cis Woman', 'mmathie59', 'mmathie59@kickstarter.com', 'f1rXcGL4fIV', '9962501738', '', '2006-05-25', '2021-08-15', '2022-01-24', 0, 'vulputate vitae', 3),
(191, 'Jarid Garnsworthy', 'Trans Male', 'jgarnsworthy5a', 'jgarnsworthy5a@geocities.jp', 'lEw4g5lGm', '7909222841', '', '2020-01-10', '2021-03-16', '2021-05-22', 1, 'turpis', 1),
(192, 'Gay St. Quentin', 'Transsexual Man', 'gst5b', 'gst5b@sakura.ne.jp', 'mPZeq0GIk8', '8242153389', '', '2004-07-31', '2021-03-14', '2021-04-30', 2, 'cubilia', 1),
(193, 'Murial Bultitude', 'Transsexual Woman', 'mbultitude5c', 'mbultitude5c@de.vu', 'gYNtDMQRVI', '1936039175', '', '2002-10-18', '2021-08-02', '2021-04-21', 2, 'ultrices', 1),
(194, 'Ambrose Stillert', 'Pangender', 'astillert5d', 'astillert5d@ox.ac.uk', '3fed3n', '9608084173', '', '1994-06-19', '2021-08-25', '2021-12-04', 0, 'amet cursus', 2),
(195, 'Fairlie Annand', 'Intersex', 'fannand5e', 'fannand5e@mail.ru', 'dYcdPnRwegDS', '5822336843', '', '1997-04-13', '2021-04-28', '2021-03-04', 1, 'nisi', 2),
(196, 'Sergei Crudgington', 'Neither', 'scrudgington5f', 'scrudgington5f@networkadvertising.org', 'U8sSHXogaX', '7832379373', '', '2003-01-17', '2021-09-09', '2021-10-26', 0, 'venenatis', 3),
(197, 'Dane Abate', 'Other', 'dabate5g', 'dabate5g@hibu.com', 'r3GrRqnGTBu', '3402821713', '', '2010-09-23', '2021-08-07', '2021-03-01', 2, 'nec', 2),
(198, 'Blayne Bramstom', 'Intersex', 'bbramstom5h', 'bbramstom5h@toplist.cz', 'bdQ2bRIrEZ', '8825746755', '', '2010-10-04', '2021-10-07', '2021-02-25', 1, 'pellentesque', 2),
(199, 'Cornelius Froom', 'Transgender Woman', 'cfroom5i', 'cfroom5i@blogs.com', 'GMlbOZQS0EWE', '1067396316', '', '2016-05-09', '2021-06-15', '2021-10-25', 2, 'a feugiat', 1),
(200, 'Marylin Carillo', 'Transsexual Man', 'mcarillo5j', 'mcarillo5j@kickstarter.com', 'uUTGWB7xf', '5378547591', '', '2018-11-25', '2021-05-08', '2021-05-10', 0, 'erat id', 1),
(201, 'Philbert Pedel', 'Transsexual Person', 'ppedel5k', 'ppedel5k@drupal.org', 'VnOXqbKd8utM', '9987099516', '', '2006-11-18', '2021-09-30', '2021-11-19', 0, 'duis', 3),
(202, 'Kandace Tregonna', 'Transsexual Female', 'ktregonna5l', 'ktregonna5l@reference.com', 'SvImHi', '4224561798', '', '2007-05-08', '2021-12-25', '2021-07-25', 1, 'convallis', 3),
(203, 'Bryna Lusher', 'Trans Male', 'blusher5m', 'blusher5m@hhs.gov', 'R1hl1m', '1504181275', '', '1994-01-31', '2022-01-28', '2021-03-30', 1, 'nisi venenatis', 3),
(204, 'Benedicta Balogun', 'Gender Questioning', 'bbalogun5n', 'bbalogun5n@123-reg.co.uk', '4NvjSj7l6q', '2844272434', '', '2012-09-15', '2021-11-19', '2021-09-13', 2, 'dui', 2),
(205, 'Aarika Cleve', 'Genderqueer', 'acleve5o', 'acleve5o@hhs.gov', 'souVPm0w', '2508472503', '', '2007-09-04', '2021-12-29', '2021-05-28', 2, 'morbi', 1),
(206, 'Celisse Kibbee', 'Transgender Female', 'ckibbee5p', 'ckibbee5p@phoca.cz', 'fzHbkKs', '7703047985', '', '2021-01-25', '2021-09-07', '2021-11-06', 0, 'vel', 1),
(207, 'Romola Birkwood', 'Trans', 'rbirkwood5q', 'rbirkwood5q@istockphoto.com', 'TeuRlLKCzg', '1944128861', '', '2009-09-30', '2021-08-01', '2021-12-13', 1, 'bibendum morbi', 2),
(208, 'Reinaldos Cornilleau', 'Female to Male', 'rcornilleau5r', 'rcornilleau5r@addtoany.com', 'jlDhAjGi31C', '6799422514', '', '2018-08-16', '2021-09-06', '2021-08-15', 2, 'dictumst', 1),
(209, 'Bird Duxfield', 'Androgyne', 'bduxfield5s', 'bduxfield5s@amazonaws.com', 'VFHVJ4ANyg', '8847187275', '', '2011-06-19', '2021-11-05', '2021-10-12', 1, 'dapibus', 3),
(210, 'Luther Dawe', 'Transsexual Woman', 'ldawe5t', 'ldawe5t@thetimes.co.uk', 'hmGYJ17kH4', '8696102800', '', '2001-05-05', '2021-07-18', '2021-06-12', 1, 'justo lacinia', 2),
(211, 'Ashlan Hargess', 'Non-binary', 'ahargess5u', 'ahargess5u@mozilla.com', 'HeS7SqcKSpDG', '4269874551', '', '2017-03-06', '2022-01-08', '2021-03-30', 2, 'dapibus', 2),
(212, 'Leopold McCrachen', 'Trans Male', 'lmccrachen5v', 'lmccrachen5v@apple.com', '6dkyxwzLW', '3016986968', '', '1999-05-21', '2021-06-03', '2021-07-09', 0, 'proin', 3),
(213, 'Terza Padgett', 'Cisgender Female', 'tpadgett5w', 'tpadgett5w@statcounter.com', 'HYBrp5O0jx7W', '8761585235', '', '2019-07-16', '2021-09-18', '2021-04-20', 0, 'id', 3),
(214, 'Gabey Coppledike', 'Cisgender Male', 'gcoppledike5x', 'gcoppledike5x@ibm.com', 'ybP7tR', '1025105608', '', '2016-08-05', '2021-11-30', '2021-04-27', 1, 'pulvinar', 3),
(215, 'Vern Tuckwell', 'Androgynous', 'vtuckwell5y', 'vtuckwell5y@mysql.com', 'sxdWT4acKe', '9231000552', '', '1998-07-31', '2021-06-05', '2021-10-22', 1, 'pede libero', 2),
(216, 'Bernadina Batterbee', 'Gender Variant', 'bbatterbee5z', 'bbatterbee5z@unesco.org', '4pujB2z', '4928853671', '', '2002-01-24', '2021-10-29', '2021-08-02', 2, 'non quam', 2),
(217, 'Gisele Challes', 'Male to Female', 'gchalles60', 'gchalles60@newyorker.com', 'fGaojq', '9613922110', '', '1999-09-19', '2021-05-19', '2021-06-12', 1, 'at dolor', 3),
(218, 'Keely Whiteoak', 'Cis Woman', 'kwhiteoak61', 'kwhiteoak61@yandex.ru', 'xmDpRCs', '1072505171', '', '2001-04-06', '2022-01-20', '2021-09-20', 0, 'amet', 1),
(219, 'Lavena Claw', 'Transsexual', 'lclaw62', 'lclaw62@ycombinator.com', 'xTQtl3', '1209060377', '', '2016-12-21', '2022-02-11', '2021-02-28', 2, 'convallis eget', 3),
(220, 'Lesley Ugolini', 'Cis', 'lugolini63', 'lugolini63@spotify.com', 'sherPXC5SJo', '7483307047', '', '2013-12-14', '2022-01-27', '2021-10-31', 0, 'tellus', 1),
(221, 'Hanna Satteford', 'Cis Man', 'hsatteford64', 'hsatteford64@goo.gl', 'PLI4v4', '4918266419', '', '2012-03-03', '2022-02-10', '2021-04-01', 2, 'id ligula', 1),
(222, 'Lonnard Pepys', 'Transsexual Person', 'lpepys65', 'lpepys65@sourceforge.net', 'EnmW61b0', '9436630293', '', '2016-02-28', '2021-09-27', '2021-05-02', 0, 'sapien', 1),
(223, 'Herminia Daud', 'Genderqueer', 'hdaud66', 'hdaud66@cloudflare.com', '0ixR3MPzPdhR', '2702146456', '', '1998-04-06', '2022-01-19', '2021-11-29', 1, 'mi', 1),
(224, 'Marve Shutt', 'Trans', 'mshutt67', 'mshutt67@slideshare.net', 'SBE20zbnMfZQ', '8207698977', '', '2014-10-26', '2021-05-12', '2021-03-20', 1, 'libero ut', 1),
(225, 'Gennifer Stowe', 'Transgender Male', 'gstowe68', 'gstowe68@moonfruit.com', 'BWUKO3D', '4195748888', '', '2014-10-23', '2021-04-12', '2021-07-24', 0, 'tempor', 3),
(226, 'Leese Stoves', 'Cis Male', 'lstoves69', 'lstoves69@wisc.edu', 'NIjhAdVe2K', '5868278725', '', '1994-09-02', '2022-01-29', '2022-01-17', 2, 'ante ipsum', 2),
(227, 'Annora Benedek', 'Neutrois', 'abenedek6a', 'abenedek6a@diigo.com', 'ZPhPKRrEvu', '6002863450', '', '2011-06-09', '2022-01-13', '2021-12-14', 1, 'interdum eu', 3),
(228, 'Terence Turnock', 'Gender Nonconforming', 'tturnock6b', 'tturnock6b@umn.edu', 'zeZ6obvPs', '4342430804', '', '2010-06-08', '2021-08-06', '2021-11-25', 1, 'eu interdum', 1),
(229, 'Abelard Vondrys', 'Neither', 'avondrys6c', 'avondrys6c@flavors.me', 'BtoJvAcaqorl', '1495330881', '', '2009-08-13', '2022-01-14', '2021-06-24', 2, 'lobortis vel', 1),
(230, 'Addi Graalman', 'Neutrois', 'agraalman6d', 'agraalman6d@google.pl', 'F9FvTM', '8789380183', '', '2015-12-08', '2021-07-30', '2021-12-07', 1, 'maecenas', 2),
(231, 'Arabele Baselli', 'Trans Female', 'abaselli6e', 'abaselli6e@weather.com', 'TY6AfEJVHPN', '7427378664', '', '2013-11-29', '2021-07-25', '2021-07-21', 0, 'vel', 3),
(232, 'Georgina Hydes', 'Trans Woman', 'ghydes6f', 'ghydes6f@nhs.uk', 'CJnTnV7H', '6884203786', '', '2008-06-17', '2021-05-24', '2022-02-09', 1, 'fusce', 3),
(233, 'Odele Gillease', 'Cisgender Man', 'ogillease6g', 'ogillease6g@reference.com', 'EmT2DXO', '9781619369', '', '2002-07-10', '2021-07-20', '2021-07-13', 2, 'lacinia', 3),
(234, 'Michael Earngy', 'Cisgender Woman', 'mearngy6h', 'mearngy6h@oracle.com', 'XyyrbbplU', '9472628458', '', '1994-02-14', '2021-03-17', '2022-01-28', 0, 'praesent', 3),
(235, 'Allister Robbey', 'Trans Woman', 'arobbey6i', 'arobbey6i@linkedin.com', 'M8KxCd', '2382941270', '', '2021-08-30', '2022-01-26', '2021-07-13', 2, 'quam turpis', 1),
(236, 'Minnie Danilovitch', 'Transgender Person', 'mdanilovitch6j', 'mdanilovitch6j@guardian.co.uk', 'ROeEeN6Z', '8528834478', '', '2011-07-01', '2021-05-23', '2021-06-26', 0, 'neque aenean', 3),
(237, 'Gaby Beert', 'Transmasculine', 'gbeert6k', 'gbeert6k@va.gov', 'FrYzKYj', '7695550313', '', '2019-07-24', '2021-03-07', '2021-06-13', 1, 'cum sociis', 1),
(238, 'Sophia Findlater', 'Bigender', 'sfindlater6l', 'sfindlater6l@twitter.com', '3xju84', '1002150040', '', '1998-01-12', '2021-08-29', '2021-12-31', 0, 'erat', 1),
(239, 'Bria How', 'Female to Male', 'bhow6m', 'bhow6m@feedburner.com', 'tHRes6cA', '8348229274', '', '2002-04-09', '2021-10-18', '2021-06-11', 1, 'praesent blandit', 1),
(240, 'Jenny Colliard', 'Cis', 'jcolliard6n', 'jcolliard6n@usatoday.com', 'rKQv7ORTqP0L', '1707931129', '', '1996-06-23', '2022-02-12', '2021-06-03', 1, 'pellentesque quisque', 3),
(241, 'Helsa Feary', 'Gender Variant', 'hfeary6o', 'hfeary6o@php.net', 'PTMYDzL', '4914427724', '', '2021-03-30', '2021-11-27', '2021-11-16', 1, 'dolor', 2),
(242, 'Ysabel Wildes', 'Non-binary', 'ywildes6p', 'ywildes6p@twitter.com', 'Yp48pmHWltvB', '5018927545', '', '2009-06-29', '2021-04-11', '2021-06-26', 1, 'id justo', 2),
(243, 'Deny Saldler', 'Trans Female', 'dsaldler6q', 'dsaldler6q@youtube.com', '0lT3l5A', '8717411232', '', '2017-07-12', '2021-03-10', '2021-07-18', 2, 'rhoncus', 1),
(244, 'Syd Saintsbury', 'Transgender Person', 'ssaintsbury6r', 'ssaintsbury6r@bing.com', 'R8rchALes', '1292963859', '', '1995-01-03', '2021-12-17', '2021-06-16', 1, 'risus', 2),
(245, 'Datha Bourgour', 'Transsexual', 'dbourgour6s', 'dbourgour6s@51.la', 'T6CbISJ', '6992717832', '', '2019-05-06', '2021-07-13', '2021-07-25', 2, 'ullamcorper', 3),
(246, 'Rhys Jaffra', 'Transgender Female', 'rjaffra6t', 'rjaffra6t@ft.com', 'S3mGBg', '5579158744', '', '2013-08-27', '2021-12-11', '2021-03-19', 0, 'luctus', 3),
(247, 'Erin MacKnocker', 'Transsexual Woman', 'emacknocker6u', 'emacknocker6u@sbwire.com', '9gF4J6XZC', '9932054025', '', '1998-08-01', '2021-06-24', '2021-03-05', 0, 'non', 1),
(248, 'Raine Tallman', 'Gender Fluid', 'rtallman6v', 'rtallman6v@dailymotion.com', '2jvV39g6J1', '3498680101', '', '2010-01-25', '2021-11-28', '2021-05-12', 1, 'quis', 1),
(249, 'Waneta Jephcote', 'Gender Nonconforming', 'wjephcote6w', 'wjephcote6w@edublogs.org', '7J38BNoNbcg', '9393242532', '', '2007-07-18', '2021-06-07', '2022-01-04', 1, 'sit', 1),
(250, 'Victoria Le Merchant', 'Transsexual', 'vle6x', 'vle6x@va.gov', 'b5vZajWsqt', '6911364154', '', '1995-02-01', '2021-07-18', '2021-10-29', 1, 'sagittis sapien', 3);

-- --------------------------------------------------------

--
-- Table structure for table `user_status`
--

DROP TABLE IF EXISTS `user_status`;
CREATE TABLE `user_status` (
  `id` int(11) NOT NULL,
  `name` varchar(50) DEFAULT NULL,
  `descp` varchar(50) DEFAULT NULL,
  `created_at` date DEFAULT NULL
) ENGINE=InnoDB DEFAULT CHARSET=utf8mb4;

--
-- Dumping data for table `user_status`
--

INSERT INTO `user_status` (`id`, `name`, `descp`, `created_at`) VALUES
(1, 'ban', '禁用', '2022-02-17'),
(2, 'active', '啟用', '2022-02-17'),
(3, 'delete', '刪除', '2022-02-17');

--
-- Indexes for dumped tables
--

--
-- Indexes for table `cart`
--
ALTER TABLE `cart`
  ADD PRIMARY KEY (`id`);

--
-- Indexes for table `discount`
--
ALTER TABLE `discount`
  ADD PRIMARY KEY (`id`);

--
-- Indexes for table `discount_ticket`
--
ALTER TABLE `discount_ticket`
  ADD PRIMARY KEY (`id`);

--
-- Indexes for table `download`
--
ALTER TABLE `download`
  ADD PRIMARY KEY (`id`);

--
-- Indexes for table `favorites`
--
ALTER TABLE `favorites`
  ADD PRIMARY KEY (`id`);

--
-- Indexes for table `orders`
--
ALTER TABLE `orders`
  ADD PRIMARY KEY (`id`);

--
-- Indexes for table `order_detail`
--
ALTER TABLE `order_detail`
  ADD PRIMARY KEY (`id`);

--
-- Indexes for table `order_status`
--
ALTER TABLE `order_status`
  ADD PRIMARY KEY (`id`);

--
-- Indexes for table `payment_method`
--
ALTER TABLE `payment_method`
  ADD PRIMARY KEY (`id`);

--
-- Indexes for table `products`
--
ALTER TABLE `products`
  ADD PRIMARY KEY (`id`);

--
-- Indexes for table `product_series`
--
ALTER TABLE `product_series`
  ADD PRIMARY KEY (`id`);

--
-- Indexes for table `product_status`
--
ALTER TABLE `product_status`
  ADD PRIMARY KEY (`id`);

--
-- Indexes for table `product_tag`
--
ALTER TABLE `product_tag`
  ADD PRIMARY KEY (`id`);

--
-- Indexes for table `reviews`
--
ALTER TABLE `reviews`
  ADD PRIMARY KEY (`id`);

--
-- Indexes for table `review_status`
--
ALTER TABLE `review_status`
  ADD PRIMARY KEY (`id`);

--
-- Indexes for table `tag`
--
ALTER TABLE `tag`
  ADD PRIMARY KEY (`id`);

--
-- Indexes for table `users`
--
ALTER TABLE `users`
  ADD PRIMARY KEY (`id`);

--
-- Indexes for table `user_status`
--
ALTER TABLE `user_status`
  ADD PRIMARY KEY (`id`);

--
-- AUTO_INCREMENT for dumped tables
--

--
-- AUTO_INCREMENT for table `cart`
--
ALTER TABLE `cart`
  MODIFY `id` int(11) NOT NULL AUTO_INCREMENT;

--
-- AUTO_INCREMENT for table `discount`
--
ALTER TABLE `discount`
  MODIFY `id` int(11) NOT NULL AUTO_INCREMENT;

--
-- AUTO_INCREMENT for table `discount_ticket`
--
ALTER TABLE `discount_ticket`
  MODIFY `id` int(11) NOT NULL AUTO_INCREMENT;

--
-- AUTO_INCREMENT for table `download`
--
ALTER TABLE `download`
  MODIFY `id` int(11) NOT NULL AUTO_INCREMENT, AUTO_INCREMENT=251;

--
-- AUTO_INCREMENT for table `favorites`
--
ALTER TABLE `favorites`
  MODIFY `id` int(11) NOT NULL AUTO_INCREMENT, AUTO_INCREMENT=251;

--
-- AUTO_INCREMENT for table `orders`
--
ALTER TABLE `orders`
  MODIFY `id` int(11) NOT NULL AUTO_INCREMENT, AUTO_INCREMENT=251;

--
-- AUTO_INCREMENT for table `order_detail`
--
ALTER TABLE `order_detail`
  MODIFY `id` int(11) NOT NULL AUTO_INCREMENT, AUTO_INCREMENT=251;

--
-- AUTO_INCREMENT for table `order_status`
--
ALTER TABLE `order_status`
  MODIFY `id` int(11) NOT NULL AUTO_INCREMENT, AUTO_INCREMENT=7;

--
-- AUTO_INCREMENT for table `payment_method`
--
ALTER TABLE `payment_method`
  MODIFY `id` int(11) NOT NULL AUTO_INCREMENT, AUTO_INCREMENT=5;

--
-- AUTO_INCREMENT for table `products`
--
ALTER TABLE `products`
  MODIFY `id` int(11) UNSIGNED NOT NULL AUTO_INCREMENT, AUTO_INCREMENT=44;

--
-- AUTO_INCREMENT for table `product_series`
--
ALTER TABLE `product_series`
  MODIFY `id` int(11) NOT NULL AUTO_INCREMENT, AUTO_INCREMENT=7;

--
-- AUTO_INCREMENT for table `product_status`
--
ALTER TABLE `product_status`
  MODIFY `id` int(11) UNSIGNED NOT NULL AUTO_INCREMENT, AUTO_INCREMENT=6;

--
-- AUTO_INCREMENT for table `product_tag`
--
ALTER TABLE `product_tag`
  MODIFY `id` int(11) NOT NULL AUTO_INCREMENT, AUTO_INCREMENT=8;

--
-- AUTO_INCREMENT for table `reviews`
--
ALTER TABLE `reviews`
  MODIFY `id` int(11) NOT NULL AUTO_INCREMENT, AUTO_INCREMENT=251;

--
-- AUTO_INCREMENT for table `review_status`
--
ALTER TABLE `review_status`
  MODIFY `id` int(11) NOT NULL AUTO_INCREMENT, AUTO_INCREMENT=5;

--
-- AUTO_INCREMENT for table `tag`
--
ALTER TABLE `tag`
  MODIFY `id` int(11) NOT NULL AUTO_INCREMENT, AUTO_INCREMENT=5;

--
-- AUTO_INCREMENT for table `users`
--
ALTER TABLE `users`
  MODIFY `id` int(11) NOT NULL AUTO_INCREMENT, AUTO_INCREMENT=251;

--
-- AUTO_INCREMENT for table `user_status`
--
ALTER TABLE `user_status`
  MODIFY `id` int(11) NOT NULL AUTO_INCREMENT, AUTO_INCREMENT=4;
COMMIT;

/*!40101 SET CHARACTER_SET_CLIENT=@OLD_CHARACTER_SET_CLIENT */;
/*!40101 SET CHARACTER_SET_RESULTS=@OLD_CHARACTER_SET_RESULTS */;
/*!40101 SET COLLATION_CONNECTION=@OLD_COLLATION_CONNECTION */;
